sample,label,timestamp_us,delta
0,session_builder,69,25
0,OTPK_exists,136,23
1,session_builder,13433,350
1,OTPK_exists,13517,136
2,session_builder,23582,179
2,OTPK_exists,23620,94
3,session_builder,34522,180
3,OTPK_exists,34548,45
4,session_builder,47866,213
4,OTPK_exists,47898,78
5,session_builder,59830,215
5,OTPK_exists,59870,89
6,session_builder,73404,156
6,OTPK_exists,73433,32
7,session_builder,86892,143
7,OTPK_exists,86919,42
8,session_builder,97440,166
8,OTPK_exists,97476,34
9,session_builder,107541,210
9,OTPK_exists,107568,77
10,session_builder,122626,133
10,OTPK_exists,122704,102
11,session_builder,135859,354
11,OTPK_exists,135940,145
12,session_builder,147489,395
12,OTPK_exists,147577,163
13,session_builder,162679,351
13,OTPK_exists,162762,139
14,session_builder,173480,349
14,OTPK_exists,173566,140
15,session_builder,183696,179
15,OTPK_exists,183744,50
16,session_builder,193885,178
16,OTPK_exists,193931,79
17,session_builder,204095,100
17,OTPK_exists,204141,60
18,session_builder,219206,355
18,OTPK_exists,219291,149
19,session_builder,229723,245
19,OTPK_exists,229761,91
20,session_builder,244455,349
20,OTPK_exists,244536,140
21,session_builder,256939,350
21,OTPK_exists,257023,139
22,session_builder,269904,348
22,OTPK_exists,269989,139
23,session_builder,281226,354
23,OTPK_exists,281312,140
24,session_builder,296385,347
24,OTPK_exists,296469,140
25,session_builder,306937,348
25,OTPK_exists,307020,138
26,session_builder,321251,341
26,OTPK_exists,321334,136
27,session_builder,334274,481
27,OTPK_exists,334354,156
28,session_builder,347916,427
28,OTPK_exists,348014,148
29,session_builder,360862,214
29,OTPK_exists,360888,52
30,session_builder,373475,350
30,OTPK_exists,373564,141
31,session_builder,387769,344
31,OTPK_exists,387854,135
32,session_builder,397914,349
32,OTPK_exists,397983,139
33,session_builder,413054,349
33,OTPK_exists,413140,139
34,session_builder,423432,283
34,OTPK_exists,423544,109
35,session_builder,438616,358
35,OTPK_exists,438702,142
36,session_builder,452044,273
36,OTPK_exists,452134,114
37,session_builder,464373,369
37,OTPK_exists,464457,149
38,session_builder,479528,356
38,OTPK_exists,479614,146
39,session_builder,494445,268
39,OTPK_exists,494559,106
40,session_builder,506938,351
40,OTPK_exists,507022,138
41,session_builder,519221,387
41,OTPK_exists,519302,135
42,session_builder,534382,350
42,OTPK_exists,534466,139
43,session_builder,548066,366
43,OTPK_exists,548151,142
44,session_builder,563307,349
44,OTPK_exists,563392,139
45,session_builder,573481,345
45,OTPK_exists,573566,143
46,session_builder,583999,269
46,OTPK_exists,584054,105
47,session_builder,597441,448
47,OTPK_exists,597530,139
48,session_builder,611081,353
48,OTPK_exists,611163,134
49,session_builder,623456,351
49,OTPK_exists,623540,383
50,session_builder,634614,352
50,OTPK_exists,634695,135
51,session_builder,647344,358
51,OTPK_exists,647428,134
52,session_builder,662463,344
52,OTPK_exists,662564,140
53,session_builder,674392,351
53,OTPK_exists,674462,148
54,session_builder,685751,671
54,OTPK_exists,685836,133
55,session_builder,700906,350
55,OTPK_exists,700990,141
56,session_builder,711431,343
56,OTPK_exists,711513,139
57,session_builder,724291,354
57,OTPK_exists,724357,152
58,session_builder,738435,645
58,OTPK_exists,738521,142
59,session_builder,749147,578
59,OTPK_exists,749206,114
60,session_builder,762511,431
60,OTPK_exists,762598,140
61,session_builder,776443,348
61,OTPK_exists,776528,141
62,session_builder,787504,355
62,OTPK_exists,787589,142
63,session_builder,801448,371
63,OTPK_exists,801531,145
64,session_builder,814267,349
64,OTPK_exists,814352,142
65,session_builder,826667,272
65,OTPK_exists,826699,92
66,session_builder,841422,350
66,OTPK_exists,841508,139
67,session_builder,854924,571
67,OTPK_exists,855011,138
68,session_builder,869712,670
68,OTPK_exists,869786,141
69,session_builder,880451,349
69,OTPK_exists,880518,139
70,session_builder,892241,347
70,OTPK_exists,892311,136
71,session_builder,906938,351
71,OTPK_exists,907023,139
72,session_builder,917272,273
72,OTPK_exists,917321,105
73,session_builder,927732,347
73,OTPK_exists,927818,139
74,session_builder,937864,290
74,OTPK_exists,937921,74
75,session_builder,950468,299
75,OTPK_exists,950518,110
76,session_builder,960589,262
76,OTPK_exists,960641,116
77,session_builder,973497,743
77,OTPK_exists,973587,139
78,session_builder,983663,347
78,OTPK_exists,983728,142
79,session_builder,994463,273
79,OTPK_exists,994512,105
80,session_builder,1006938,349
80,OTPK_exists,1007022,137
81,session_builder,1017443,387
81,OTPK_exists,1017517,134
82,session_builder,1027928,372
82,OTPK_exists,1028004,151
83,session_builder,1042901,345
83,OTPK_exists,1042988,140
84,session_builder,1056937,349
84,OTPK_exists,1057022,139
85,session_builder,1067242,233
85,OTPK_exists,1067285,87
86,session_builder,1077419,180
86,OTPK_exists,1077465,75
87,session_builder,1092170,358
87,OTPK_exists,1092255,134
88,session_builder,1106959,344
88,OTPK_exists,1107024,134
89,session_builder,1117160,372
89,OTPK_exists,1117241,162
90,session_builder,1127663,351
90,OTPK_exists,1127744,143
91,session_builder,1138926,350
91,OTPK_exists,1139008,135
92,session_builder,1150976,460
92,OTPK_exists,1151048,158
93,session_builder,1161952,346
93,OTPK_exists,1162024,139
94,session_builder,1173434,355
94,OTPK_exists,1173513,133
95,session_builder,1184559,270
95,OTPK_exists,1184597,109
96,session_builder,1195047,346
96,OTPK_exists,1195129,141
97,session_builder,1206916,347
97,OTPK_exists,1206976,139
98,session_builder,1219232,348
98,OTPK_exists,1219317,135
99,session_builder,1234390,347
99,OTPK_exists,1234473,141
100,session_builder,1248145,699
100,OTPK_exists,1248228,138
101,session_builder,1263350,370
101,OTPK_exists,1263432,146
102,session_builder,1278539,348
102,OTPK_exists,1278611,140
103,session_builder,1290390,361
103,OTPK_exists,1290459,141
104,session_builder,1301300,345
104,OTPK_exists,1301367,142
105,session_builder,1314854,348
105,OTPK_exists,1314926,141
106,session_builder,1329950,364
106,OTPK_exists,1330026,137
107,session_builder,1344460,350
107,OTPK_exists,1344533,139
108,session_builder,1358626,264
108,OTPK_exists,1358677,112
109,session_builder,1371699,428
109,OTPK_exists,1371771,145
110,session_builder,1382097,349
110,OTPK_exists,1382172,143
111,session_builder,1394471,380
111,OTPK_exists,1394551,139
112,session_builder,1406918,696
112,OTPK_exists,1406984,134
113,session_builder,1421379,209
113,OTPK_exists,1421415,115
114,session_builder,1434244,214
114,OTPK_exists,1434277,81
115,session_builder,1448572,214
115,OTPK_exists,1448598,115
116,session_builder,1462959,219
116,OTPK_exists,1462989,76
117,session_builder,1473482,208
117,OTPK_exists,1473498,76
118,session_builder,1484665,349
118,OTPK_exists,1484737,142
119,session_builder,1495300,349
119,OTPK_exists,1495355,140
120,session_builder,1506922,238
120,OTPK_exists,1506957,93
121,session_builder,1520684,513
121,OTPK_exists,1520760,153
122,session_builder,1533584,402
122,OTPK_exists,1533656,136
123,session_builder,1544481,346
123,OTPK_exists,1544539,150
124,session_builder,1556982,300
124,OTPK_exists,1557042,104
125,session_builder,1567279,265
125,OTPK_exists,1567313,100
126,session_builder,1582195,210
126,OTPK_exists,1582234,84
127,session_builder,1594475,216
127,OTPK_exists,1594514,81
128,session_builder,1606980,355
128,OTPK_exists,1607041,147
129,session_builder,1619293,416
129,OTPK_exists,1619368,500
130,session_builder,1632167,395
130,OTPK_exists,1632238,139
131,session_builder,1645185,364
131,OTPK_exists,1645256,139
132,session_builder,1656372,359
132,OTPK_exists,1656442,146
133,session_builder,1666732,352
133,OTPK_exists,1666804,137
134,session_builder,1679591,400
134,OTPK_exists,1679647,144
135,session_builder,1690194,353
135,OTPK_exists,1690263,145
136,session_builder,1700617,354
136,OTPK_exists,1700686,142
137,session_builder,1710787,355
137,OTPK_exists,1710856,137
138,session_builder,1723489,370
138,OTPK_exists,1723547,140
139,session_builder,1733904,353
139,OTPK_exists,1733975,139
140,session_builder,1749041,357
140,OTPK_exists,1749115,144
141,session_builder,1764180,358
141,OTPK_exists,1764253,145
142,session_builder,1777808,352
142,OTPK_exists,1777878,139
143,session_builder,1792943,354
143,OTPK_exists,1793016,144
144,session_builder,1806939,349
144,OTPK_exists,1807012,139
145,session_builder,1818765,761
145,OTPK_exists,1818839,142
146,session_builder,1833891,353
146,OTPK_exists,1833963,140
147,session_builder,1844500,350
147,OTPK_exists,1844573,144
148,session_builder,1856942,351
148,OTPK_exists,1857015,139
149,session_builder,1867270,396
149,OTPK_exists,1867342,143
150,session_builder,1878381,366
150,OTPK_exists,1878454,134
151,session_builder,1893397,342
151,OTPK_exists,1893449,138
152,session_builder,1906938,349
152,OTPK_exists,1907012,141
153,session_builder,1917109,265
153,OTPK_exists,1917155,105
154,session_builder,1928386,271
154,OTPK_exists,1928425,110
155,session_builder,1939110,375
155,OTPK_exists,1939169,148
156,session_builder,1950250,360
156,OTPK_exists,1950308,148
157,session_builder,1960513,338
157,OTPK_exists,1960581,139
158,session_builder,1973708,370
158,OTPK_exists,1973759,167
159,session_builder,1984479,263
159,OTPK_exists,1984521,106
160,session_builder,1994664,349
160,OTPK_exists,1994722,144
161,session_builder,2008041,348
161,OTPK_exists,2008110,139
162,session_builder,2018524,354
162,OTPK_exists,2018587,145
163,session_builder,2028979,582
163,OTPK_exists,2029043,142
164,session_builder,2039119,357
164,OTPK_exists,2039172,139
165,session_builder,2051865,264
165,OTPK_exists,2051898,103
166,session_builder,2062381,384
166,OTPK_exists,2062447,141
167,session_builder,2077353,370
167,OTPK_exists,2077427,142
168,session_builder,2091799,353
168,OTPK_exists,2091865,136
169,session_builder,2106908,191
169,OTPK_exists,2106937,69
170,session_builder,2117211,576
170,OTPK_exists,2117260,108
171,session_builder,2127841,349
171,OTPK_exists,2127912,136
172,session_builder,2140872,386
172,OTPK_exists,2140934,147
173,session_builder,2151588,353
173,OTPK_exists,2151638,145
174,session_builder,2163086,346
174,OTPK_exists,2163146,140
175,session_builder,2176720,367
175,OTPK_exists,2176790,478
176,session_builder,2190702,347
176,OTPK_exists,2190774,142
177,session_builder,2201264,268
177,OTPK_exists,2201307,104
178,session_builder,2216364,355
178,OTPK_exists,2216437,145
179,session_builder,2231502,356
179,OTPK_exists,2231575,148
180,session_builder,2244571,362
180,OTPK_exists,2244641,145
181,session_builder,2259693,350
181,OTPK_exists,2259758,146
182,session_builder,2273495,347
182,OTPK_exists,2273594,138
183,session_builder,2286944,347
183,OTPK_exists,2286994,139
184,session_builder,2297199,353
184,OTPK_exists,2297262,139
185,session_builder,2308844,108
185,OTPK_exists,2308873,48
186,session_builder,2323479,364
186,OTPK_exists,2323552,140
187,session_builder,2336411,264
187,OTPK_exists,2336452,109
188,session_builder,2350100,270
188,OTPK_exists,2350132,107
189,session_builder,2360221,233
189,OTPK_exists,2360255,89
190,session_builder,2370647,213
190,OTPK_exists,2370680,84
191,session_builder,2382478,209
191,OTPK_exists,2382502,95
192,session_builder,2394495,322
192,OTPK_exists,2394537,121
193,session_builder,2404851,440
193,OTPK_exists,2404904,185
194,session_builder,2415615,688
194,OTPK_exists,2415692,138
195,session_builder,2430059,231
195,OTPK_exists,2430110,64
196,session_builder,2444447,267
196,OTPK_exists,2444498,106
197,session_builder,2456904,212
197,OTPK_exists,2456937,79
198,session_builder,2472034,349
198,OTPK_exists,2472107,134
199,session_builder,2482627,349
199,OTPK_exists,2482698,411
200,session_builder,2493371,213
200,OTPK_exists,2493402,80
201,session_builder,2506938,347
201,OTPK_exists,2507011,139
202,session_builder,2519005,287
202,OTPK_exists,2519050,113
203,session_builder,2530721,404
203,OTPK_exists,2530797,141
204,session_builder,2544498,380
204,OTPK_exists,2544574,142
205,session_builder,2556926,346
205,OTPK_exists,2556984,134
206,session_builder,2567587,407
206,OTPK_exists,2567661,528
207,session_builder,2578904,347
207,OTPK_exists,2578974,138
208,session_builder,2589852,351
208,OTPK_exists,2589921,134
209,session_builder,2600164,386
209,OTPK_exists,2600240,228
210,session_builder,2613471,345
210,OTPK_exists,2613533,138
211,session_builder,2627810,242
211,OTPK_exists,2627866,94
212,session_builder,2641093,354
212,OTPK_exists,2641162,140
213,session_builder,2653418,285
213,OTPK_exists,2653474,110
214,session_builder,2668542,349
214,OTPK_exists,2668615,137
215,session_builder,2680156,347
215,OTPK_exists,2680226,133
216,session_builder,2694434,344
216,OTPK_exists,2694488,135
217,session_builder,2709392,371
217,OTPK_exists,2709468,147
218,session_builder,2723474,402
218,OTPK_exists,2723534,144
219,session_builder,2736428,363
219,OTPK_exists,2736498,139
220,session_builder,2747687,357
220,OTPK_exists,2747757,135
221,session_builder,2758925,361
221,OTPK_exists,2758995,138
222,session_builder,2770182,349
222,OTPK_exists,2770251,136
223,session_builder,2781436,359
223,OTPK_exists,2781505,138
224,session_builder,2792844,357
224,OTPK_exists,2792900,145
225,session_builder,2803836,357
225,OTPK_exists,2803906,148
226,session_builder,2814368,264
226,OTPK_exists,2814416,104
227,session_builder,2827248,359
227,OTPK_exists,2827311,166
228,session_builder,2838394,350
228,OTPK_exists,2838451,145
229,session_builder,2849016,363
229,OTPK_exists,2849082,144
230,session_builder,2860082,430
230,OTPK_exists,2860185,143
231,session_builder,2872155,405
231,OTPK_exists,2872222,146
232,session_builder,2882777,368
232,OTPK_exists,2882836,152
233,session_builder,2897910,368
233,OTPK_exists,2897985,428
234,session_builder,2913050,365
234,OTPK_exists,2913125,150
235,session_builder,2928182,359
235,OTPK_exists,2928258,168
236,session_builder,2943325,364
236,OTPK_exists,2943400,151
237,session_builder,2958474,366
237,OTPK_exists,2958549,151
238,session_builder,2973614,364
238,OTPK_exists,2973689,155
239,session_builder,2988755,361
239,OTPK_exists,2988830,154
240,session_builder,3003897,366
240,OTPK_exists,3003972,150
241,session_builder,3016489,371
241,OTPK_exists,3016564,152
242,session_builder,3031629,365
242,OTPK_exists,3031703,151
243,session_builder,3046768,368
243,OTPK_exists,3046842,153
244,session_builder,3061908,369
244,OTPK_exists,3061983,149
245,session_builder,3077048,364
245,OTPK_exists,3077123,153
246,session_builder,3092177,368
246,OTPK_exists,3092248,153
247,session_builder,3106937,347
247,OTPK_exists,3107010,137
248,session_builder,3117828,350
248,OTPK_exists,3117900,140
249,session_builder,3128130,366
249,OTPK_exists,3128200,140
250,session_builder,3143264,356
250,OTPK_exists,3143337,143
251,session_builder,3156940,351
251,OTPK_exists,3157013,139
252,session_builder,3169768,373
252,OTPK_exists,3169842,137
253,session_builder,3184907,352
253,OTPK_exists,3184980,145
254,session_builder,3200095,372
254,OTPK_exists,3200166,139
255,session_builder,3214731,372
255,OTPK_exists,3214802,138
256,session_builder,3227802,364
256,OTPK_exists,3227877,134
257,session_builder,3242943,349
257,OTPK_exists,3243015,139
258,session_builder,3256978,347
258,OTPK_exists,3257049,140
259,session_builder,3271691,440
259,OTPK_exists,3271767,142
260,session_builder,3283325,350
260,OTPK_exists,3283399,144
261,session_builder,3294497,471
261,OTPK_exists,3294568,137
262,session_builder,3306937,346
262,OTPK_exists,3307010,140
263,session_builder,3319061,361
263,OTPK_exists,3319133,136
264,session_builder,3334049,351
264,OTPK_exists,3334123,140
265,session_builder,3344462,349
265,OTPK_exists,3344533,139
266,session_builder,3356946,15133
266,OTPK_exists,3357019,142
267,session_builder,3369063,295
267,OTPK_exists,3369145,104
268,session_builder,3382005,121
268,OTPK_exists,3382025,67
269,session_builder,3394502,365
269,OTPK_exists,3394598,143
270,session_builder,3409700,358
270,OTPK_exists,3409774,146
271,session_builder,3423447,277
271,OTPK_exists,3423494,427
272,session_builder,3438551,352
272,OTPK_exists,3438624,146
273,session_builder,3450358,353
273,OTPK_exists,3450408,145
274,session_builder,3465471,354
274,OTPK_exists,3465545,145
275,session_builder,3480609,357
275,OTPK_exists,3480683,145
276,session_builder,3495737,355
276,OTPK_exists,3495809,148
277,session_builder,3510877,353
277,OTPK_exists,3510950,144
278,session_builder,3523502,355
278,OTPK_exists,3523572,145
279,session_builder,3536187,360
279,OTPK_exists,3536257,395
280,session_builder,3546519,355
280,OTPK_exists,3546584,182
281,session_builder,3556942,347
281,OTPK_exists,3557015,142
282,session_builder,3568023,346
282,OTPK_exists,3568085,139
283,session_builder,3581703,158
283,OTPK_exists,3581724,48
284,session_builder,3594499,347
284,OTPK_exists,3594579,145
285,session_builder,3609645,353
285,OTPK_exists,3609718,146
286,session_builder,3623444,267
286,OTPK_exists,3623535,107
287,session_builder,3638592,264
287,OTPK_exists,3638684,105
288,session_builder,3648958,348
288,OTPK_exists,3649081,139
289,session_builder,3664198,347
289,OTPK_exists,3664271,135
290,session_builder,3679335,348
290,OTPK_exists,3679408,142
291,session_builder,3694461,355
291,OTPK_exists,3694536,133
292,session_builder,3706938,347
292,OTPK_exists,3707010,140
293,session_builder,3722124,380
293,OTPK_exists,3722196,137
294,session_builder,3737260,350
294,OTPK_exists,3737332,142
295,session_builder,3749820,423
295,OTPK_exists,3749890,381
296,session_builder,3765015,369
296,OTPK_exists,3765089,153
297,session_builder,3780153,355
297,OTPK_exists,3780226,143
298,session_builder,3792672,355
298,OTPK_exists,3792743,140
299,session_builder,3806904,175
299,OTPK_exists,3806927,68
300,session_builder,3818616,260
300,OTPK_exists,3818664,108
301,session_builder,3833341,349
301,OTPK_exists,3833413,148
302,session_builder,3847308,347
302,OTPK_exists,3847372,140
303,session_builder,3862477,389
303,OTPK_exists,3862550,138
304,session_builder,3874017,343
304,OTPK_exists,3874091,139
305,session_builder,3886228,347
305,OTPK_exists,3886294,139
306,session_builder,3899081,347
306,OTPK_exists,3899151,138
307,session_builder,3914215,347
307,OTPK_exists,3914288,141
308,session_builder,3927860,358
308,OTPK_exists,3927934,151
309,session_builder,3938008,347
309,OTPK_exists,3938080,140
310,session_builder,3951696,357
310,OTPK_exists,3951772,150
311,session_builder,3966863,363
311,OTPK_exists,3966937,151
312,session_builder,3982002,361
312,OTPK_exists,3982077,150
313,session_builder,3997142,359
313,OTPK_exists,3997216,151
314,session_builder,4012282,358
314,OTPK_exists,4012356,150
315,session_builder,4027421,358
315,OTPK_exists,4027495,153
316,session_builder,4042562,358
316,OTPK_exists,4042635,152
317,session_builder,4057702,363
317,OTPK_exists,4057776,149
318,session_builder,4072841,359
318,OTPK_exists,4072914,152
319,session_builder,4083086,233
319,OTPK_exists,4083120,86
320,session_builder,4093990,183
320,OTPK_exists,4094042,51
321,session_builder,4106906,218
321,OTPK_exists,4106932,81
322,session_builder,4119362,178
322,OTPK_exists,4119422,86
323,session_builder,4129501,112
323,OTPK_exists,4129521,34
324,session_builder,4144411,207
324,OTPK_exists,4144432,30
325,session_builder,4159520,177
325,OTPK_exists,4159576,80
326,session_builder,4174639,359
326,OTPK_exists,4174713,152
327,session_builder,4189779,359
327,OTPK_exists,4189854,153
328,session_builder,4204919,359
328,OTPK_exists,4204993,151
329,session_builder,4216001,345
329,OTPK_exists,4216073,137
330,session_builder,4227077,358
330,OTPK_exists,4227155,140
331,session_builder,4238677,355
331,OTPK_exists,4238749,137
332,session_builder,4249371,347
332,OTPK_exists,4249444,141
333,session_builder,4261044,656
333,OTPK_exists,4261117,148
334,session_builder,4273522,352
334,OTPK_exists,4273599,144
335,session_builder,4288188,348
335,OTPK_exists,4288261,141
336,session_builder,4303327,350
336,OTPK_exists,4303400,141
337,session_builder,4316363,350
337,OTPK_exists,4316434,142
338,session_builder,4327519,344
338,OTPK_exists,4327592,141
339,session_builder,4342166,364
339,OTPK_exists,4342238,146
340,session_builder,4356937,349
340,OTPK_exists,4357011,142
341,session_builder,4367167,350
341,OTPK_exists,4367235,138
342,session_builder,4378957,384
342,OTPK_exists,4379027,145
343,session_builder,4392273,375
343,OTPK_exists,4392351,154
344,session_builder,4406944,347
344,OTPK_exists,4407018,139
345,session_builder,4422052,71
345,OTPK_exists,4422075,31
346,session_builder,4435360,210
346,OTPK_exists,4435398,80
347,session_builder,4449347,210
347,OTPK_exists,4449380,78
348,session_builder,4459456,65
348,OTPK_exists,4459474,29
349,session_builder,4473858,191
349,OTPK_exists,4473886,84
350,session_builder,4487903,135
350,OTPK_exists,4487927,36
351,session_builder,4499342,166
351,OTPK_exists,4499365,49
352,session_builder,4511833,229
352,OTPK_exists,4511890,75
353,session_builder,4523472,208
353,OTPK_exists,4523503,80
354,session_builder,4533560,216
354,OTPK_exists,4533592,78
355,session_builder,4544539,61
355,OTPK_exists,4544557,32
356,session_builder,4556934,58
356,OTPK_exists,4556952,31
357,session_builder,4569542,55
357,OTPK_exists,4569558,25
358,session_builder,4584114,89
358,OTPK_exists,4584130,34
359,session_builder,4595504,50
359,OTPK_exists,4595531,23
360,session_builder,4606897,50
360,OTPK_exists,4606911,24
361,session_builder,4619213,50
361,OTPK_exists,4619227,24
362,session_builder,4631013,56
362,OTPK_exists,4631041,26
363,session_builder,4644832,50
363,OTPK_exists,4644846,22
364,session_builder,4656897,48
364,OTPK_exists,4656912,23
365,session_builder,4671926,51
365,OTPK_exists,4671941,22
366,session_builder,4685775,47
366,OTPK_exists,4685788,21
367,session_builder,4700870,50
367,OTPK_exists,4700899,24
368,session_builder,4715938,48
368,OTPK_exists,4715952,22
369,session_builder,4730026,49
369,OTPK_exists,4730044,23
370,session_builder,4744402,98
370,OTPK_exists,4744428,70
371,session_builder,4756913,144
371,OTPK_exists,4756945,68
372,session_builder,4768000,141
372,OTPK_exists,4768070,68
373,session_builder,4782510,113
373,OTPK_exists,4782532,26
374,session_builder,4795139,161
374,OTPK_exists,4795159,29
375,session_builder,4806901,108
375,OTPK_exists,4806918,28
376,session_builder,4821702,85
376,OTPK_exists,4821736,31
377,session_builder,4836782,47
377,OTPK_exists,4836815,22
378,session_builder,4850974,49
378,OTPK_exists,4850995,22
379,session_builder,4861773,59
379,OTPK_exists,4861800,27
380,session_builder,4873440,205
380,OTPK_exists,4873472,77
381,session_builder,4883590,59
381,OTPK_exists,4883607,29
382,session_builder,4894469,46
382,OTPK_exists,4894486,24
383,session_builder,4909379,45
383,OTPK_exists,4909425,25
384,session_builder,4924440,47
384,OTPK_exists,4924453,25
385,session_builder,4937531,44
385,OTPK_exists,4937546,24
386,session_builder,4949694,44
386,OTPK_exists,4949708,24
387,session_builder,4964725,53
387,OTPK_exists,4964745,27
388,session_builder,4979500,61
388,OTPK_exists,4979523,33
389,session_builder,4994543,58
389,OTPK_exists,4994570,30
390,session_builder,5006557,192
390,OTPK_exists,5006587,81
391,session_builder,5016901,138
391,OTPK_exists,5016921,48
392,session_builder,5027818,58
392,OTPK_exists,5027836,31
393,session_builder,5039360,204
393,OTPK_exists,5039393,78
394,session_builder,5050013,219
394,OTPK_exists,5050040,77
395,session_builder,5065061,209
395,OTPK_exists,5065092,76
396,session_builder,5075591,205
396,OTPK_exists,5075619,78
397,session_builder,5089020,204
397,OTPK_exists,5089054,88
398,session_builder,5099362,202
398,OTPK_exists,5099387,74
399,session_builder,5112071,201
399,OTPK_exists,5112094,77
400,session_builder,5124109,207
400,OTPK_exists,5124138,77
401,session_builder,5134291,158
401,OTPK_exists,5134316,76
402,session_builder,5144476,61
402,OTPK_exists,5144495,29
403,session_builder,5156901,210
403,OTPK_exists,5156927,73
404,session_builder,5169288,202
404,OTPK_exists,5169322,91
405,session_builder,5183772,156
405,OTPK_exists,5183790,59
406,session_builder,5193814,105
406,OTPK_exists,5193838,29
407,session_builder,5206901,212
407,OTPK_exists,5206935,83
408,session_builder,5217065,204
408,OTPK_exists,5217117,75
409,session_builder,5229073,148
409,OTPK_exists,5229097,88
410,session_builder,5239838,199
410,OTPK_exists,5239868,74
411,session_builder,5251305,201
411,OTPK_exists,5251326,77
412,session_builder,5263068,154
412,OTPK_exists,5263111,28
413,session_builder,5273438,209
413,OTPK_exists,5273468,76
414,session_builder,5284340,134
414,OTPK_exists,5284360,28
415,session_builder,5295114,209
415,OTPK_exists,5295128,74
416,session_builder,5306900,205
416,OTPK_exists,5306916,70
417,session_builder,5317245,192
417,OTPK_exists,5317283,71
418,session_builder,5327586,196
418,OTPK_exists,5327603,70
419,session_builder,5339184,205
419,OTPK_exists,5339219,75
420,session_builder,5351067,139
420,OTPK_exists,5351088,40
421,session_builder,5361465,202
421,OTPK_exists,5361489,75
422,session_builder,5373435,209
422,OTPK_exists,5373467,78
423,session_builder,5383930,61
423,OTPK_exists,5383950,31
424,session_builder,5394010,214
424,OTPK_exists,5394029,77
425,session_builder,5404093,214
425,OTPK_exists,5404118,94
426,session_builder,5417286,213
426,OTPK_exists,5417312,79
427,session_builder,5428513,217
427,OTPK_exists,5428533,76
428,session_builder,5441345,200
428,OTPK_exists,5441368,76
429,session_builder,5452328,192
429,OTPK_exists,5452368,116
430,session_builder,5462469,159
430,OTPK_exists,5462485,23
431,session_builder,5473453,106
431,OTPK_exists,5473473,41
432,session_builder,5483981,228
432,OTPK_exists,5484012,71
433,session_builder,5494223,215
433,OTPK_exists,5494239,70
434,session_builder,5506898,157
434,OTPK_exists,5506918,73
435,session_builder,5517817,151
435,OTPK_exists,5517837,24
436,session_builder,5527882,203
436,OTPK_exists,5527897,76
437,session_builder,5538047,204
437,OTPK_exists,5538062,74
438,session_builder,5548163,204
438,OTPK_exists,5548185,75
439,session_builder,5558208,192
439,OTPK_exists,5558231,71
440,session_builder,5568377,204
440,OTPK_exists,5568398,71
441,session_builder,5578418,227
441,OTPK_exists,5578433,111
442,session_builder,5588988,205
442,OTPK_exists,5589004,93
443,session_builder,5599159,198
443,OTPK_exists,5599197,74
444,session_builder,5611784,194
444,OTPK_exists,5611805,70
445,session_builder,5623405,196
445,OTPK_exists,5623426,70
446,session_builder,5635058,271
446,OTPK_exists,5635097,108
447,session_builder,5645160,104
447,OTPK_exists,5645189,55
448,session_builder,5656011,159
448,OTPK_exists,5656046,50
449,session_builder,5669897,343
449,OTPK_exists,5669965,134
450,session_builder,5684625,295
450,OTPK_exists,5684663,115
451,session_builder,5694764,162
451,OTPK_exists,5694797,55
452,session_builder,5704973,260
452,OTPK_exists,5704994,81
453,session_builder,5715055,202
453,OTPK_exists,5715079,94
454,session_builder,5729863,249
454,OTPK_exists,5729888,77
455,session_builder,5744436,177
455,OTPK_exists,5744462,72
456,session_builder,5756993,351
456,OTPK_exists,5757021,88
457,session_builder,5772042,205
457,OTPK_exists,5772069,76
458,session_builder,5782599,94
458,OTPK_exists,5782615,45
459,session_builder,5794402,205
459,OTPK_exists,5794427,33
460,session_builder,5804855,212
460,OTPK_exists,5804877,81
461,session_builder,5814903,208
461,OTPK_exists,5814931,77
462,session_builder,5825948,207
462,OTPK_exists,5825968,78
463,session_builder,5840528,209
463,OTPK_exists,5840554,78
464,session_builder,5850908,203
464,OTPK_exists,5850932,78
465,session_builder,5865952,202
465,OTPK_exists,5865972,96
466,session_builder,5876506,155
466,OTPK_exists,5876525,30
467,session_builder,5886647,189
467,OTPK_exists,5886657,71
468,session_builder,5898502,198
468,OTPK_exists,5898516,71
469,session_builder,5910313,191
469,OTPK_exists,5910331,68
470,session_builder,5925347,193
470,OTPK_exists,5925363,70
471,session_builder,5939805,241
471,OTPK_exists,5939826,68
472,session_builder,5950294,99
472,OTPK_exists,5950312,23
473,session_builder,5961140,203
473,OTPK_exists,5961160,74
474,session_builder,5973681,166
474,OTPK_exists,5973700,59
475,session_builder,5983730,149
475,OTPK_exists,5983749,22
476,session_builder,5994406,198
476,OTPK_exists,5994425,71
477,session_builder,6006932,198
477,OTPK_exists,6006951,34
478,session_builder,6017666,191
478,OTPK_exists,6017690,71
479,session_builder,6028529,189
479,OTPK_exists,6028544,71
480,session_builder,6043562,190
480,OTPK_exists,6043577,70
481,session_builder,6054540,197
481,OTPK_exists,6054556,71
482,session_builder,6065417,143
482,OTPK_exists,6065433,56
483,session_builder,6080500,197
483,OTPK_exists,6080516,68
484,session_builder,6095007,227
484,OTPK_exists,6095067,68
485,session_builder,6107376,214
485,OTPK_exists,6107393,74
486,session_builder,6117732,191
486,OTPK_exists,6117755,69
487,session_builder,6131503,150
487,OTPK_exists,6131523,29
488,session_builder,6144808,172
488,OTPK_exists,6144829,94
489,session_builder,6156930,207
489,OTPK_exists,6156955,72
490,session_builder,6170953,206
490,OTPK_exists,6171008,72
491,session_builder,6183812,196
491,OTPK_exists,6183828,74
492,session_builder,6197693,192
492,OTPK_exists,6197711,70
493,session_builder,6212730,158
493,OTPK_exists,6212754,69
494,session_builder,6223407,191
494,OTPK_exists,6223430,70
495,session_builder,6233995,192
495,OTPK_exists,6234018,69
496,session_builder,6246589,205
496,OTPK_exists,6246620,75
497,session_builder,6256937,197
497,OTPK_exists,6256960,27
498,session_builder,6271980,192
498,OTPK_exists,6272004,24
499,session_builder,6284494,132
499,OTPK_exists,6284512,35
500,session_builder,6297467,203
500,OTPK_exists,6297502,74
501,session_builder,6311846,96
501,OTPK_exists,6311866,25
502,session_builder,6325009,201
502,OTPK_exists,6325035,74
503,session_builder,6335539,209
503,OTPK_exists,6335561,138
504,session_builder,6346934,205
504,OTPK_exists,6346953,75
505,session_builder,6360106,201
505,OTPK_exists,6360129,76
506,session_builder,6371561,208
506,OTPK_exists,6371588,76
507,session_builder,6381609,166
507,OTPK_exists,6381627,74
508,session_builder,6391943,204
508,OTPK_exists,6391962,38
509,session_builder,6404130,211
509,OTPK_exists,6404150,82
510,session_builder,6417857,192
510,OTPK_exists,6417877,76
511,session_builder,6429856,152
511,OTPK_exists,6429873,26
512,session_builder,6440114,200
512,OTPK_exists,6440137,74
513,session_builder,6450280,282
513,OTPK_exists,6450304,97
514,session_builder,6465383,216
514,OTPK_exists,6465415,76
515,session_builder,6479896,278
515,OTPK_exists,6479921,89
516,session_builder,6494403,255
516,OTPK_exists,6494421,114
517,session_builder,6504533,208
517,OTPK_exists,6504558,78
518,session_builder,6515490,151
518,OTPK_exists,6515509,26
519,session_builder,6530543,201
519,OTPK_exists,6530566,74
520,session_builder,6545585,200
520,OTPK_exists,6545605,78
521,session_builder,6557026,102
521,OTPK_exists,6557042,75
522,session_builder,6569470,207
522,OTPK_exists,6569491,76
523,session_builder,6579703,52
523,OTPK_exists,6579720,28
524,session_builder,6591825,200
524,OTPK_exists,6591845,77
525,session_builder,6604366,105
525,OTPK_exists,6604383,28
526,session_builder,6618552,224
526,OTPK_exists,6618573,76
527,session_builder,6628615,176
527,OTPK_exists,6628633,90
528,session_builder,6641656,200
528,OTPK_exists,6641676,75
529,session_builder,6651793,159
529,OTPK_exists,6651810,38
530,session_builder,6666859,205
530,OTPK_exists,6666879,74
531,session_builder,6677203,217
531,OTPK_exists,6677224,31
532,session_builder,6692117,167
532,OTPK_exists,6692137,73
533,session_builder,6706900,213
533,OTPK_exists,6706921,75
534,session_builder,6717418,57
534,OTPK_exists,6717433,27
535,session_builder,6729445,201
535,OTPK_exists,6729469,74
536,session_builder,6744403,208
536,OTPK_exists,6744427,78
537,session_builder,6759450,206
537,OTPK_exists,6759470,29
538,session_builder,6773436,203
538,OTPK_exists,6773455,94
539,session_builder,6783543,88
539,OTPK_exists,6783558,41
540,session_builder,6798517,51
540,OTPK_exists,6798535,27
541,session_builder,6808552,105
541,OTPK_exists,6808569,25
542,session_builder,6823439,104
542,OTPK_exists,6823458,31
543,session_builder,6837676,151
543,OTPK_exists,6837693,73
544,session_builder,6847735,50
544,OTPK_exists,6847749,24
545,session_builder,6861460,94
545,OTPK_exists,6861479,39
546,session_builder,6873397,54
546,OTPK_exists,6873414,27
547,session_builder,6885393,122
547,OTPK_exists,6885412,27
548,session_builder,6898950,257
548,OTPK_exists,6898998,83
549,session_builder,6909185,48
549,OTPK_exists,6909215,26
550,session_builder,6923397,153
550,OTPK_exists,6923416,26
551,session_builder,6934650,73
551,OTPK_exists,6934666,25
552,session_builder,6946499,59
552,OTPK_exists,6946517,27
553,session_builder,6956901,55
553,OTPK_exists,6956919,26
554,session_builder,6969990,152
554,OTPK_exists,6970008,27
555,session_builder,6980063,53
555,OTPK_exists,6980079,25
556,session_builder,6994441,202
556,OTPK_exists,6994460,35
557,session_builder,7007192,96
557,OTPK_exists,7007218,26
558,session_builder,7017441,147
558,OTPK_exists,7017457,30
559,session_builder,7029065,73
559,OTPK_exists,7029096,24
560,session_builder,7043264,199
560,OTPK_exists,7043293,71
561,session_builder,7056902,203
561,OTPK_exists,7056918,87
562,session_builder,7072001,193
562,OTPK_exists,7072024,27
563,session_builder,7082083,202
563,OTPK_exists,7082101,30
564,session_builder,7094468,249
564,OTPK_exists,7094488,42
565,session_builder,7106918,194
565,OTPK_exists,7106935,71
566,session_builder,7117541,51
566,OTPK_exists,7117555,24
567,session_builder,7130098,239
567,OTPK_exists,7130120,38
568,session_builder,7142534,195
568,OTPK_exists,7142557,27
569,session_builder,7156899,200
569,OTPK_exists,7156912,73
570,session_builder,7167143,152
570,OTPK_exists,7167160,81
571,session_builder,7182178,153
571,OTPK_exists,7182197,31
572,session_builder,7195145,299
572,OTPK_exists,7195170,33
573,session_builder,7210193,194
573,OTPK_exists,7210219,74
574,session_builder,7223457,205
574,OTPK_exists,7223498,33
575,session_builder,7234210,160
575,OTPK_exists,7234227,30
576,session_builder,7244454,63
576,OTPK_exists,7244471,34
577,session_builder,7255384,54
577,OTPK_exists,7255399,29
578,session_builder,7266849,56
578,OTPK_exists,7266867,31
579,session_builder,7278113,56
579,OTPK_exists,7278129,30
580,session_builder,7290501,227
580,OTPK_exists,7290521,95
581,session_builder,7304265,190
581,OTPK_exists,7304312,70
582,session_builder,7314905,203
582,OTPK_exists,7314937,75
583,session_builder,7329579,63
583,OTPK_exists,7329597,29
584,session_builder,7344437,267
584,OTPK_exists,7344462,77
585,session_builder,7354479,51
585,OTPK_exists,7354496,25
586,session_builder,7368351,104
586,OTPK_exists,7368370,28
587,session_builder,7379443,128
587,OTPK_exists,7379459,37
588,session_builder,7394443,234
588,OTPK_exists,7394460,28
589,session_builder,7406897,152
589,OTPK_exists,7406919,25
590,session_builder,7417271,232
590,OTPK_exists,7417301,74
591,session_builder,7429317,239
591,OTPK_exists,7429345,75
592,session_builder,7439406,221
592,OTPK_exists,7439444,130
593,session_builder,7452372,213
593,OTPK_exists,7452394,75
594,session_builder,7465453,214
594,OTPK_exists,7465479,80
595,session_builder,7475879,113
595,OTPK_exists,7475897,28
596,session_builder,7485997,62
596,OTPK_exists,7486014,28
597,session_builder,7496438,212
597,OTPK_exists,7496460,100
598,session_builder,7506899,207
598,OTPK_exists,7506916,75
599,session_builder,7519481,113
599,OTPK_exists,7519499,61
600,session_builder,7531022,209
600,OTPK_exists,7531049,113
601,session_builder,7541180,206
601,OTPK_exists,7541207,77
602,session_builder,7551920,231
602,OTPK_exists,7551965,79
603,session_builder,7563290,203
603,OTPK_exists,7563311,28
604,session_builder,7578356,191
604,OTPK_exists,7578384,72
605,session_builder,7588526,95
605,OTPK_exists,7588543,25
606,session_builder,7598952,146
606,OTPK_exists,7598972,45
607,session_builder,7613308,326
607,OTPK_exists,7613326,23
608,session_builder,7626244,143
608,OTPK_exists,7626263,31
609,session_builder,7637216,62
609,OTPK_exists,7637258,22
610,session_builder,7647436,203
610,OTPK_exists,7647465,74
611,session_builder,7659444,214
611,OTPK_exists,7659475,84
612,session_builder,7673441,357
612,OTPK_exists,7673503,94
613,session_builder,7685907,307
613,OTPK_exists,7685933,100
614,session_builder,7696539,238
614,OTPK_exists,7696559,101
615,session_builder,7706903,203
615,OTPK_exists,7706923,75
616,session_builder,7721462,229
616,OTPK_exists,7721492,77
617,session_builder,7734139,206
617,OTPK_exists,7734160,76
618,session_builder,7747577,207
618,OTPK_exists,7747597,76
619,session_builder,7762498,208
619,OTPK_exists,7762517,75
620,session_builder,7773456,208
620,OTPK_exists,7773492,128
621,session_builder,7785434,207
621,OTPK_exists,7785455,75
622,session_builder,7795871,238
622,OTPK_exists,7795893,76
623,session_builder,7810106,207
623,OTPK_exists,7810129,76
624,session_builder,7822844,206
624,OTPK_exists,7822875,76
625,session_builder,7832925,60
625,OTPK_exists,7832943,29
626,session_builder,7844437,172
626,OTPK_exists,7844456,43
627,session_builder,7854491,223
627,OTPK_exists,7854510,78
628,session_builder,7866028,209
628,OTPK_exists,7866047,76
629,session_builder,7881072,205
629,OTPK_exists,7881107,77
630,session_builder,7891242,207
630,OTPK_exists,7891286,88
631,session_builder,7906312,203
631,OTPK_exists,7906335,74
632,session_builder,7916382,90
632,OTPK_exists,7916398,34
633,session_builder,7929032,47
633,OTPK_exists,7929047,24
634,session_builder,7944061,45
634,OTPK_exists,7944074,24
635,session_builder,7958770,45
635,OTPK_exists,7958784,25
636,session_builder,7973493,47
636,OTPK_exists,7973506,25
637,session_builder,7984570,49
637,OTPK_exists,7984584,24
638,session_builder,7996987,46
638,OTPK_exists,7997001,24
639,session_builder,8012015,48
639,OTPK_exists,8012029,25
640,session_builder,8023542,200
640,OTPK_exists,8023559,74
641,session_builder,8034772,209
641,OTPK_exists,8034805,78
642,session_builder,8049280,204
642,OTPK_exists,8049309,77
643,session_builder,8059398,224
643,OTPK_exists,8059437,97
644,session_builder,8071138,291
644,OTPK_exists,8071164,79
645,session_builder,8081187,203
645,OTPK_exists,8081207,75
646,session_builder,8092122,208
646,OTPK_exists,8092139,75
647,session_builder,8102420,201
647,OTPK_exists,8102441,75
648,session_builder,8114078,273
648,OTPK_exists,8114106,86
649,session_builder,8124124,212
649,OTPK_exists,8124143,108
650,session_builder,8134693,205
650,OTPK_exists,8134716,75
651,session_builder,8145534,211
651,OTPK_exists,8145555,104
652,session_builder,8156920,230
652,OTPK_exists,8156941,114
653,session_builder,8166979,225
653,OTPK_exists,8167006,75
654,session_builder,8177771,207
654,OTPK_exists,8177792,77
655,session_builder,8192504,301
655,OTPK_exists,8192540,84
656,session_builder,8208381,203
656,OTPK_exists,8208409,75
657,session_builder,8218635,112
657,OTPK_exists,8218654,41
658,session_builder,8230115,256
658,OTPK_exists,8230142,93
659,session_builder,8242119,205
659,OTPK_exists,8242140,79
660,session_builder,8252489,252
660,OTPK_exists,8252509,95
661,session_builder,8267561,353
661,OTPK_exists,8267634,146
662,session_builder,8280769,349
662,OTPK_exists,8280840,139
663,session_builder,8294524,345
663,OTPK_exists,8294594,139
664,session_builder,8306939,349
664,OTPK_exists,8307011,141
665,session_builder,8319681,770
665,OTPK_exists,8319752,148
666,session_builder,8333929,357
666,OTPK_exists,8334059,142
667,session_builder,8344517,652
667,OTPK_exists,8344562,91
668,session_builder,8354918,269
668,OTPK_exists,8354966,109
669,session_builder,8370027,353
669,OTPK_exists,8370142,139
670,session_builder,8385198,369
670,OTPK_exists,8385271,153
671,session_builder,8400335,349
671,OTPK_exists,8400407,141
672,session_builder,8410968,239
672,OTPK_exists,8411006,88
673,session_builder,8426060,348
673,OTPK_exists,8426132,140
674,session_builder,8436787,348
674,OTPK_exists,8436855,139
675,session_builder,8450641,353
675,OTPK_exists,8450707,140
676,session_builder,8463579,406
676,OTPK_exists,8463650,140
677,session_builder,8476491,283
677,OTPK_exists,8476540,105
678,session_builder,8491598,354
678,OTPK_exists,8491671,148
679,session_builder,8503419,386
679,OTPK_exists,8503471,145
680,session_builder,8517550,347
680,OTPK_exists,8517624,142
681,session_builder,8530709,350
681,OTPK_exists,8530782,141
682,session_builder,8545261,348
682,OTPK_exists,8545326,138
683,session_builder,8556905,278
683,OTPK_exists,8556939,107
684,session_builder,8569528,352
684,OTPK_exists,8569596,142
685,session_builder,8583337,359
685,OTPK_exists,8583409,148
686,session_builder,8594456,220
686,OTPK_exists,8594488,82
687,session_builder,8606989,342
687,OTPK_exists,8607061,132
688,session_builder,8618433,384
688,OTPK_exists,8618501,152
689,session_builder,8633572,347
689,OTPK_exists,8633644,142
690,session_builder,8644871,347
690,OTPK_exists,8644944,141
691,session_builder,8656926,266
691,OTPK_exists,8656978,106
692,session_builder,8669418,357
692,OTPK_exists,8669495,133
693,session_builder,8680634,191
693,OTPK_exists,8680661,89
694,session_builder,8694443,239
694,OTPK_exists,8694529,86
695,session_builder,8706938,346
695,OTPK_exists,8707011,139
696,session_builder,8719919,262
696,OTPK_exists,8719971,100
697,session_builder,8730673,346
697,OTPK_exists,8730745,136
698,session_builder,8745226,244
698,OTPK_exists,8745258,106
699,session_builder,8758466,233
699,OTPK_exists,8758512,176
700,session_builder,8773403,247
700,OTPK_exists,8773434,85
701,session_builder,8787600,282
701,OTPK_exists,8787628,76
702,session_builder,8798127,264
702,OTPK_exists,8798165,81
703,session_builder,8813051,250
703,OTPK_exists,8813075,78
704,session_builder,8826495,273
704,OTPK_exists,8826543,122
705,session_builder,8837749,209
705,OTPK_exists,8837769,75
706,session_builder,8852793,210
706,OTPK_exists,8865941,79
707,session_builder,8878568,210
707,OTPK_exists,8878589,77
708,session_builder,8893172,216
708,OTPK_exists,8893207,75
709,session_builder,8906936,218
709,OTPK_exists,8906958,83
710,session_builder,8920037,279
710,OTPK_exists,8920072,74
711,session_builder,8930118,191
711,OTPK_exists,8930150,70
712,session_builder,8944467,210
712,OTPK_exists,8944498,78
713,session_builder,8958614,200
713,OTPK_exists,8958647,93
714,session_builder,8973427,208
714,OTPK_exists,8973460,79
715,session_builder,8986757,350
715,OTPK_exists,8986827,142
716,session_builder,8999503,328
716,OTPK_exists,8999553,137
717,session_builder,9012673,345
717,OTPK_exists,9012748,143
718,session_builder,9023463,349
718,OTPK_exists,9023541,140
719,session_builder,9036337,344
719,OTPK_exists,9036413,136
720,session_builder,9047912,346
720,OTPK_exists,9047981,140
721,session_builder,9063102,339
721,OTPK_exists,9063174,140
722,session_builder,9073502,344
722,OTPK_exists,9073575,135
723,session_builder,9084313,349
723,OTPK_exists,9084355,139
724,session_builder,9096518,277
724,OTPK_exists,9096581,111
725,session_builder,9111698,348
725,OTPK_exists,9111770,142
726,session_builder,9125880,271
726,OTPK_exists,9125927,112
727,session_builder,9140984,355
727,OTPK_exists,9141058,149
728,session_builder,9153706,350
728,OTPK_exists,9153785,134
729,session_builder,9168369,347
729,OTPK_exists,9168441,133
730,session_builder,9181365,703
730,OTPK_exists,9181438,142
731,session_builder,9194722,355
731,OTPK_exists,9194791,151
732,session_builder,9209856,363
732,OTPK_exists,9209930,149
733,session_builder,9224996,363
733,OTPK_exists,9225069,152
734,session_builder,9240135,361
734,OTPK_exists,9240209,150
735,session_builder,9254016,358
735,OTPK_exists,9254087,151
736,session_builder,9265526,361
736,OTPK_exists,9265598,151
737,session_builder,9275717,269
737,OTPK_exists,9275749,107
738,session_builder,9286484,344
738,OTPK_exists,9286558,132
739,session_builder,9301623,349
739,OTPK_exists,9301694,140
740,session_builder,9316760,349
740,OTPK_exists,9316833,140
741,session_builder,9329109,343
741,OTPK_exists,9329151,124
742,session_builder,9342488,351
742,OTPK_exists,9342527,111
743,session_builder,9352777,294
743,OTPK_exists,9352812,92
744,session_builder,9362877,344
744,OTPK_exists,9362945,166
745,session_builder,9373627,347
745,OTPK_exists,9373661,137
746,session_builder,9387009,385
746,OTPK_exists,9387065,141
747,session_builder,9397826,366
747,OTPK_exists,9397936,140
748,session_builder,9409206,389
748,OTPK_exists,9409321,143
749,session_builder,9420646,409
749,OTPK_exists,9420715,145
750,session_builder,9435813,359
750,OTPK_exists,9435887,145
751,session_builder,9447387,15706
751,OTPK_exists,9447439,152
752,session_builder,9462504,371
752,OTPK_exists,9462579,153
753,session_builder,9473558,366
753,OTPK_exists,9473633,142
754,session_builder,9486549,347
754,OTPK_exists,9486619,141
755,session_builder,9497530,251
755,OTPK_exists,9497570,91
756,session_builder,9509776,349
756,OTPK_exists,9509838,138
757,session_builder,9523423,276
757,OTPK_exists,9523468,99
758,session_builder,9535896,231
758,OTPK_exists,9535964,87
759,session_builder,9549206,569
759,OTPK_exists,9549278,143
760,session_builder,9559808,381
760,OTPK_exists,9559884,175
761,session_builder,9570109,384
761,OTPK_exists,9570182,150
762,session_builder,9585247,358
762,OTPK_exists,9585321,151
763,session_builder,9599646,353
763,OTPK_exists,9599721,108
764,session_builder,9610242,264
764,OTPK_exists,9610288,103
765,session_builder,9623422,268
765,OTPK_exists,9623467,119
766,session_builder,9636743,392
766,OTPK_exists,9636819,146
767,session_builder,9649165,444
767,OTPK_exists,9649241,148
768,session_builder,9659394,251
768,OTPK_exists,9659428,103
769,session_builder,9673436,347
769,OTPK_exists,9673491,134
770,session_builder,9684623,349
770,OTPK_exists,9684695,458
771,session_builder,9695454,361
771,OTPK_exists,9695507,134
772,session_builder,9709434,270
772,OTPK_exists,9709499,50
773,session_builder,9720222,351
773,OTPK_exists,9720295,137
774,session_builder,9730779,410
774,OTPK_exists,9730856,141
775,session_builder,9745548,349
775,OTPK_exists,9745622,139
776,session_builder,9760447,362
776,OTPK_exists,9760519,136
777,session_builder,9772196,346
777,OTPK_exists,9772263,139
778,session_builder,9787298,345
778,OTPK_exists,9787370,132
779,session_builder,9800519,239
779,OTPK_exists,9800561,91
780,session_builder,9812339,419
780,OTPK_exists,9812411,136
781,session_builder,9825394,263
781,OTPK_exists,9825451,102
782,session_builder,9836157,269
782,OTPK_exists,9836199,136
783,session_builder,9846293,358
783,OTPK_exists,9846345,145
784,session_builder,9858483,311
784,OTPK_exists,9858529,112
785,session_builder,9873453,305
785,OTPK_exists,9873502,94
786,session_builder,9887363,351
786,OTPK_exists,9887438,383
787,session_builder,9897612,237
787,OTPK_exists,9897648,92
788,session_builder,9909199,286
788,OTPK_exists,9909251,76
789,session_builder,9923465,269
789,OTPK_exists,9923508,114
790,session_builder,9936903,358
790,OTPK_exists,9936963,136
791,session_builder,9947660,338
791,OTPK_exists,9947730,153
792,session_builder,9959475,281
792,OTPK_exists,9959527,107
793,session_builder,9973419,263
793,OTPK_exists,9973461,100
794,session_builder,9987416,358
794,OTPK_exists,9987490,246
795,session_builder,10002383,478
795,OTPK_exists,10002459,145
796,session_builder,10017526,364
796,OTPK_exists,10017600,151
797,session_builder,10028590,243
797,OTPK_exists,10028630,93
798,session_builder,10038962,391
798,OTPK_exists,10039034,150
799,session_builder,10053658,347
799,OTPK_exists,10053732,144
800,session_builder,10063870,265
800,OTPK_exists,10063914,104
801,session_builder,10077330,356
801,OTPK_exists,10077403,141
802,session_builder,10087509,466
802,OTPK_exists,10087580,142
803,session_builder,10099500,392
803,OTPK_exists,10099577,159
804,session_builder,10114643,358
804,OTPK_exists,10114716,140
805,session_builder,10129781,355
805,OTPK_exists,10129853,142
806,session_builder,10139979,356
806,OTPK_exists,10140037,145
807,session_builder,10150175,360
807,OTPK_exists,10150247,137
808,session_builder,10161351,358
808,OTPK_exists,10161422,139
809,session_builder,10172453,359
809,OTPK_exists,10172562,139
810,session_builder,10187055,351
810,OTPK_exists,10187128,135
811,session_builder,10202273,357
811,OTPK_exists,10202346,145
812,session_builder,10217513,374
812,OTPK_exists,10217584,152
813,session_builder,10227672,344
813,OTPK_exists,10227741,141
814,session_builder,10239089,368
814,OTPK_exists,10239161,141
815,session_builder,10253715,374
815,OTPK_exists,10253771,142
816,session_builder,10266742,361
816,OTPK_exists,10266817,142
817,session_builder,10279086,662
817,OTPK_exists,10279160,145
818,session_builder,10294231,358
818,OTPK_exists,10294304,144
819,session_builder,10308598,389
819,OTPK_exists,10308667,151
820,session_builder,10323439,240
820,OTPK_exists,10323476,86
821,session_builder,10335957,279
821,OTPK_exists,10336019,105
822,session_builder,10349168,378
822,OTPK_exists,10349243,140
823,session_builder,10360944,660
823,OTPK_exists,10361015,149
824,session_builder,10373747,350
824,OTPK_exists,10373781,139
825,session_builder,10387184,421
825,OTPK_exists,10387312,179
826,session_builder,10400771,269
826,OTPK_exists,10400812,106
827,session_builder,10411092,350
827,OTPK_exists,10411153,145
828,session_builder,10423506,395
828,OTPK_exists,10423582,138
829,session_builder,10438640,353
829,OTPK_exists,10438714,145
830,session_builder,10452331,349
830,OTPK_exists,10452404,144
831,session_builder,10463708,349
831,OTPK_exists,10463779,140
832,session_builder,10478844,348
832,OTPK_exists,10478917,141
833,session_builder,10493982,350
833,OTPK_exists,10494054,139
834,session_builder,10506912,344
834,OTPK_exists,10506980,139
835,session_builder,10520704,352
835,OTPK_exists,10520776,146
836,session_builder,10535846,356
836,OTPK_exists,10535921,146
837,session_builder,10549957,354
837,OTPK_exists,10550023,145
838,session_builder,10560158,357
838,OTPK_exists,10560224,147
839,session_builder,10575288,354
839,OTPK_exists,10575362,147
840,session_builder,10587771,423
840,OTPK_exists,10587847,135
841,session_builder,10600131,348
841,OTPK_exists,10600204,133
842,session_builder,10611422,372
842,OTPK_exists,10611501,144
843,session_builder,10623009,278
843,OTPK_exists,10623052,105
844,session_builder,10633149,348
844,OTPK_exists,10633191,139
845,session_builder,10645859,367
845,OTPK_exists,10645924,149
846,session_builder,10656940,267
846,OTPK_exists,10656972,111
847,session_builder,10669069,347
847,OTPK_exists,10669176,141
848,session_builder,10681459,345
848,OTPK_exists,10681513,139
849,session_builder,10696475,348
849,OTPK_exists,10696527,141
850,session_builder,10706938,345
850,OTPK_exists,10707011,138
851,session_builder,10721120,423
851,OTPK_exists,10721219,142
852,session_builder,10736327,215
852,OTPK_exists,10736353,79
853,session_builder,10749074,267
853,OTPK_exists,10749108,102
854,session_builder,10763822,417
854,OTPK_exists,10763893,140
855,session_builder,10779020,421
855,OTPK_exists,10779092,137
856,session_builder,10791397,350
856,OTPK_exists,10791467,139
857,session_builder,10801807,233
857,OTPK_exists,10801846,89
858,session_builder,10815294,346
858,OTPK_exists,10815359,139
859,session_builder,10825706,373
859,OTPK_exists,10825763,151
860,session_builder,10840827,357
860,OTPK_exists,10840900,144
861,session_builder,10854172,395
861,OTPK_exists,10854249,140
862,session_builder,10867570,351
862,OTPK_exists,10867641,143
863,session_builder,10882705,354
863,OTPK_exists,10882777,143
864,session_builder,10897841,353
864,OTPK_exists,10897914,145
865,session_builder,10912978,355
865,OTPK_exists,10913051,144
866,session_builder,10926311,612
866,OTPK_exists,10926366,134
867,session_builder,10941426,360
867,OTPK_exists,10941500,153
868,session_builder,10954270,700
868,OTPK_exists,10954344,159
869,session_builder,10969416,349
869,OTPK_exists,10969488,139
870,session_builder,10979620,353
870,OTPK_exists,10979693,134
871,session_builder,10989911,265
871,OTPK_exists,10989955,102
872,session_builder,11000141,241
872,OTPK_exists,11000179,88
873,session_builder,11015201,67
873,OTPK_exists,11015221,31
874,session_builder,11029663,108
874,OTPK_exists,11029682,45
875,session_builder,11044458,346
875,OTPK_exists,11044533,141
876,session_builder,11059652,365
876,OTPK_exists,11059727,151
877,session_builder,11073424,351
877,OTPK_exists,11073496,138
878,session_builder,11088066,352
878,OTPK_exists,11088135,136
879,session_builder,11098465,347
879,OTPK_exists,11098530,132
880,session_builder,11113599,345
880,OTPK_exists,11113672,139
881,session_builder,11126557,371
881,OTPK_exists,11126632,137
882,session_builder,11140168,368
882,OTPK_exists,11140240,137
883,session_builder,11154323,264
883,OTPK_exists,11154361,103
884,session_builder,11164646,349
884,OTPK_exists,11164725,160
885,session_builder,11175319,779
885,OTPK_exists,11175397,148
886,session_builder,11188328,273
886,OTPK_exists,11188367,110
887,session_builder,11202337,380
887,OTPK_exists,11202411,171
888,session_builder,11217502,351
888,OTPK_exists,11217574,141
889,session_builder,11228723,349
889,OTPK_exists,11228795,140
890,session_builder,11241420,357
890,OTPK_exists,11241491,140
891,session_builder,11251562,353
891,OTPK_exists,11251634,139
892,session_builder,11264809,361
892,OTPK_exists,11264879,137
893,session_builder,11275170,349
893,OTPK_exists,11275241,445
894,session_builder,11287781,364
894,OTPK_exists,11287842,139
895,session_builder,11298462,346
895,OTPK_exists,11298516,134
896,session_builder,11310561,426
896,OTPK_exists,11310633,144
897,session_builder,11323424,269
897,OTPK_exists,11323469,108
898,session_builder,11337864,233
898,OTPK_exists,11337924,141
899,session_builder,11349163,341
899,OTPK_exists,11349235,399
900,session_builder,11362052,267
900,OTPK_exists,11362104,106
901,session_builder,11373518,372
901,OTPK_exists,11373592,148
902,session_builder,11388315,40097
902,OTPK_exists,11388460,330
903,session_builder,11398942,376
903,OTPK_exists,11399012,141
904,session_builder,11410981,352
904,OTPK_exists,11411043,139
905,session_builder,11423861,271
905,OTPK_exists,11423897,105
906,session_builder,11434381,345
906,OTPK_exists,11434436,149
907,session_builder,11448680,237
907,OTPK_exists,11448772,88
908,session_builder,11463837,349
908,OTPK_exists,11463909,143
909,session_builder,11475814,269
909,OTPK_exists,11475855,108
910,session_builder,11487911,369
910,OTPK_exists,11487986,133
911,session_builder,11498894,348
911,OTPK_exists,11498968,138
912,session_builder,11512216,348
912,OTPK_exists,11512281,133
913,session_builder,11524060,266
913,OTPK_exists,11524091,103
914,session_builder,11534254,351
914,OTPK_exists,11534303,139
915,session_builder,11544429,753
915,OTPK_exists,11544503,135
916,session_builder,11557089,272
916,OTPK_exists,11557122,108
917,session_builder,11571208,639
917,OTPK_exists,11571260,103
918,session_builder,11581559,270
918,OTPK_exists,11581597,108
919,session_builder,11591801,273
919,OTPK_exists,11591847,107
920,session_builder,11606275,345
920,OTPK_exists,11606345,417
921,session_builder,11621375,422
921,OTPK_exists,11621451,152
922,session_builder,11635390,350
922,OTPK_exists,11635445,141
923,session_builder,11648014,240
923,OTPK_exists,11648045,95
924,session_builder,11658103,240
924,OTPK_exists,11658248,103
925,session_builder,11671317,359
925,OTPK_exists,11671392,151
926,session_builder,11685744,348
926,OTPK_exists,11685818,150
927,session_builder,11700929,346
927,OTPK_exists,11701002,136
928,session_builder,11713869,352
928,OTPK_exists,11713938,142
929,session_builder,11724313,264
929,OTPK_exists,11724346,99
930,session_builder,11734838,346
930,OTPK_exists,11734911,134
931,session_builder,11749161,363
931,OTPK_exists,11749232,139
932,session_builder,11763483,345
932,OTPK_exists,11763556,138
933,session_builder,11778620,352
933,OTPK_exists,11778691,138
934,session_builder,11791886,265
934,OTPK_exists,11791991,101
935,session_builder,11803931,357
935,OTPK_exists,11804000,142
936,session_builder,11815178,347
936,OTPK_exists,11815248,138
937,session_builder,11826098,355
937,OTPK_exists,11826169,150
938,session_builder,11837657,353
938,OTPK_exists,11837728,138
939,session_builder,11848338,394
939,OTPK_exists,11848414,162
940,session_builder,11860718,348
940,OTPK_exists,11860781,139
941,session_builder,11873523,350
941,OTPK_exists,11873595,140
942,session_builder,11888602,355
942,OTPK_exists,11888678,139
943,session_builder,11899018,315
943,OTPK_exists,11899069,100
944,session_builder,11914134,355
944,OTPK_exists,11914207,142
945,session_builder,11927189,358
945,OTPK_exists,11927258,134
946,session_builder,11938890,753
946,OTPK_exists,11938960,142
947,session_builder,11949300,711
947,OTPK_exists,11949368,139
948,session_builder,11963674,343
948,OTPK_exists,11963747,142
949,session_builder,11974074,615
949,OTPK_exists,11974097,47
950,session_builder,11985032,63
950,OTPK_exists,11985044,34
951,session_builder,11996981,171
951,OTPK_exists,11997002,65
952,session_builder,12007449,209
952,OTPK_exists,12007472,79
953,session_builder,12021970,160
953,OTPK_exists,12021990,66
954,session_builder,12035930,208
954,OTPK_exists,12035951,74
955,session_builder,12050412,208
955,OTPK_exists,12050425,76
956,session_builder,12064132,202
956,OTPK_exists,12064159,78
957,session_builder,12076653,213
957,OTPK_exists,12076673,78
958,session_builder,12088684,228
958,OTPK_exists,12088713,81
959,session_builder,12099518,183
959,OTPK_exists,12099548,75
960,session_builder,12113910,157
960,OTPK_exists,12113937,76
961,session_builder,12128594,200
961,OTPK_exists,12128631,120
962,session_builder,12139542,210
962,OTPK_exists,12139559,109
963,session_builder,12154227,201
963,OTPK_exists,12154246,74
964,session_builder,12167030,206
964,OTPK_exists,12167058,77
965,session_builder,12178654,220
965,OTPK_exists,12178689,76
966,session_builder,12188746,254
966,OTPK_exists,12188773,77
967,session_builder,12201753,192
967,OTPK_exists,12201782,169
968,session_builder,12213040,91
968,OTPK_exists,12213055,24
969,session_builder,12223402,50
969,OTPK_exists,12223416,33
970,session_builder,12237947,50
970,OTPK_exists,12237960,22
971,session_builder,12252975,51
971,OTPK_exists,12252989,23
972,session_builder,12268003,50
972,OTPK_exists,12268017,23
973,session_builder,12278484,48
973,OTPK_exists,12278498,24
974,session_builder,12288529,142
974,OTPK_exists,12288585,69
975,session_builder,12301932,190
975,OTPK_exists,12301957,71
976,session_builder,12314368,200
976,OTPK_exists,12314395,73
977,session_builder,12327582,203
977,OTPK_exists,12327611,77
978,session_builder,12337635,246
978,OTPK_exists,12337677,76
979,session_builder,12347816,302
979,OTPK_exists,12347863,119
980,session_builder,12361572,255
980,OTPK_exists,12361608,121
981,session_builder,12373478,696
981,OTPK_exists,12373554,141
982,session_builder,12388517,373
982,OTPK_exists,12388597,142
983,session_builder,12403733,358
983,OTPK_exists,12403803,151
984,session_builder,12415170,239
984,OTPK_exists,12415206,90
985,session_builder,12429561,402
985,OTPK_exists,12429635,147
986,session_builder,12441318,288
986,OTPK_exists,12441367,105
987,session_builder,12452324,673
987,OTPK_exists,12452378,147
988,session_builder,12462547,351
988,OTPK_exists,12462619,142
989,session_builder,12473511,392
989,OTPK_exists,12473589,156
990,session_builder,12488532,370
990,OTPK_exists,12488604,143
991,session_builder,12501394,394
991,OTPK_exists,12501467,136
992,session_builder,12512653,399
992,OTPK_exists,12512724,145
993,session_builder,12523856,261
993,OTPK_exists,12523887,105
994,session_builder,12538718,263
994,OTPK_exists,12538755,105
995,session_builder,12548893,242
995,OTPK_exists,12548927,88
996,session_builder,12559212,277
996,OTPK_exists,12559257,418
997,session_builder,12570376,365
997,OTPK_exists,12570445,149
998,session_builder,12580962,420
998,OTPK_exists,12581014,136
999,session_builder,12594462,236
999,OTPK_exists,12594498,86
1000,session_builder,12608219,358
1000,OTPK_exists,12608295,222
1001,session_builder,12622392,352
1001,OTPK_exists,12622462,140
1002,session_builder,12634354,349
1002,OTPK_exists,12634428,141
1003,session_builder,12648553,398
1003,OTPK_exists,12648624,144
1004,session_builder,12659360,329
1004,OTPK_exists,12659475,103
1005,session_builder,12670174,370
1005,OTPK_exists,12670245,476
1006,session_builder,12682083,356
1006,OTPK_exists,12682154,384
1007,session_builder,12694619,278
1007,OTPK_exists,12694662,113
1008,session_builder,12705133,352
1008,OTPK_exists,12705204,135
1009,session_builder,12715888,375
1009,OTPK_exists,12716011,136
1010,session_builder,12728184,265
1010,OTPK_exists,12728223,100
1011,session_builder,12743281,350
1011,OTPK_exists,12743353,141
1012,session_builder,12755394,353
1012,OTPK_exists,12755504,132
1013,session_builder,12770020,342
1013,OTPK_exists,12770092,137
1014,session_builder,12785158,353
1014,OTPK_exists,12785230,141
1015,session_builder,12800304,351
1015,OTPK_exists,12800378,140
1016,session_builder,12810801,346
1016,OTPK_exists,12810873,140
1017,session_builder,12823495,710
1017,OTPK_exists,12823567,141
1018,session_builder,12837874,480
1018,OTPK_exists,12837945,142
1019,session_builder,12850170,364
1019,OTPK_exists,12850240,144
1020,session_builder,12861385,340
1020,OTPK_exists,12861455,142
1021,session_builder,12872669,369
1021,OTPK_exists,12872743,133
1022,session_builder,12884721,354
1022,OTPK_exists,12884773,142
1023,session_builder,12895135,341
1023,OTPK_exists,12895205,141
1024,session_builder,12906923,341
1024,OTPK_exists,12906971,134
1025,session_builder,12917583,233
1025,OTPK_exists,12917634,77
1026,session_builder,12929688,269
1026,OTPK_exists,12929728,104
1027,session_builder,12941876,349
1027,OTPK_exists,12941946,144
1028,session_builder,12956910,269
1028,OTPK_exists,12956948,106
1029,session_builder,12972009,361
1029,OTPK_exists,12972081,135
1030,session_builder,12985957,344
1030,OTPK_exists,12986010,139
1031,session_builder,12997294,403
1031,OTPK_exists,12997401,171
1032,session_builder,13009716,380
1032,OTPK_exists,13009778,142
1033,session_builder,13023493,270
1033,OTPK_exists,13023547,117
1034,session_builder,13037857,411
1034,OTPK_exists,13037933,147
1035,session_builder,13050949,343
1035,OTPK_exists,13051017,142
1036,session_builder,13064112,377
1036,OTPK_exists,13064192,146
1037,session_builder,13075621,271
1037,OTPK_exists,13075656,106
1038,session_builder,13086555,346
1038,OTPK_exists,13086608,133
1039,session_builder,13098851,350
1039,OTPK_exists,13098908,144
1040,session_builder,13112365,263
1040,OTPK_exists,13112409,104
1041,session_builder,13123447,261
1041,OTPK_exists,13123492,107
1042,session_builder,13136390,295
1042,OTPK_exists,13136443,404
1043,session_builder,13149190,369
1043,OTPK_exists,13149265,158
1044,session_builder,13164316,347
1044,OTPK_exists,13164373,137
1045,session_builder,13178045,275
1045,OTPK_exists,13178083,100
1046,session_builder,13193057,236
1046,OTPK_exists,13193090,88
1047,session_builder,13206939,341
1047,OTPK_exists,13207012,138
1048,session_builder,13221615,489
1048,OTPK_exists,13221684,135
1049,session_builder,13235188,285
1049,OTPK_exists,13235226,105
1050,session_builder,13245636,381
1050,OTPK_exists,13245707,139
1051,session_builder,13256925,344
1051,OTPK_exists,13256981,139
1052,session_builder,13268701,594
1052,OTPK_exists,13268770,136
1053,session_builder,13283834,348
1053,OTPK_exists,13283906,140
1054,session_builder,13298971,344
1054,OTPK_exists,13299043,139
1055,session_builder,13309171,566
1055,OTPK_exists,13309241,139
1056,session_builder,13323462,357
1056,OTPK_exists,13323525,138
1057,session_builder,13334483,711
1057,OTPK_exists,13334546,148
1058,session_builder,13345334,359
1058,OTPK_exists,13345390,142
1059,session_builder,13358119,314
1059,OTPK_exists,13358167,104
1060,session_builder,13369384,352
1060,OTPK_exists,13369453,137
1061,session_builder,13380623,368
1061,OTPK_exists,13380692,137
1062,session_builder,13391634,363
1062,OTPK_exists,13391690,140
1063,session_builder,13402020,332
1063,OTPK_exists,13402074,80
1064,session_builder,13412502,386
1064,OTPK_exists,13412542,80
1065,session_builder,13423489,345
1065,OTPK_exists,13423571,136
1066,session_builder,13434242,358
1066,OTPK_exists,13434316,155
1067,session_builder,13448375,361
1067,OTPK_exists,13448430,145
1068,session_builder,13458548,266
1068,OTPK_exists,13458582,106
1069,session_builder,13473454,349
1069,OTPK_exists,13473537,139
1070,session_builder,13483843,667
1070,OTPK_exists,13483881,106
1071,session_builder,13495619,232
1071,OTPK_exists,13495656,80
1072,session_builder,13506939,349
1072,OTPK_exists,13507006,144
1073,session_builder,13517387,269
1073,OTPK_exists,13517438,117
1074,session_builder,13532449,365
1074,OTPK_exists,13532523,136
1075,session_builder,13544462,354
1075,OTPK_exists,13544535,141
1076,session_builder,13556905,601
1076,OTPK_exists,13556954,107
1077,session_builder,13567615,235
1077,OTPK_exists,13567654,91
1078,session_builder,13578878,366
1078,OTPK_exists,13578949,139
1079,session_builder,13590273,273
1079,OTPK_exists,13590322,104
1080,session_builder,13603029,351
1080,OTPK_exists,13603100,141
1081,session_builder,13615849,344
1081,OTPK_exists,13615912,140
1082,session_builder,13628661,265
1082,OTPK_exists,13628720,105
1083,session_builder,13639672,347
1083,OTPK_exists,13639725,132
1084,session_builder,13649776,393
1084,OTPK_exists,13649837,139
1085,session_builder,13664788,395
1085,OTPK_exists,13664868,145
1086,session_builder,13675576,237
1086,OTPK_exists,13675598,99
1087,session_builder,13689685,213
1087,OTPK_exists,13689715,86
1088,session_builder,13702442,350
1088,OTPK_exists,13702490,142
1089,session_builder,13717552,351
1089,OTPK_exists,13717624,137
1090,session_builder,13728083,346
1090,OTPK_exists,13728140,142
1091,session_builder,13741382,379
1091,OTPK_exists,13741455,133
1092,session_builder,13756479,678
1092,OTPK_exists,13756551,139
1093,session_builder,13770821,360
1093,OTPK_exists,13770893,133
1094,session_builder,13781599,227
1094,OTPK_exists,13781624,50
1095,session_builder,13794914,216
1095,OTPK_exists,13794943,84
1096,session_builder,13806907,210
1096,OTPK_exists,13806939,80
1097,session_builder,13818578,201
1097,OTPK_exists,13818606,29
1098,session_builder,13828731,259
1098,OTPK_exists,13828752,100
1099,session_builder,13841735,240
1099,OTPK_exists,13841760,83
1100,session_builder,13852770,232
1100,OTPK_exists,13852791,77
1101,session_builder,13863231,203
1101,OTPK_exists,13863259,77
1102,session_builder,13873406,230
1102,OTPK_exists,13873435,79
1103,session_builder,13884496,208
1103,OTPK_exists,13884523,421
1104,session_builder,13896209,281
1104,OTPK_exists,13896235,91
1105,session_builder,13906919,172
1105,OTPK_exists,13906940,30
1106,session_builder,13916998,210
1106,OTPK_exists,13917023,75
1107,session_builder,13928326,154
1107,OTPK_exists,13928345,75
1108,session_builder,13939355,287
1108,OTPK_exists,13939375,98
1109,session_builder,13952467,357
1109,OTPK_exists,13952537,142
1110,session_builder,13964468,346
1110,OTPK_exists,13964536,133
1111,session_builder,13979596,262
1111,OTPK_exists,13979688,104
1112,session_builder,13994577,362
1112,OTPK_exists,13994651,140
1113,session_builder,14006985,409
1113,OTPK_exists,14007058,143
1114,session_builder,14017391,355
1114,OTPK_exists,14017460,149
1115,session_builder,14027881,380
1115,OTPK_exists,14027951,164
1116,session_builder,14040840,350
1116,OTPK_exists,14040910,145
1117,session_builder,14054227,348
1117,OTPK_exists,14054343,139
1118,session_builder,14067455,346
1118,OTPK_exists,14067527,141
1119,session_builder,14077737,219
1119,OTPK_exists,14077761,83
1120,session_builder,14089478,636
1120,OTPK_exists,14089551,135
1121,session_builder,14104667,367
1121,OTPK_exists,14104741,152
1122,session_builder,14119811,348
1122,OTPK_exists,14119884,140
1123,session_builder,14134950,350
1123,OTPK_exists,14135022,138
1124,session_builder,14149163,415
1124,OTPK_exists,14149236,155
1125,session_builder,14160039,234
1125,OTPK_exists,14160079,91
1126,session_builder,14173507,398
1126,OTPK_exists,14173588,182
1127,session_builder,14186152,344
1127,OTPK_exists,14186225,152
1128,session_builder,14201337,343
1128,OTPK_exists,14201414,139
1129,session_builder,14216483,350
1129,OTPK_exists,14216556,142
1130,session_builder,14231621,352
1130,OTPK_exists,14231693,137
1131,session_builder,14244461,348
1131,OTPK_exists,14244534,138
1132,session_builder,14256980,384
1132,OTPK_exists,14257057,132
1133,session_builder,14268076,352
1133,OTPK_exists,14268147,135
1134,session_builder,14283317,350
1134,OTPK_exists,14283389,142
1135,session_builder,14295170,237
1135,OTPK_exists,14295208,87
1136,session_builder,14306992,347
1136,OTPK_exists,14307064,141
1137,session_builder,14322128,348
1137,OTPK_exists,14322200,139
1138,session_builder,14334782,364
1138,OTPK_exists,14334852,139
1139,session_builder,14349183,353
1139,OTPK_exists,14349260,138
1140,session_builder,14361920,347
1140,OTPK_exists,14361991,137
1141,session_builder,14373482,353
1141,OTPK_exists,14373551,141
1142,session_builder,14388619,350
1142,OTPK_exists,14388692,381
1143,session_builder,14399919,358
1143,OTPK_exists,14399994,144
1144,session_builder,14413951,398
1144,OTPK_exists,14414027,142
1145,session_builder,14426830,242
1145,OTPK_exists,14426866,147
1146,session_builder,14441384,219
1146,OTPK_exists,14441411,98
1147,session_builder,14451975,222
1147,OTPK_exists,14452001,83
1148,session_builder,14462145,217
1148,OTPK_exists,14462174,82
1149,session_builder,14473910,319
1149,OTPK_exists,14473965,157
1150,session_builder,14486485,249
1150,OTPK_exists,14486514,77
1151,session_builder,14498701,232
1151,OTPK_exists,14498729,77
1152,session_builder,14510386,261
1152,OTPK_exists,14510413,76
1153,session_builder,14523584,220
1153,OTPK_exists,14523615,79
1154,session_builder,14534086,262
1154,OTPK_exists,14534105,78
1155,session_builder,14548736,194
1155,OTPK_exists,14548759,73
1156,session_builder,14563458,200
1156,OTPK_exists,14563492,75
1157,session_builder,14577285,248
1157,OTPK_exists,14577320,97
1158,session_builder,14590299,219
1158,OTPK_exists,14590331,71
1159,session_builder,14600402,198
1159,OTPK_exists,14600435,73
1160,session_builder,14611345,193
1160,OTPK_exists,14611375,69
1161,session_builder,14623691,473
1161,OTPK_exists,14623715,83
1162,session_builder,14634048,196
1162,OTPK_exists,14634082,69
1163,session_builder,14647285,222
1163,OTPK_exists,14647315,70
1164,session_builder,14657843,489
1164,OTPK_exists,14657873,72
1165,session_builder,14672923,350
1165,OTPK_exists,14672995,142
1166,session_builder,14688059,351
1166,OTPK_exists,14688132,140
1167,session_builder,14701980,351
1167,OTPK_exists,14702053,142
1168,session_builder,14717146,345
1168,OTPK_exists,14717218,142
1169,session_builder,14732332,359
1169,OTPK_exists,14732407,151
1170,session_builder,14744498,386
1170,OTPK_exists,14744573,195
1171,session_builder,14757174,703
1171,OTPK_exists,14757243,150
1172,session_builder,14770325,622
1172,OTPK_exists,14770395,135
1173,session_builder,14785531,390
1173,OTPK_exists,14785607,156
1174,session_builder,14800646,346
1174,OTPK_exists,14800719,141
1175,session_builder,14815784,348
1175,OTPK_exists,14815857,139
1176,session_builder,14830844,344
1176,OTPK_exists,14830917,177
1177,session_builder,14842083,352
1177,OTPK_exists,14842150,139
1178,session_builder,14854958,346
1178,OTPK_exists,14855029,139
1179,session_builder,14870093,349
1179,OTPK_exists,14870166,141
1180,session_builder,14882017,360
1180,OTPK_exists,14882089,139
1181,session_builder,14894455,348
1181,OTPK_exists,14894529,138
1182,session_builder,14909230,364
1182,OTPK_exists,14909306,146
1183,session_builder,14923888,423
1183,OTPK_exists,14923962,164
1184,session_builder,14937517,347
1184,OTPK_exists,14937592,139
1185,session_builder,14951969,350
1185,OTPK_exists,14952039,134
1186,session_builder,14963537,344
1186,OTPK_exists,14963608,141
1187,session_builder,14978672,349
1187,OTPK_exists,14978745,140
1188,session_builder,14990185,355
1188,OTPK_exists,14990257,143
1189,session_builder,15005321,350
1189,OTPK_exists,15005394,141
1190,session_builder,15018159,347
1190,OTPK_exists,15018231,137
1191,session_builder,15031776,219
1191,OTPK_exists,15031801,82
1192,session_builder,15045703,346
1192,OTPK_exists,15045761,138
1193,session_builder,15058362,284
1193,OTPK_exists,15058412,112
1194,session_builder,15070338,353
1194,OTPK_exists,15070406,144
1195,session_builder,15084023,362
1195,OTPK_exists,15084091,137
1196,session_builder,15094522,386
1196,OTPK_exists,15094594,179
1197,session_builder,15109679,356
1197,OTPK_exists,15109752,145
1198,session_builder,15123588,354
1198,OTPK_exists,15123661,141
1199,session_builder,15138725,358
1199,OTPK_exists,15138799,146
1200,session_builder,15153910,346
1200,OTPK_exists,15153984,136
1201,session_builder,15169055,347
1201,OTPK_exists,15169128,140
1202,session_builder,15181713,265
1202,OTPK_exists,15181753,105
1203,session_builder,15191931,240
1203,OTPK_exists,15191964,91
1204,session_builder,15202481,357
1204,OTPK_exists,15202550,144
1205,session_builder,15217614,356
1205,OTPK_exists,15217686,140
1206,session_builder,15228662,713
1206,OTPK_exists,15228732,139
1207,session_builder,15243792,353
1207,OTPK_exists,15243865,145
1208,session_builder,15257433,218
1208,OTPK_exists,15257462,83
1209,session_builder,15269445,217
1209,OTPK_exists,15269464,31
1210,session_builder,15280487,248
1210,OTPK_exists,15280513,46
1211,session_builder,15293030,205
1211,OTPK_exists,15293112,78
1212,session_builder,15306984,206
1212,OTPK_exists,15307020,75
1213,session_builder,15322073,348
1213,OTPK_exists,15322146,138
1214,session_builder,15335454,267
1214,OTPK_exists,15335503,105
1215,session_builder,15346976,360
1215,OTPK_exists,15347035,145
1216,session_builder,15358063,161
1216,OTPK_exists,15358103,57
1217,session_builder,15373160,361
1217,OTPK_exists,15373235,143
1218,session_builder,15385496,362
1218,OTPK_exists,15385566,147
1219,session_builder,15396006,241
1219,OTPK_exists,15396049,92
1220,session_builder,15411106,359
1220,OTPK_exists,15411180,150
1221,session_builder,15423776,437
1221,OTPK_exists,15423854,150
1222,session_builder,15435162,421
1222,OTPK_exists,15435237,157
1223,session_builder,15449383,713
1223,OTPK_exists,15449453,140
1224,session_builder,15462181,320
1224,OTPK_exists,15462233,101
1225,session_builder,15473849,413
1225,OTPK_exists,15473928,140
1226,session_builder,15486616,358
1226,OTPK_exists,15486688,141
1227,session_builder,15497101,232
1227,OTPK_exists,15497157,46
1228,session_builder,15507507,221
1228,OTPK_exists,15507530,78
1229,session_builder,15517716,224
1229,OTPK_exists,15517746,79
1230,session_builder,15528937,216
1230,OTPK_exists,15528966,79
1231,session_builder,15542392,218
1231,OTPK_exists,15542456,76
1232,session_builder,15557175,347
1232,OTPK_exists,15557249,138
1233,session_builder,15572321,345
1233,OTPK_exists,15572394,139
1234,session_builder,15583128,353
1234,OTPK_exists,15583200,142
1235,session_builder,15595402,280
1235,OTPK_exists,15595452,110
1236,session_builder,15610510,355
1236,OTPK_exists,15610583,147
1237,session_builder,15620895,353
1237,OTPK_exists,15620965,145
1238,session_builder,15636020,381
1238,OTPK_exists,15636095,140
1239,session_builder,15649164,383
1239,OTPK_exists,15649239,158
1240,session_builder,15659908,351
1240,OTPK_exists,15659980,133
1241,session_builder,15673439,229
1241,OTPK_exists,15673473,103
1242,session_builder,15684515,216
1242,OTPK_exists,15684546,82
1243,session_builder,15694793,232
1243,OTPK_exists,15694850,153
1244,session_builder,15707220,354
1244,OTPK_exists,15707287,145
1245,session_builder,15722309,346
1245,OTPK_exists,15722383,137
1246,session_builder,15737448,349
1246,OTPK_exists,15737520,139
1247,session_builder,15749172,348
1247,OTPK_exists,15749225,167
1248,session_builder,15762811,369
1248,OTPK_exists,15762885,135
1249,session_builder,15773512,366
1249,OTPK_exists,15773591,190
1250,session_builder,15788659,361
1250,OTPK_exists,15788734,150
1251,session_builder,15799698,266
1251,OTPK_exists,15799745,105
1252,session_builder,15814523,346
1252,OTPK_exists,15814598,413
1253,session_builder,15827393,341
1253,OTPK_exists,15827463,140
1254,session_builder,15841783,350
1254,OTPK_exists,15841850,141
1255,session_builder,15856917,347
1255,OTPK_exists,15856987,140
1256,session_builder,15872051,350
1256,OTPK_exists,15872124,141
1257,session_builder,15887108,348
1257,OTPK_exists,15887176,140
1258,session_builder,15899723,229
1258,OTPK_exists,15899747,49
1259,session_builder,15910152,357
1259,OTPK_exists,15910176,81
1260,session_builder,15924486,215
1260,OTPK_exists,15924517,96
1261,session_builder,15934876,109
1261,OTPK_exists,15934904,34
1262,session_builder,15949955,354
1262,OTPK_exists,15950028,142
1263,session_builder,15960317,236
1263,OTPK_exists,15960348,87
1264,session_builder,15974132,361
1264,OTPK_exists,15974204,137
1265,session_builder,15987646,350
1265,OTPK_exists,15987717,143
1266,session_builder,16000163,358
1266,OTPK_exists,16000236,139
1267,session_builder,16013346,351
1267,OTPK_exists,16013418,140
1268,session_builder,16024113,352
1268,OTPK_exists,16024189,141
1269,session_builder,16037043,358
1269,OTPK_exists,16037117,134
1270,session_builder,16049163,344
1270,OTPK_exists,16049236,140
1271,session_builder,16059878,426
1271,OTPK_exists,16059950,136
1272,session_builder,16075013,347
1272,OTPK_exists,16075086,140
1273,session_builder,16090146,350
1273,OTPK_exists,16090219,139
1274,session_builder,16105285,347
1274,OTPK_exists,16105357,140
1275,session_builder,16115591,347
1275,OTPK_exists,16115659,140
1276,session_builder,16125856,239
1276,OTPK_exists,16125897,88
1277,session_builder,16139832,345
1277,OTPK_exists,16139905,136
1278,session_builder,16154620,347
1278,OTPK_exists,16154691,135
1279,session_builder,16168022,448
1279,OTPK_exists,16168098,139
1280,session_builder,16178237,343
1280,OTPK_exists,16178302,142
1281,session_builder,16190893,347
1281,OTPK_exists,16190967,134
1282,session_builder,16206080,345
1282,OTPK_exists,16206152,139
1283,session_builder,16221218,349
1283,OTPK_exists,16221291,139
1284,session_builder,16236357,351
1284,OTPK_exists,16236429,139
1285,session_builder,16249164,360
1285,OTPK_exists,16249237,133
1286,session_builder,16264350,345
1286,OTPK_exists,16264422,134
1287,session_builder,16276312,343
1287,OTPK_exists,16276380,143
1288,session_builder,16291498,389
1288,OTPK_exists,16291571,140
1289,session_builder,16305610,352
1289,OTPK_exists,16305684,142
1290,session_builder,16320749,356
1290,OTPK_exists,16320822,144
1291,session_builder,16333981,389
1291,OTPK_exists,16334054,133
1292,session_builder,16344171,262
1292,OTPK_exists,16344217,106
1293,session_builder,16357746,343
1293,OTPK_exists,16357820,151
1294,session_builder,16371438,362
1294,OTPK_exists,16371509,141
1295,session_builder,16386604,358
1295,OTPK_exists,16386677,146
1296,session_builder,16397039,236
1296,OTPK_exists,16397080,88
1297,session_builder,16412134,347
1297,OTPK_exists,16412206,139
1298,session_builder,16424619,346
1298,OTPK_exists,16424685,141
1299,session_builder,16435897,279
1299,OTPK_exists,16435951,107
1300,session_builder,16451012,351
1300,OTPK_exists,16451085,168
1301,session_builder,16461213,241
1301,OTPK_exists,16461248,89
1302,session_builder,16474447,299
1302,OTPK_exists,16474485,112
1303,session_builder,16485549,421
1303,OTPK_exists,16485622,149
1304,session_builder,16499421,275
1304,OTPK_exists,16499462,109
1305,session_builder,16514520,366
1305,OTPK_exists,16514595,151
1306,session_builder,16524694,363
1306,OTPK_exists,16524762,153
1307,session_builder,16536210,368
1307,OTPK_exists,16536268,152
1308,session_builder,16549889,347
1308,OTPK_exists,16549961,137
1309,session_builder,16561770,282
1309,OTPK_exists,16561831,108
1310,session_builder,16576897,353
1310,OTPK_exists,16576970,147
1311,session_builder,16591212,359
1311,OTPK_exists,16591291,137
1312,session_builder,16606104,221
1312,OTPK_exists,16606126,81
1313,session_builder,16617782,222
1313,OTPK_exists,16617811,80
1314,session_builder,16631452,164
1314,OTPK_exists,16631480,80
1315,session_builder,16646533,347
1315,OTPK_exists,16646605,139
1316,session_builder,16656927,238
1316,OTPK_exists,16656961,86
1317,session_builder,16671212,217
1317,OTPK_exists,16671286,83
1318,session_builder,16682217,266
1318,OTPK_exists,16682252,106
1319,session_builder,16693677,274
1319,OTPK_exists,16693726,99
1320,session_builder,16707936,350
1320,OTPK_exists,16708011,149
1321,session_builder,16723077,360
1321,OTPK_exists,16723151,149
1322,session_builder,16738218,361
1322,OTPK_exists,16738293,153
1323,session_builder,16753365,361
1323,OTPK_exists,16753439,151
1324,session_builder,16767682,386
1324,OTPK_exists,16767758,150
1325,session_builder,16780706,360
1325,OTPK_exists,16780779,150
1326,session_builder,16791339,377
1326,OTPK_exists,16791416,150
1327,session_builder,16801805,241
1327,OTPK_exists,16801845,107
1328,session_builder,16816908,351
1328,OTPK_exists,16816981,146
1329,session_builder,16827046,187
1329,OTPK_exists,16827075,41
1330,session_builder,16842136,347
1330,OTPK_exists,16842209,145
1331,session_builder,16857272,353
1331,OTPK_exists,16857344,143
1332,session_builder,16867581,271
1332,OTPK_exists,16867625,111
1333,session_builder,16878092,222
1333,OTPK_exists,16878113,35
1334,session_builder,16891788,213
1334,OTPK_exists,16891819,78
1335,session_builder,16906895,220
1335,OTPK_exists,16906980,78
1336,session_builder,16922045,346
1336,OTPK_exists,16922117,137
1337,session_builder,16934483,270
1337,OTPK_exists,16934522,106
1338,session_builder,16944571,347
1338,OTPK_exists,16944641,139
1339,session_builder,16958079,364
1339,OTPK_exists,16958153,142
1340,session_builder,16973237,352
1340,OTPK_exists,16973311,144
1341,session_builder,16988376,344
1341,OTPK_exists,16988449,141
1342,session_builder,17000477,342
1342,OTPK_exists,17000529,132
1343,session_builder,17011362,223
1343,OTPK_exists,17011396,96
1344,session_builder,17025192,214
1344,OTPK_exists,17025215,81
1345,session_builder,17035960,159
1345,OTPK_exists,17035985,80
1346,session_builder,17051037,347
1346,OTPK_exists,17051108,140
1347,session_builder,17063929,350
1347,OTPK_exists,17064002,134
1348,session_builder,17075593,355
1348,OTPK_exists,17075664,136
1349,session_builder,17090723,349
1349,OTPK_exists,17090795,141
1350,session_builder,17105868,352
1350,OTPK_exists,17105941,141
1351,session_builder,17119389,663
1351,OTPK_exists,17119463,141
1352,session_builder,17134575,348
1352,OTPK_exists,17134646,136
1353,session_builder,17145531,218
1353,OTPK_exists,17145565,80
1354,session_builder,17158721,345
1354,OTPK_exists,17158794,495
1355,session_builder,17173481,350
1355,OTPK_exists,17173551,141
1356,session_builder,17188374,352
1356,OTPK_exists,17188445,153
1357,session_builder,17201912,344
1357,OTPK_exists,17201982,140
1358,session_builder,17217046,348
1358,OTPK_exists,17217119,140
1359,session_builder,17228801,265
1359,OTPK_exists,17228850,104
1360,session_builder,17243906,352
1360,OTPK_exists,17243979,145
1361,session_builder,17258242,351
1361,OTPK_exists,17258314,134
1362,session_builder,17273379,349
1362,OTPK_exists,17273466,139
1363,session_builder,17287173,355
1363,OTPK_exists,17287245,141
1364,session_builder,17297529,310
1364,OTPK_exists,17297581,109
1365,session_builder,17309951,342
1365,OTPK_exists,17310024,138
1366,session_builder,17323504,341
1366,OTPK_exists,17323574,140
1367,session_builder,17334765,355
1367,OTPK_exists,17334835,143
1368,session_builder,17346025,359
1368,OTPK_exists,17346090,143
1369,session_builder,17358358,365
1369,OTPK_exists,17358481,140
1370,session_builder,17373583,367
1370,OTPK_exists,17373657,162
1371,session_builder,17388724,363
1371,OTPK_exists,17388799,155
1372,session_builder,17399062,344
1372,OTPK_exists,17399127,139
1373,session_builder,17409797,345
1373,OTPK_exists,17409870,134
1374,session_builder,17423453,352
1374,OTPK_exists,17423566,141
1375,session_builder,17436632,373
1375,OTPK_exists,17436706,137
1376,session_builder,17448662,223
1376,OTPK_exists,17448687,91
1377,session_builder,17459731,126
1377,OTPK_exists,17459750,32
1378,session_builder,17473450,226
1378,OTPK_exists,17473483,93
1379,session_builder,17483861,180
1379,OTPK_exists,17483884,40
1380,session_builder,17495768,132
1380,OTPK_exists,17495788,31
1381,session_builder,17506962,351
1381,OTPK_exists,17507029,135
1382,session_builder,17522094,346
1382,OTPK_exists,17522166,141
1383,session_builder,17533234,263
1383,OTPK_exists,17533281,105
1384,session_builder,17544511,388
1384,OTPK_exists,17544587,156
1385,session_builder,17557526,238
1385,OTPK_exists,17557558,89
1386,session_builder,17568429,215
1386,OTPK_exists,17568461,78
1387,session_builder,17582365,211
1387,OTPK_exists,17582387,123
1388,session_builder,17596470,214
1388,OTPK_exists,17596489,79
1389,session_builder,17608453,222
1389,OTPK_exists,17608475,79
1390,session_builder,17623456,231
1390,OTPK_exists,17623484,79
1391,session_builder,17636419,228
1391,OTPK_exists,17636465,125
1392,session_builder,17646672,255
1392,OTPK_exists,17646694,96
1393,session_builder,17660627,220
1393,OTPK_exists,17660670,81
1394,session_builder,17675148,214
1394,OTPK_exists,17675170,80
1395,session_builder,17685934,209
1395,OTPK_exists,17685961,78
1396,session_builder,17696059,216
1396,OTPK_exists,17696084,76
1397,session_builder,17708486,205
1397,OTPK_exists,17708507,75
1398,session_builder,17723452,223
1398,OTPK_exists,17723480,94
1399,session_builder,17734323,206
1399,OTPK_exists,17734349,95
1400,session_builder,17744469,231
1400,OTPK_exists,17744489,79
1401,session_builder,17755025,211
1401,OTPK_exists,17755045,77
1402,session_builder,17767401,238
1402,OTPK_exists,17767440,414
1403,session_builder,17778673,382
1403,OTPK_exists,17778750,148
1404,session_builder,17792390,359
1404,OTPK_exists,17792463,150
1405,session_builder,17806903,592
1405,OTPK_exists,17806922,105
1406,session_builder,17816953,227
1406,OTPK_exists,17816974,79
1407,session_builder,17828171,237
1407,OTPK_exists,17828198,95
1408,session_builder,17842029,353
1408,OTPK_exists,17842100,158
1409,session_builder,17856932,347
1409,OTPK_exists,17856987,134
1410,session_builder,17872072,346
1410,OTPK_exists,17872144,142
1411,session_builder,17884092,370
1411,OTPK_exists,17884169,443
1412,session_builder,17898982,243
1412,OTPK_exists,17899020,101
1413,session_builder,17909762,269
1413,OTPK_exists,17909803,109
1414,session_builder,17923435,267
1414,OTPK_exists,17923532,107
1415,session_builder,17938072,350
1415,OTPK_exists,17938147,233
1416,session_builder,17953253,365
1416,OTPK_exists,17953317,151
1417,session_builder,17968392,216
1417,OTPK_exists,17968466,82
1418,session_builder,17981231,357
1418,OTPK_exists,17981308,139
1419,session_builder,17994476,347
1419,OTPK_exists,17994549,138
1420,session_builder,18006938,165
1420,OTPK_exists,18006972,66
1421,session_builder,18021447,65
1421,OTPK_exists,18021467,29
1422,session_builder,18035344,120
1422,OTPK_exists,18035365,33
1423,session_builder,18045499,157
1423,OTPK_exists,18045520,29
1424,session_builder,18058803,221
1424,OTPK_exists,18058826,91
1425,session_builder,18073438,205
1425,OTPK_exists,18073466,91
1426,session_builder,18086985,204
1426,OTPK_exists,18087037,71
1427,session_builder,18097160,212
1427,OTPK_exists,18097177,71
1428,session_builder,18107698,190
1428,OTPK_exists,18107719,70
1429,session_builder,18120164,188
1429,OTPK_exists,18120224,36
1430,session_builder,18133603,192
1430,OTPK_exists,18133629,69
1431,session_builder,18144411,51
1431,OTPK_exists,18144460,23
1432,session_builder,18159278,209
1432,OTPK_exists,18159291,72
1433,session_builder,18173415,214
1433,OTPK_exists,18173472,75
1434,session_builder,18184263,197
1434,OTPK_exists,18184296,74
1435,session_builder,18194435,239
1435,OTPK_exists,18194509,26
1436,session_builder,18208841,213
1436,OTPK_exists,18208871,87
1437,session_builder,18219678,50
1437,OTPK_exists,18219695,25
1438,session_builder,18231371,193
1438,OTPK_exists,18231396,25
1439,session_builder,18244557,160
1439,OTPK_exists,18244583,69
1440,session_builder,18255195,207
1440,OTPK_exists,18255221,71
1441,session_builder,18267575,196
1441,OTPK_exists,18267604,87
1442,session_builder,18278351,265
1442,OTPK_exists,18278368,24
1443,session_builder,18291665,48
1443,OTPK_exists,18291680,25
1444,session_builder,18302481,188
1444,OTPK_exists,18302507,69
1445,session_builder,18317524,144
1445,OTPK_exists,18317544,24
1446,session_builder,18328610,142
1446,OTPK_exists,18328693,90
1447,session_builder,18340440,139
1447,OTPK_exists,18340467,70
1448,session_builder,18350994,128
1448,OTPK_exists,18351013,34
1449,session_builder,18362261,142
1449,OTPK_exists,18362280,70
1450,session_builder,18372546,166
1450,OTPK_exists,18372617,30
1451,session_builder,18385520,203
1451,OTPK_exists,18385544,25
1452,session_builder,18396482,132
1452,OTPK_exists,18396502,24
1453,session_builder,18411519,98
1453,OTPK_exists,18411537,24
1454,session_builder,18421754,97
1454,OTPK_exists,18421771,23
1455,session_builder,18435596,147
1455,OTPK_exists,18435622,24
1456,session_builder,18447783,195
1456,OTPK_exists,18447825,70
1457,session_builder,18459058,260
1457,OTPK_exists,18459122,75
1458,session_builder,18473024,142
1458,OTPK_exists,18473042,24
1459,session_builder,18486449,215
1459,OTPK_exists,18486490,73
1460,session_builder,18497347,231
1460,OTPK_exists,18497364,106
1461,session_builder,18509084,198
1461,OTPK_exists,18509132,28
1462,session_builder,18524150,145
1462,OTPK_exists,18524172,27
1463,session_builder,18539192,100
1463,OTPK_exists,18539239,59
1464,session_builder,18551197,271
1464,OTPK_exists,18551233,96
1465,session_builder,18562491,257
1465,OTPK_exists,18562522,72
1466,session_builder,18577539,96
1466,OTPK_exists,18577560,25
1467,session_builder,18592316,148
1467,OTPK_exists,18592374,25
1468,session_builder,18602533,196
1468,OTPK_exists,18602548,70
1469,session_builder,18612987,195
1469,OTPK_exists,18613063,70
1470,session_builder,18623494,95
1470,OTPK_exists,18623516,72
1471,session_builder,18638552,97
1471,OTPK_exists,18638578,81
1472,session_builder,18648650,232
1472,OTPK_exists,18648695,71
1473,session_builder,18659033,193
1473,OTPK_exists,18659060,70
1474,session_builder,18674078,97
1474,OTPK_exists,18674104,56
1475,session_builder,18686281,100
1475,OTPK_exists,18686298,25
1476,session_builder,18700342,208
1476,OTPK_exists,18700384,76
1477,session_builder,18713312,241
1477,OTPK_exists,18713364,120
1478,session_builder,18723533,111
1478,OTPK_exists,18723550,25
1479,session_builder,18736537,98
1479,OTPK_exists,18736554,24
1480,session_builder,18749772,146
1480,OTPK_exists,18749795,85
1481,session_builder,18760656,49
1481,OTPK_exists,18760690,25
1482,session_builder,18773456,47
1482,OTPK_exists,18773474,24
1483,session_builder,18788490,140
1483,OTPK_exists,18788510,24
1484,session_builder,18801880,191
1484,OTPK_exists,18801902,84
1485,session_builder,18816921,191
1485,OTPK_exists,18816939,70
1486,session_builder,18827374,262
1486,OTPK_exists,18827405,70
1487,session_builder,18842423,186
1487,OTPK_exists,18842450,24
1488,session_builder,18855795,193
1488,OTPK_exists,18855814,69
1489,session_builder,18868424,198
1489,OTPK_exists,18868444,69
1490,session_builder,18882213,193
1490,OTPK_exists,18882235,71
1491,session_builder,18894896,243
1491,OTPK_exists,18894916,95
1492,session_builder,18905594,198
1492,OTPK_exists,18905610,71
1493,session_builder,18919781,192
1493,OTPK_exists,18919850,73
1494,session_builder,18930974,192
1494,OTPK_exists,18930992,68
1495,session_builder,18942710,101
1495,OTPK_exists,18942729,23
1496,session_builder,18957391,195
1496,OTPK_exists,18957411,70
1497,session_builder,18969260,193
1497,OTPK_exists,18969287,69
1498,session_builder,18984304,149
1498,OTPK_exists,18984325,23
1499,session_builder,18994496,114
1499,OTPK_exists,18994513,73
1500,session_builder,19006901,192
1500,OTPK_exists,19006928,70
1501,session_builder,19021289,104
1501,OTPK_exists,19021311,23
1502,session_builder,19034659,165
1502,OTPK_exists,19034678,23
1503,session_builder,19044729,101
1503,OTPK_exists,19044749,24
1504,session_builder,19059440,192
1504,OTPK_exists,19059471,74
1505,session_builder,19073655,51
1505,OTPK_exists,19073679,27
1506,session_builder,19088698,144
1506,OTPK_exists,19088717,27
1507,session_builder,19103760,191
1507,OTPK_exists,19103779,70
1508,session_builder,19116092,149
1508,OTPK_exists,19116130,63
1509,session_builder,19126196,211
1509,OTPK_exists,19126228,28
1510,session_builder,19136297,192
1510,OTPK_exists,19136317,71
1511,session_builder,19146694,192
1511,OTPK_exists,19146734,70
1512,session_builder,19156935,227
1512,OTPK_exists,19156958,87
1513,session_builder,19167703,145
1513,OTPK_exists,19167728,24
1514,session_builder,19182744,113
1514,OTPK_exists,19182763,24
1515,session_builder,19192784,98
1515,OTPK_exists,19192806,24
1516,session_builder,19202945,192
1516,OTPK_exists,19202969,24
1517,session_builder,19217987,260
1517,OTPK_exists,19218010,70
1518,session_builder,19229015,124
1518,OTPK_exists,19229040,38
1519,session_builder,19244077,147
1519,OTPK_exists,19244100,28
1520,session_builder,19255212,196
1520,OTPK_exists,19255236,71
1521,session_builder,19270306,191
1521,OTPK_exists,19270336,72
1522,session_builder,19285353,46
1522,OTPK_exists,19285370,25
1523,session_builder,19295538,153
1523,OTPK_exists,19295572,71
1524,session_builder,19306570,201
1524,OTPK_exists,19306589,71
1525,session_builder,19317733,196
1525,OTPK_exists,19317757,71
1526,session_builder,19327962,197
1526,OTPK_exists,19327981,70
1527,session_builder,19340274,254
1527,OTPK_exists,19340312,78
1528,session_builder,19355329,142
1528,OTPK_exists,19355346,23
1529,session_builder,19369461,99
1529,OTPK_exists,19369481,23
1530,session_builder,19380320,100
1530,OTPK_exists,19380337,23
1531,session_builder,19392173,135
1531,OTPK_exists,19392192,22
1532,session_builder,19406900,145
1532,OTPK_exists,19406921,23
1533,session_builder,19421937,49
1533,OTPK_exists,19421953,23
1534,session_builder,19436971,147
1534,OTPK_exists,19436992,22
1535,session_builder,19448278,164
1535,OTPK_exists,19448348,71
1536,session_builder,19459517,95
1536,OTPK_exists,19459539,24
1537,session_builder,19472327,48
1537,OTPK_exists,19472347,24
1538,session_builder,19487364,96
1538,OTPK_exists,19487386,22
1539,session_builder,19500268,144
1539,OTPK_exists,19500284,69
1540,session_builder,19515302,156
1540,OTPK_exists,19515324,23
1541,session_builder,19525991,48
1541,OTPK_exists,19526007,24
1542,session_builder,19541023,94
1542,OTPK_exists,19541046,23
1543,session_builder,19552723,168
1543,OTPK_exists,19552753,77
1544,session_builder,19567771,142
1544,OTPK_exists,19567797,23
1545,session_builder,19582814,93
1545,OTPK_exists,19582835,24
1546,session_builder,19595915,173
1546,OTPK_exists,19595960,58
1547,session_builder,19606791,92
1547,OTPK_exists,19606808,34
1548,session_builder,19617858,99
1548,OTPK_exists,19617907,26
1549,session_builder,19627978,327
1549,OTPK_exists,19628014,24
1550,session_builder,19643030,93
1550,OTPK_exists,19643050,24
1551,session_builder,19658065,94
1551,OTPK_exists,19658088,25
1552,session_builder,19673105,143
1552,OTPK_exists,19673123,70
1553,session_builder,19688140,93
1553,OTPK_exists,19688159,24
1554,session_builder,19699347,150
1554,OTPK_exists,19699425,73
1555,session_builder,19714455,45
1555,OTPK_exists,19714472,23
1556,session_builder,19729488,93
1556,OTPK_exists,19729507,24
1557,session_builder,19744523,93
1557,OTPK_exists,19744542,24
1558,session_builder,19759557,94
1558,OTPK_exists,19759573,24
1559,session_builder,19774589,140
1559,OTPK_exists,19774609,24
1560,session_builder,19785950,216
1560,OTPK_exists,19785969,86
1561,session_builder,19796070,93
1561,OTPK_exists,19796086,57
1562,session_builder,19806994,140
1562,OTPK_exists,19807027,61
1563,session_builder,19822045,151
1563,OTPK_exists,19822069,69
1564,session_builder,19837084,45
1564,OTPK_exists,19837100,23
1565,session_builder,19852115,96
1565,OTPK_exists,19852135,24
1566,session_builder,19867152,92
1566,OTPK_exists,19867171,24
1567,session_builder,19882187,46
1567,OTPK_exists,19882204,24
1568,session_builder,19893328,94
1568,OTPK_exists,19893345,24
1569,session_builder,19903784,194
1569,OTPK_exists,19903822,108
1570,session_builder,19918840,140
1570,OTPK_exists,19918867,70
1571,session_builder,19930502,79
1571,OTPK_exists,19930519,32
1572,session_builder,19944712,150
1572,OTPK_exists,19944757,24
1573,session_builder,19955329,246
1573,OTPK_exists,19955375,118
1574,session_builder,19968380,118
1574,OTPK_exists,19968402,32
1575,session_builder,19978707,48
1575,OTPK_exists,19978722,24
1576,session_builder,19993347,215
1576,OTPK_exists,19993370,23
1577,session_builder,20008386,110
1577,OTPK_exists,20008407,24
1578,session_builder,20023411,114
1578,OTPK_exists,20023428,24
1579,session_builder,20035906,99
1579,OTPK_exists,20035925,24
1580,session_builder,20050941,143
1580,OTPK_exists,20050959,23
1581,session_builder,20064174,50
1581,OTPK_exists,20064206,23
1582,session_builder,20075223,99
1582,OTPK_exists,20075242,24
1583,session_builder,20086398,96
1583,OTPK_exists,20086431,23
1584,session_builder,20101479,105
1584,OTPK_exists,20101500,22
1585,session_builder,20112696,95
1585,OTPK_exists,20112713,22
1586,session_builder,20127266,102
1586,OTPK_exists,20127289,24
1587,session_builder,20141125,45
1587,OTPK_exists,20141145,27
1588,session_builder,20156163,92
1588,OTPK_exists,20156181,24
1589,session_builder,20171198,139
1589,OTPK_exists,20171224,24
1590,session_builder,20184471,48
1590,OTPK_exists,20184491,23
1591,session_builder,20199521,137
1591,OTPK_exists,20199538,108
1592,session_builder,20210152,200
1592,OTPK_exists,20210233,71
1593,session_builder,20223864,355
1593,OTPK_exists,20223932,144
1594,session_builder,20239000,348
1594,OTPK_exists,20239072,142
1595,session_builder,20250021,353
1595,OTPK_exists,20250076,134
1596,session_builder,20260248,396
1596,OTPK_exists,20260326,148
1597,session_builder,20275435,349
1597,OTPK_exists,20275507,138
1598,session_builder,20285925,344
1598,OTPK_exists,20285998,135
1599,session_builder,20297373,354
1599,OTPK_exists,20297476,155
1600,session_builder,20310262,342
1600,OTPK_exists,20310331,140
1601,session_builder,20323479,345
1601,OTPK_exists,20323556,136
1602,session_builder,20336189,345
1602,OTPK_exists,20336257,137
1603,session_builder,20351321,349
1603,OTPK_exists,20351393,139
1604,session_builder,20361900,362
1604,OTPK_exists,20361967,142
1605,session_builder,20372986,376
1605,OTPK_exists,20373060,136
1606,session_builder,20388126,347
1606,OTPK_exists,20388198,140
1607,session_builder,20401816,350
1607,OTPK_exists,20401889,163
1608,session_builder,20417002,341
1608,OTPK_exists,20417075,139
1609,session_builder,20429959,348
1609,OTPK_exists,20430032,133
1610,session_builder,20444485,361
1610,OTPK_exists,20444554,134
1611,session_builder,20456938,351
1611,OTPK_exists,20457011,139
1612,session_builder,20467393,384
1612,OTPK_exists,20467464,135
1613,session_builder,20482529,350
1613,OTPK_exists,20482601,140
1614,session_builder,20493675,346
1614,OTPK_exists,20493748,142
1615,session_builder,20508812,348
1615,OTPK_exists,20508884,140
1616,session_builder,20522633,349
1616,OTPK_exists,20522701,469
1617,session_builder,20535930,344
1617,OTPK_exists,20536002,150
1618,session_builder,20549267,354
1618,OTPK_exists,20549337,137
1619,session_builder,20561683,185
1619,OTPK_exists,20561722,79
1620,session_builder,20573443,140
1620,OTPK_exists,20575614,52
1621,session_builder,20590679,358
1621,OTPK_exists,20590775,147
1622,session_builder,20602864,357
1622,OTPK_exists,20602950,142
1623,session_builder,20618023,354
1623,OTPK_exists,20618108,143
1624,session_builder,20629233,270
1624,OTPK_exists,20629289,103
1625,session_builder,20643659,354
1625,OTPK_exists,20643744,140
1626,session_builder,20656938,352
1626,OTPK_exists,20657024,139
1627,session_builder,20672105,346
1627,OTPK_exists,20672191,141
1628,session_builder,20687265,349
1628,OTPK_exists,20687349,140
1629,session_builder,20702361,355
1629,OTPK_exists,20702449,150
1630,session_builder,20717522,349
1630,OTPK_exists,20717606,138
1631,session_builder,20732679,350
1631,OTPK_exists,20732763,141
1632,session_builder,20744453,346
1632,OTPK_exists,20744539,141
1633,session_builder,20756937,347
1633,OTPK_exists,20757023,140
1634,session_builder,20772096,350
1634,OTPK_exists,20772181,141
1635,session_builder,20785933,347
1635,OTPK_exists,20786024,136
1636,session_builder,20801108,350
1636,OTPK_exists,20801193,142
1637,session_builder,20816268,352
1637,OTPK_exists,20816353,140
1638,session_builder,20828761,344
1638,OTPK_exists,20828846,133
1639,session_builder,20843918,344
1639,OTPK_exists,20844003,139
1640,session_builder,20858263,441
1640,OTPK_exists,20858352,144
1641,session_builder,20871482,231
1641,OTPK_exists,20871515,83
1642,session_builder,20886572,346
1642,OTPK_exists,20886656,139
1643,session_builder,20898985,263
1643,OTPK_exists,20899033,107
1644,session_builder,20914093,351
1644,OTPK_exists,20914178,141
1645,session_builder,20927273,346
1645,OTPK_exists,20927358,140
1646,session_builder,20942430,346
1646,OTPK_exists,20942515,141
1647,session_builder,20956984,345
1647,OTPK_exists,20957070,139
1648,session_builder,20972191,343
1648,OTPK_exists,20972277,140
1649,session_builder,20987350,349
1649,OTPK_exists,20987435,139
1650,session_builder,21000351,348
1650,OTPK_exists,21000436,142
1651,session_builder,21015509,350
1651,OTPK_exists,21015594,139
1652,session_builder,21028754,262
1652,OTPK_exists,21028815,103
1653,session_builder,21043877,353
1653,OTPK_exists,21043961,148
1654,session_builder,21056967,384
1654,OTPK_exists,21057053,144
1655,session_builder,21067553,366
1655,OTPK_exists,21067635,136
1656,session_builder,21082757,344
1656,OTPK_exists,21082843,138
1657,session_builder,21096682,267
1657,OTPK_exists,21096745,107
1658,session_builder,21106948,349
1658,OTPK_exists,21107033,140
1659,session_builder,21122155,349
1659,OTPK_exists,21122241,147
1660,session_builder,21137313,347
1660,OTPK_exists,21137398,141
1661,session_builder,21152469,349
1661,OTPK_exists,21152553,142
1662,session_builder,21162838,280
1662,OTPK_exists,21162895,106
1663,session_builder,21177337,341
1663,OTPK_exists,21177422,148
1664,session_builder,21192493,348
1664,OTPK_exists,21192578,140
1665,session_builder,21206937,348
1665,OTPK_exists,21207023,140
1666,session_builder,21219168,351
1666,OTPK_exists,21219252,143
1667,session_builder,21229370,271
1667,OTPK_exists,21229427,104
1668,session_builder,21244497,386
1668,OTPK_exists,21244586,135
1669,session_builder,21256938,264
1669,OTPK_exists,21256998,107
1670,session_builder,21269816,350
1670,OTPK_exists,21269899,139
1671,session_builder,21285024,432
1671,OTPK_exists,21285109,132
1672,session_builder,21296424,266
1672,OTPK_exists,21296481,106
1673,session_builder,21310785,355
1673,OTPK_exists,21310863,134
1674,session_builder,21325838,709
1674,OTPK_exists,21325920,135
1675,session_builder,21336146,267
1675,OTPK_exists,21336200,104
1676,session_builder,21347061,302
1676,OTPK_exists,21347113,109
1677,session_builder,21361290,349
1677,OTPK_exists,21361376,144
1678,session_builder,21373535,399
1678,OTPK_exists,21373619,167
1679,session_builder,21386783,370
1679,OTPK_exists,21386871,142
1680,session_builder,21401943,355
1680,OTPK_exists,21402028,145
1681,session_builder,21416527,244
1681,OTPK_exists,21416606,90
1682,session_builder,21431677,352
1682,OTPK_exists,21431763,145
1683,session_builder,21444727,346
1683,OTPK_exists,21444802,140
1684,session_builder,21456938,349
1684,OTPK_exists,21457023,139
1685,session_builder,21472096,354
1685,OTPK_exists,21472181,140
1686,session_builder,21487254,347
1686,OTPK_exists,21487339,140
1687,session_builder,21500277,352
1687,OTPK_exists,21500362,139
1688,session_builder,21515434,353
1688,OTPK_exists,21515520,143
1689,session_builder,21528072,363
1689,OTPK_exists,21528160,172
1690,session_builder,21543234,358
1690,OTPK_exists,21543319,142
1691,session_builder,21556937,349
1691,OTPK_exists,21557022,140
1692,session_builder,21572137,344
1692,OTPK_exists,21572223,134
1693,session_builder,21585712,341
1693,OTPK_exists,21585796,149
1694,session_builder,21600557,351
1694,OTPK_exists,21600641,137
1695,session_builder,21611120,369
1695,OTPK_exists,21611204,136
1696,session_builder,21623462,350
1696,OTPK_exists,21623546,139
1697,session_builder,21638629,355
1697,OTPK_exists,21638715,134
1698,session_builder,21651678,350
1698,OTPK_exists,21651763,132
1699,session_builder,21664915,271
1699,OTPK_exists,21665003,105
1700,session_builder,21680092,362
1700,OTPK_exists,21680180,149
1701,session_builder,21694625,352
1701,OTPK_exists,21694713,134
1702,session_builder,21706938,347
1702,OTPK_exists,21707023,140
1703,session_builder,21722146,358
1703,OTPK_exists,21722231,137
1704,session_builder,21737304,353
1704,OTPK_exists,21737389,145
1705,session_builder,21748327,315
1705,OTPK_exists,21748363,83
1706,session_builder,21761149,352
1706,OTPK_exists,21761224,162
1707,session_builder,21771346,358
1707,OTPK_exists,21771427,139
1708,session_builder,21784274,359
1708,OTPK_exists,21784402,142
1709,session_builder,21794868,396
1709,OTPK_exists,21794937,139
1710,session_builder,21805085,352
1710,OTPK_exists,21805169,145
1711,session_builder,21817196,359
1711,OTPK_exists,21817278,147
1712,session_builder,21829532,246
1712,OTPK_exists,21829576,88
1713,session_builder,21839647,348
1713,OTPK_exists,21839713,131
1714,session_builder,21850191,318
1714,OTPK_exists,21850232,100
1715,session_builder,21862175,381
1715,OTPK_exists,21862252,140
1716,session_builder,21873458,356
1716,OTPK_exists,21873550,139
1717,session_builder,21883842,372
1717,OTPK_exists,21883923,137
1718,session_builder,21898940,567
1718,OTPK_exists,21898979,87
1719,session_builder,21909025,265
1719,OTPK_exists,21909064,105
1720,session_builder,21923451,352
1720,OTPK_exists,21923537,138
1721,session_builder,21934466,272
1721,OTPK_exists,21934527,103
1722,session_builder,21944596,263
1722,OTPK_exists,21944649,103
1723,session_builder,21957695,230
1723,OTPK_exists,21957765,39
1724,session_builder,21971253,341
1724,OTPK_exists,21971329,137
1725,session_builder,21985914,367
1725,OTPK_exists,21985987,145
1726,session_builder,21999276,240
1726,OTPK_exists,21999311,88
1727,session_builder,22014405,349
1727,OTPK_exists,22014491,134
1728,session_builder,22028362,346
1728,OTPK_exists,22028447,150
1729,session_builder,22043033,349
1729,OTPK_exists,22043115,144
1730,session_builder,22056940,352
1730,OTPK_exists,22057021,139
1731,session_builder,22067129,266
1731,OTPK_exists,22067174,104
1732,session_builder,22081579,270
1732,OTPK_exists,22081674,106
1733,session_builder,22095093,355
1733,OTPK_exists,22095178,138
1734,session_builder,22106939,345
1734,OTPK_exists,22107025,139
1735,session_builder,22117786,366
1735,OTPK_exists,22117870,145
1736,session_builder,22128704,352
1736,OTPK_exists,22128787,139
1737,session_builder,22143421,374
1737,OTPK_exists,22143486,144
1738,session_builder,22157257,366
1738,OTPK_exists,22157324,139
1739,session_builder,22170747,366
1739,OTPK_exists,22170823,143
1740,session_builder,22185667,357
1740,OTPK_exists,22185753,159
1741,session_builder,22196179,272
1741,OTPK_exists,22196236,108
1742,session_builder,22210097,357
1742,OTPK_exists,22210180,141
1743,session_builder,22223437,304
1743,OTPK_exists,22223494,106
1744,session_builder,22233960,318
1744,OTPK_exists,22234066,135
1745,session_builder,22246787,269
1745,OTPK_exists,22246835,112
1746,session_builder,22261877,270
1746,OTPK_exists,22261937,112
1747,session_builder,22273500,396
1747,OTPK_exists,22273602,141
1748,session_builder,22284274,353
1748,OTPK_exists,22284356,142
1749,session_builder,22298768,240
1749,OTPK_exists,22298825,89
1750,session_builder,22311408,370
1750,OTPK_exists,22311492,138
1751,session_builder,22323447,350
1751,OTPK_exists,22323529,137
1752,session_builder,22334275,250
1752,OTPK_exists,22334329,115
1753,session_builder,22345133,378
1753,OTPK_exists,22345198,137
1754,session_builder,22357002,357
1754,OTPK_exists,22357071,139
1755,session_builder,22368131,260
1755,OTPK_exists,22368184,103
1756,session_builder,22380131,349
1756,OTPK_exists,22380216,139
1757,session_builder,22395286,266
1757,OTPK_exists,22395348,106
1758,session_builder,22405909,349
1758,OTPK_exists,22405980,150
1759,session_builder,22421051,352
1759,OTPK_exists,22421136,147
1760,session_builder,22432085,288
1760,OTPK_exists,22432149,106
1761,session_builder,22444453,350
1761,OTPK_exists,22444524,139
1762,session_builder,22456941,345
1762,OTPK_exists,22457026,139
1763,session_builder,22469576,266
1763,OTPK_exists,22469633,104
1764,session_builder,22480072,361
1764,OTPK_exists,22480154,148
1765,session_builder,22492595,350
1765,OTPK_exists,22492679,148
1766,session_builder,22506948,234
1766,OTPK_exists,22506980,82
1767,session_builder,22522083,350
1767,OTPK_exists,22522168,141
1768,session_builder,22535843,392
1768,OTPK_exists,22535929,161
1769,session_builder,22550007,366
1769,OTPK_exists,22550071,139
1770,session_builder,22563085,297
1770,OTPK_exists,22563144,106
1771,session_builder,22578265,389
1771,OTPK_exists,22578351,138
1772,session_builder,22592843,364
1772,OTPK_exists,22592917,139
1773,session_builder,22606922,344
1773,OTPK_exists,22606997,141
1774,session_builder,22619076,378
1774,OTPK_exists,22619160,142
1775,session_builder,22630613,264
1775,OTPK_exists,22630669,105
1776,session_builder,22645583,347
1776,OTPK_exists,22645654,171
1777,session_builder,22656903,221
1777,OTPK_exists,22656937,82
1778,session_builder,22666971,161
1778,OTPK_exists,22667000,31
1779,session_builder,22680308,372
1779,OTPK_exists,22680393,141
1780,session_builder,22693822,354
1780,OTPK_exists,22693903,136
1781,session_builder,22706667,230
1781,OTPK_exists,22706730,78
1782,session_builder,22718076,345
1782,OTPK_exists,22718159,134
1783,session_builder,22730844,369
1783,OTPK_exists,22730929,134
1784,session_builder,22744524,341
1784,OTPK_exists,22744609,138
1785,session_builder,22755602,243
1785,OTPK_exists,22755659,109
1786,session_builder,22770778,344
1786,OTPK_exists,22770863,142
1787,session_builder,22783400,363
1787,OTPK_exists,22783484,142
1788,session_builder,22794512,348
1788,OTPK_exists,22794597,139
1789,session_builder,22805632,202
1789,OTPK_exists,22805690,106
1790,session_builder,22816148,361
1790,OTPK_exists,22816231,452
1791,session_builder,22827334,348
1791,OTPK_exists,22827419,140
1792,session_builder,22838938,364
1792,OTPK_exists,22839024,180
1793,session_builder,22851877,347
1793,OTPK_exists,22851939,141
1794,session_builder,22862085,347
1794,OTPK_exists,22862165,139
1795,session_builder,22873645,705
1795,OTPK_exists,22873713,139
1796,session_builder,22885601,348
1796,OTPK_exists,22885663,139
1797,session_builder,22896870,347
1797,OTPK_exists,22896931,139
1798,session_builder,22908102,346
1798,OTPK_exists,22908176,141
1799,session_builder,22919344,346
1799,OTPK_exists,22919420,141
1800,session_builder,22930830,350
1800,OTPK_exists,22930898,511
1801,session_builder,22942605,380
1801,OTPK_exists,22942688,153
1802,session_builder,22957762,354
1802,OTPK_exists,22957847,148
1803,session_builder,22972921,375
1803,OTPK_exists,22973009,140
1804,session_builder,22986352,365
1804,OTPK_exists,22986435,140
1805,session_builder,22997590,358
1805,OTPK_exists,22997673,180
1806,session_builder,23008826,346
1806,OTPK_exists,23008914,141
1807,session_builder,23018990,349
1807,OTPK_exists,23019073,146
1808,session_builder,23031313,555
1808,OTPK_exists,23031373,103
1809,session_builder,23044465,635
1809,OTPK_exists,23044551,140
1810,session_builder,23057187,271
1810,OTPK_exists,23057236,104
1811,session_builder,23070131,382
1811,OTPK_exists,23070219,146
1812,session_builder,23085295,404
1812,OTPK_exists,23085379,140
1813,session_builder,23095718,346
1813,OTPK_exists,23095787,135
1814,session_builder,23106918,367
1814,OTPK_exists,23106998,135
1815,session_builder,23120984,346
1815,OTPK_exists,23121068,134
1816,session_builder,23134022,361
1816,OTPK_exists,23134111,156
1817,session_builder,23148785,345
1817,OTPK_exists,23148857,134
1818,session_builder,23162426,264
1818,OTPK_exists,23162487,105
1819,session_builder,23175054,351
1819,OTPK_exists,23175112,142
1820,session_builder,23188809,358
1820,OTPK_exists,23188891,139
1821,session_builder,23200540,287
1821,OTPK_exists,23200586,106
1822,session_builder,23211329,497
1822,OTPK_exists,23211412,146
1823,session_builder,23223426,350
1823,OTPK_exists,23223508,142
1824,session_builder,23234589,361
1824,OTPK_exists,23234665,143
1825,session_builder,23246749,369
1825,OTPK_exists,23246823,145
1826,session_builder,23256924,355
1826,OTPK_exists,23256986,132
1827,session_builder,23269138,271
1827,OTPK_exists,23269191,120
1828,session_builder,23280547,351
1828,OTPK_exists,23280632,140
1829,session_builder,23295506,277
1829,OTPK_exists,23295567,108
1830,session_builder,23310637,366
1830,OTPK_exists,23310724,153
1831,session_builder,23325798,365
1831,OTPK_exists,23325885,151
1832,session_builder,23338210,348
1832,OTPK_exists,23338275,142
1833,session_builder,23351314,343
1833,OTPK_exists,23366972,134
1834,session_builder,23382074,365
1834,OTPK_exists,23405930,153
1835,session_builder,23418319,373
1835,OTPK_exists,23426252,145
1836,session_builder,23438491,418
1836,OTPK_exists,23445821,158
1837,session_builder,23460933,349
1837,OTPK_exists,23461018,142
1838,session_builder,23472983,349
1838,OTPK_exists,23473065,139
1839,session_builder,23488138,351
1839,OTPK_exists,23488223,140
1840,session_builder,23500670,381
1840,OTPK_exists,23500755,155
1841,session_builder,23512224,466
1841,OTPK_exists,23512337,311
1842,session_builder,23525824,344
1842,OTPK_exists,23525909,142
1843,session_builder,23535969,346
1843,OTPK_exists,23536053,135
1844,session_builder,23548665,360
1844,OTPK_exists,23548750,149
1845,session_builder,23562703,312
1845,OTPK_exists,23562781,110
1846,session_builder,23577333,345
1846,OTPK_exists,23577418,134
1847,session_builder,23592491,350
1847,OTPK_exists,23592577,139
1848,session_builder,23606911,266
1848,OTPK_exists,23606956,107
1849,session_builder,23618791,279
1849,OTPK_exists,23618836,103
1850,session_builder,23628984,355
1850,OTPK_exists,23629232,154
1851,session_builder,23640550,396
1851,OTPK_exists,23640633,167
1852,session_builder,23651512,367
1852,OTPK_exists,23651583,153
1853,session_builder,23661856,360
1853,OTPK_exists,23661942,156
1854,session_builder,23673423,349
1854,OTPK_exists,23673502,138
1855,session_builder,23683907,366
1855,OTPK_exists,23683988,138
1856,session_builder,23696509,454
1856,OTPK_exists,23696604,162
1857,session_builder,23706899,168
1857,OTPK_exists,23706925,33
1858,session_builder,23717782,343
1858,OTPK_exists,23717860,134
1859,session_builder,23729496,426
1859,OTPK_exists,23729578,150
1860,session_builder,23744454,350
1860,OTPK_exists,23744542,140
1861,session_builder,23756938,350
1861,OTPK_exists,23757023,139
1862,session_builder,23772159,389
1862,OTPK_exists,23772248,139
1863,session_builder,23786102,352
1863,OTPK_exists,23786181,143
1864,session_builder,23797619,272
1864,OTPK_exists,23797675,107
1865,session_builder,23812406,349
1865,OTPK_exists,23812492,153
1866,session_builder,23827335,357
1866,OTPK_exists,23827418,139
1867,session_builder,23841805,671
1867,OTPK_exists,23841887,135
1868,session_builder,23856976,349
1868,OTPK_exists,23857058,139
1869,session_builder,23872173,347
1869,OTPK_exists,23872259,136
1870,session_builder,23887158,349
1870,OTPK_exists,23887223,144
1871,session_builder,23899029,281
1871,OTPK_exists,23899070,144
1872,session_builder,23909173,350
1872,OTPK_exists,23909253,140
1873,session_builder,23920862,347
1873,OTPK_exists,23920943,140
1874,session_builder,23935806,240
1874,OTPK_exists,23935844,91
1875,session_builder,23946686,284
1875,OTPK_exists,23946748,111
1876,session_builder,23957199,382
1876,OTPK_exists,23957261,153
1877,session_builder,23968574,234
1877,OTPK_exists,23968618,410
1878,session_builder,23979110,261
1878,OTPK_exists,23979154,105
1879,session_builder,23990289,264
1879,OTPK_exists,23990333,98
1880,session_builder,24001105,240
1880,OTPK_exists,24001139,89
1881,session_builder,24011742,347
1881,OTPK_exists,24011818,134
1882,session_builder,24022215,347
1882,OTPK_exists,24022292,139
1883,session_builder,24034763,250
1883,OTPK_exists,24034798,94
1884,session_builder,24047894,274
1884,OTPK_exists,24047957,103
1885,session_builder,24058706,272
1885,OTPK_exists,24058750,108
1886,session_builder,24073464,349
1886,OTPK_exists,24073543,139
1887,session_builder,24083633,238
1887,OTPK_exists,24083668,89
1888,session_builder,24096396,359
1888,OTPK_exists,24096481,146
1889,session_builder,24109711,347
1889,OTPK_exists,24109799,132
1890,session_builder,24123440,383
1890,OTPK_exists,24123518,174
1891,session_builder,24133732,357
1891,OTPK_exists,24133817,147
1892,session_builder,24145073,373
1892,OTPK_exists,24145157,143
1893,session_builder,24156342,705
1893,OTPK_exists,24156425,145
1894,session_builder,24167573,159
1894,OTPK_exists,24167619,48
1895,session_builder,24179281,352
1895,OTPK_exists,24179355,142
1896,session_builder,24190905,361
1896,OTPK_exists,24190971,141
1897,session_builder,24201848,267
1897,OTPK_exists,24201897,100
1898,session_builder,24212561,367
1898,OTPK_exists,24212644,142
1899,session_builder,24224063,353
1899,OTPK_exists,24224135,156
1900,session_builder,24235776,360
1900,OTPK_exists,24235846,145
1901,session_builder,24246796,378
1901,OTPK_exists,24246879,165
1902,session_builder,24257084,555
1902,OTPK_exists,24257168,139
1903,session_builder,24269512,353
1903,OTPK_exists,24269592,142
1904,session_builder,24280044,343
1904,OTPK_exists,24280127,136
1905,session_builder,24294472,311
1905,OTPK_exists,24294520,103
1906,session_builder,24306941,268
1906,OTPK_exists,24306986,108
1907,session_builder,24322047,358
1907,OTPK_exists,24322133,143
1908,session_builder,24333500,305
1908,OTPK_exists,24333571,123
1909,session_builder,24344482,368
1909,OTPK_exists,24344577,151
1910,session_builder,24356986,368
1910,OTPK_exists,24357074,157
1911,session_builder,24370591,700
1911,OTPK_exists,24370665,138
1912,session_builder,24381856,346
1912,OTPK_exists,24381918,139
1913,session_builder,24396583,364
1913,OTPK_exists,24396664,143
1914,session_builder,24406940,270
1914,OTPK_exists,24406987,404
1915,session_builder,24417145,350
1915,OTPK_exists,24417219,139
1916,session_builder,24429604,369
1916,OTPK_exists,24429690,141
1917,session_builder,24444434,346
1917,OTPK_exists,24444516,139
1918,session_builder,24456938,351
1918,OTPK_exists,24457023,139
1919,session_builder,24472047,349
1919,OTPK_exists,24472123,145
1920,session_builder,24483097,347
1920,OTPK_exists,24483160,139
1921,session_builder,24496292,342
1921,OTPK_exists,24496375,138
1922,session_builder,24506938,349
1922,OTPK_exists,24507024,139
1923,session_builder,24519875,423
1923,OTPK_exists,24519963,140
1924,session_builder,24531039,271
1924,OTPK_exists,24531098,108
1925,session_builder,24546182,356
1925,OTPK_exists,24546268,145
1926,session_builder,24561322,374
1926,OTPK_exists,24561405,139
1927,session_builder,24572585,424
1927,OTPK_exists,24572666,139
1928,session_builder,24585702,349
1928,OTPK_exists,24585789,140
1929,session_builder,24600265,273
1929,OTPK_exists,24600330,111
1930,session_builder,24615439,355
1930,OTPK_exists,24615524,147
1931,session_builder,24630067,260
1931,OTPK_exists,24630120,94
1932,session_builder,24644870,353
1932,OTPK_exists,24644955,445
1933,session_builder,24657762,207
1933,OTPK_exists,24657791,80
1934,session_builder,24668669,212
1934,OTPK_exists,24668737,78
1935,session_builder,24680167,326
1935,OTPK_exists,24680229,121
1936,session_builder,24691416,460
1936,OTPK_exists,24692452,155
1937,session_builder,24706938,346
1937,OTPK_exists,24712049,141
1938,session_builder,24723473,347
1938,OTPK_exists,24731881,149
1939,session_builder,24744476,350
1939,OTPK_exists,24751467,136
1940,session_builder,24763156,351
1940,OTPK_exists,24771151,572
1941,session_builder,24785961,360
1941,OTPK_exists,24786051,143
1942,session_builder,24796355,356
1942,OTPK_exists,24796440,145
1943,session_builder,24811512,352
1943,OTPK_exists,24811597,147
1944,session_builder,24826669,357
1944,OTPK_exists,24826755,146
1945,session_builder,24841260,373
1945,OTPK_exists,24841343,144
1946,session_builder,24851535,346
1946,OTPK_exists,24851618,139
1947,session_builder,24863537,361
1947,OTPK_exists,24863621,135
1948,session_builder,24878693,349
1948,OTPK_exists,24878777,139
1949,session_builder,24893851,348
1949,OTPK_exists,24893937,138
1950,session_builder,24906925,350
1950,OTPK_exists,24907002,145
1951,session_builder,24917883,457
1951,OTPK_exists,24917970,208
1952,session_builder,24929749,392
1952,OTPK_exists,24929833,186
1953,session_builder,24944635,357
1953,OTPK_exists,24944717,134
1954,session_builder,24955610,348
1954,OTPK_exists,24955691,139
1955,session_builder,24970756,265
1955,OTPK_exists,24970856,103
1956,session_builder,24984618,349
1956,OTPK_exists,24984704,144
1957,session_builder,24996618,349
1957,OTPK_exists,24996702,141
1958,session_builder,25006939,347
1958,OTPK_exists,25007024,141
1959,session_builder,25022096,352
1959,OTPK_exists,25022181,140
1960,session_builder,25035932,347
1960,OTPK_exists,25036016,137
1961,session_builder,25048740,432
1961,OTPK_exists,25048835,278
1962,session_builder,25063342,378
1962,OTPK_exists,25063426,142
1963,session_builder,25075351,349
1963,OTPK_exists,25075440,141
1964,session_builder,25085795,364
1964,OTPK_exists,25085882,153
1965,session_builder,25100594,348
1965,OTPK_exists,25100679,139
1966,session_builder,25115802,348
1966,OTPK_exists,25115888,136
1967,session_builder,25129947,346
1967,OTPK_exists,25130033,140
1968,session_builder,25140433,348
1968,OTPK_exists,25140515,134
1969,session_builder,25155588,349
1969,OTPK_exists,25155672,141
1970,session_builder,25167160,266
1970,OTPK_exists,25167252,106
1971,session_builder,25182322,362
1971,OTPK_exists,25182410,153
1972,session_builder,25197158,367
1972,OTPK_exists,25197243,148
1973,session_builder,25212097,371
1973,OTPK_exists,25212184,145
1974,session_builder,25227257,358
1974,OTPK_exists,25227344,153
1975,session_builder,25242425,358
1975,OTPK_exists,25242512,150
1976,session_builder,25256941,350
1976,OTPK_exists,25257027,139
1977,session_builder,25272014,346
1977,OTPK_exists,25272105,139
1978,session_builder,25285968,355
1978,OTPK_exists,25286052,132
1979,session_builder,25296971,351
1979,OTPK_exists,25297049,139
1980,session_builder,25312126,348
1980,OTPK_exists,25312211,138
1981,session_builder,25327335,355
1981,OTPK_exists,25327420,134
1982,session_builder,25342503,15104
1982,OTPK_exists,25342588,140
1983,session_builder,25356938,352
1983,OTPK_exists,25357022,139
1984,session_builder,25372095,344
1984,OTPK_exists,25372179,384
1985,session_builder,25386389,354
1985,OTPK_exists,25386474,141
1986,session_builder,25396875,357
1986,OTPK_exists,25396959,411
1987,session_builder,25412032,353
1987,OTPK_exists,25412116,143
1988,session_builder,25427188,357
1988,OTPK_exists,25427274,143
1989,session_builder,25439326,396
1989,OTPK_exists,25439412,145
1990,session_builder,25452330,374
1990,OTPK_exists,25452415,139
1991,session_builder,25462812,349
1991,OTPK_exists,25462897,138
1992,session_builder,25473412,351
1992,OTPK_exists,25473499,139
1993,session_builder,25488572,348
1993,OTPK_exists,25488657,137
1994,session_builder,25498950,590
1994,OTPK_exists,25499005,106
1995,session_builder,25513546,346
1995,OTPK_exists,25513630,142
1996,session_builder,25524954,356
1996,OTPK_exists,25525042,142
1997,session_builder,25535933,717
1997,OTPK_exists,25536017,136
1998,session_builder,25547218,356
1998,OTPK_exists,25547298,138
1999,session_builder,25557669,358
1999,OTPK_exists,25557752,142
2000,session_builder,25572819,267
2000,OTPK_exists,25572920,108
2001,session_builder,25587337,347
2001,OTPK_exists,25587422,133
2002,session_builder,25600865,267
2002,OTPK_exists,25600924,109
2003,session_builder,25615986,346
2003,OTPK_exists,25616069,140
2004,session_builder,25630501,372
2004,OTPK_exists,25630581,138
2005,session_builder,25645685,356
2005,OTPK_exists,25645773,131
2006,session_builder,25660845,347
2006,OTPK_exists,25660928,140
2007,session_builder,25673499,350
2007,OTPK_exists,25673583,134
2008,session_builder,25684315,386
2008,OTPK_exists,25684401,170
2009,session_builder,25694690,354
2009,OTPK_exists,25694768,137
2010,session_builder,25706938,351
2010,OTPK_exists,25707022,141
2011,session_builder,25722145,347
2011,OTPK_exists,25722228,383
2012,session_builder,25737301,350
2012,OTPK_exists,25737386,141
2013,session_builder,25748712,353
2013,OTPK_exists,25748796,142
2014,session_builder,25763782,342
2014,OTPK_exists,25763867,142
2015,session_builder,25774953,374
2015,OTPK_exists,25775043,387
2016,session_builder,25790117,354
2016,OTPK_exists,25790202,143
2017,session_builder,25800714,265
2017,OTPK_exists,25800759,100
2018,session_builder,25815825,344
2018,OTPK_exists,25815909,445
2019,session_builder,25830863,238
2019,OTPK_exists,25830901,87
2020,session_builder,25844424,206
2020,OTPK_exists,25844457,84
2021,session_builder,25856938,347
2021,OTPK_exists,25857022,142
2022,session_builder,25872137,353
2022,OTPK_exists,25872223,142
2023,session_builder,25887296,347
2023,OTPK_exists,25887381,142
2024,session_builder,25897656,355
2024,OTPK_exists,25897741,136
2025,session_builder,25912822,349
2025,OTPK_exists,25912907,139
2026,session_builder,25923459,349
2026,OTPK_exists,25923546,139
2027,session_builder,25934947,360
2027,OTPK_exists,25935022,140
2028,session_builder,25947206,263
2028,OTPK_exists,25947262,102
2029,session_builder,25961958,352
2029,OTPK_exists,25962042,466
2030,session_builder,25972804,339
2030,OTPK_exists,25972891,140
2031,session_builder,25987964,349
2031,OTPK_exists,25988049,141
2032,session_builder,25998271,345
2032,OTPK_exists,25998349,140
2033,session_builder,26009163,345
2033,OTPK_exists,26009246,140
2034,session_builder,26023455,347
2034,OTPK_exists,26023539,140
2035,session_builder,26035150,351
2035,OTPK_exists,26035230,133
2036,session_builder,26048730,377
2036,OTPK_exists,26048821,150
2037,session_builder,26063200,349
2037,OTPK_exists,26063296,140
2038,session_builder,26077335,347
2038,OTPK_exists,26077419,132
2039,session_builder,26092491,351
2039,OTPK_exists,26092576,139
2040,session_builder,26106986,363
2040,OTPK_exists,26107067,142
2041,session_builder,26122139,348
2041,OTPK_exists,26122223,139
2042,session_builder,26132487,269
2042,OTPK_exists,26132543,105
2043,session_builder,26147307,382
2043,OTPK_exists,26147393,145
2044,session_builder,26162465,346
2044,OTPK_exists,26162549,141
2045,session_builder,26173856,410
2045,OTPK_exists,26173942,135
2046,session_builder,26189013,350
2046,OTPK_exists,26189098,139
2047,session_builder,26199176,266
2047,OTPK_exists,26199232,99
2048,session_builder,26214294,351
2048,OTPK_exists,26214380,139
2049,session_builder,26227328,350
2049,OTPK_exists,26227413,134
2050,session_builder,26240420,347
2050,OTPK_exists,26240502,142
2051,session_builder,26255572,347
2051,OTPK_exists,26255657,140
2052,session_builder,26265953,281
2052,OTPK_exists,26266012,99
2053,session_builder,26280707,353
2053,OTPK_exists,26280792,135
2054,session_builder,26294522,346
2054,OTPK_exists,26294604,139
2055,session_builder,26309675,352
2055,OTPK_exists,26309759,141
2056,session_builder,26323459,349
2056,OTPK_exists,26323544,142
2057,session_builder,26334608,264
2057,OTPK_exists,26334667,105
2058,session_builder,26346933,355
2058,OTPK_exists,26347011,146
2059,session_builder,26362081,354
2059,OTPK_exists,26362166,148
2060,session_builder,26374442,360
2060,OTPK_exists,26374522,148
2061,session_builder,26389594,351
2061,OTPK_exists,26389679,149
2062,session_builder,26404751,353
2062,OTPK_exists,26404841,146
2063,session_builder,26419918,345
2063,OTPK_exists,26420004,141
2064,session_builder,26430880,352
2064,OTPK_exists,26430965,140
2065,session_builder,26444445,350
2065,OTPK_exists,26444522,140
2066,session_builder,26456985,347
2066,OTPK_exists,26457068,139
2067,session_builder,26469583,372
2067,OTPK_exists,26469668,152
2068,session_builder,26483353,374
2068,OTPK_exists,26483441,140
2069,session_builder,26497589,352
2069,OTPK_exists,26497674,142
2070,session_builder,26512744,349
2070,OTPK_exists,26512828,141
2071,session_builder,26525855,347
2071,OTPK_exists,26525939,147
2072,session_builder,26541018,351
2072,OTPK_exists,26541103,139
2073,session_builder,26553791,339
2073,OTPK_exists,26553874,133
2074,session_builder,26568213,286
2074,OTPK_exists,26568330,100
2075,session_builder,26583433,352
2075,OTPK_exists,26583517,145
2076,session_builder,26597626,348
2076,OTPK_exists,26597712,148
2077,session_builder,26611328,358
2077,OTPK_exists,26611414,135
2078,session_builder,26626509,360
2078,OTPK_exists,26626595,144
2079,session_builder,26641677,349
2079,OTPK_exists,26641762,139
2080,session_builder,26654618,713
2080,OTPK_exists,26654704,154
2081,session_builder,26665915,267
2081,OTPK_exists,26665975,106
2082,session_builder,26681038,351
2082,OTPK_exists,26681123,141
2083,session_builder,26694499,344
2083,OTPK_exists,26694584,140
2084,session_builder,26707043,357
2084,OTPK_exists,26707126,143
2085,session_builder,26719025,458
2085,OTPK_exists,26719111,138
2086,session_builder,26734185,360
2086,OTPK_exists,26734268,148
2087,session_builder,26748708,354
2087,OTPK_exists,26748794,137
2088,session_builder,26763644,348
2088,OTPK_exists,26763739,140
2089,session_builder,26777123,342
2089,OTPK_exists,26777210,133
2090,session_builder,26792281,350
2090,OTPK_exists,26792366,138
2091,session_builder,26806943,347
2091,OTPK_exists,26807027,139
2092,session_builder,26822099,351
2092,OTPK_exists,26822185,139
2093,session_builder,26836684,355
2093,OTPK_exists,26836768,144
2094,session_builder,26848752,400
2094,OTPK_exists,26848838,139
2095,session_builder,26863906,356
2095,OTPK_exists,26863991,142
2096,session_builder,26879064,354
2096,OTPK_exists,26879150,143
2097,session_builder,26894223,358
2097,OTPK_exists,26894308,142
2098,session_builder,26909380,353
2098,OTPK_exists,26909465,142
2099,session_builder,26923512,353
2099,OTPK_exists,26923597,140
2100,session_builder,26938670,356
2100,OTPK_exists,26938756,146
2101,session_builder,26953828,356
2101,OTPK_exists,26953914,144
2102,session_builder,26964343,704
2102,OTPK_exists,26964426,140
2103,session_builder,26979498,349
2103,OTPK_exists,26979583,141
2104,session_builder,26994521,344
2104,OTPK_exists,26994602,139
2105,session_builder,27006230,233
2105,OTPK_exists,27006262,87
2106,session_builder,27016586,220
2106,OTPK_exists,27016621,81
2107,session_builder,27031272,347
2107,OTPK_exists,27031357,137
2108,session_builder,27044475,360
2108,OTPK_exists,27044563,139
2109,session_builder,27056938,349
2109,OTPK_exists,27057023,143
2110,session_builder,27072096,343
2110,OTPK_exists,27072181,141
2111,session_builder,27087254,350
2111,OTPK_exists,27087339,139
2112,session_builder,27097977,667
2112,OTPK_exists,27098061,142
2113,session_builder,27113133,346
2113,OTPK_exists,27113218,141
2114,session_builder,27123495,345
2114,OTPK_exists,27123578,138
2115,session_builder,27138650,346
2115,OTPK_exists,27138735,139
2116,session_builder,27148862,307
2116,OTPK_exists,27148897,93
2117,session_builder,27160049,378
2117,OTPK_exists,27160134,204
2118,session_builder,27173439,345
2118,OTPK_exists,27173526,137
2119,session_builder,27188677,368
2119,OTPK_exists,27188765,152
2120,session_builder,27202618,348
2120,OTPK_exists,27202704,139
2121,session_builder,27217767,350
2121,OTPK_exists,27217851,139
2122,session_builder,27231394,408
2122,OTPK_exists,27231531,493
2123,session_builder,27246615,353
2123,OTPK_exists,27246701,145
2124,session_builder,27261773,358
2124,OTPK_exists,27261858,149
2125,session_builder,27273664,349
2125,OTPK_exists,27273752,139
2126,session_builder,27285932,346
2126,OTPK_exists,27286015,388
2127,session_builder,27298241,343
2127,OTPK_exists,27298320,134
2128,session_builder,27310356,349
2128,OTPK_exists,27310440,139
2129,session_builder,27323498,346
2129,OTPK_exists,27323581,134
2130,session_builder,27335203,281
2130,OTPK_exists,27335296,106
2131,session_builder,27348738,349
2131,OTPK_exists,27348822,140
2132,session_builder,27360504,350
2132,OTPK_exists,27360590,133
2133,session_builder,27375661,352
2133,OTPK_exists,27375747,142
2134,session_builder,27390818,350
2134,OTPK_exists,27390903,140
2135,session_builder,27405976,344
2135,OTPK_exists,27406060,139
2136,session_builder,27420585,345
2136,OTPK_exists,27420670,139
2137,session_builder,27435563,344
2137,OTPK_exists,27435649,136
2138,session_builder,27448708,349
2138,OTPK_exists,27448793,136
2139,session_builder,27463865,349
2139,OTPK_exists,27463950,139
2140,session_builder,27479021,350
2140,OTPK_exists,27479106,140
2141,session_builder,27491941,351
2141,OTPK_exists,27492030,149
2142,session_builder,27506938,343
2142,OTPK_exists,27507023,139
2143,session_builder,27517210,355
2143,OTPK_exists,27517295,134
2144,session_builder,27531999,347
2144,OTPK_exists,27532085,136
2145,session_builder,27544470,23070
2145,OTPK_exists,27544554,141
2146,session_builder,27556998,353
2146,OTPK_exists,27557084,139
2147,session_builder,27567284,267
2147,OTPK_exists,27567340,101
2148,session_builder,27581551,356
2148,OTPK_exists,27581636,141
2149,session_builder,27596708,354
2149,OTPK_exists,27596794,143
2150,session_builder,27611868,355
2150,OTPK_exists,27611953,143
2151,session_builder,27624758,342
2151,OTPK_exists,27624844,134
2152,session_builder,27635349,276
2152,OTPK_exists,27635473,111
2153,session_builder,27650531,272
2153,OTPK_exists,27650589,115
2154,session_builder,27665413,276
2154,OTPK_exists,27665475,107
2155,session_builder,27680539,371
2155,OTPK_exists,27680625,149
2156,session_builder,27695689,367
2156,OTPK_exists,27695770,157
2157,session_builder,27710843,365
2157,OTPK_exists,27710930,151
2158,session_builder,27726003,366
2158,OTPK_exists,27726090,152
2159,session_builder,27741164,368
2159,OTPK_exists,27741251,153
2160,session_builder,27756324,366
2160,OTPK_exists,27756410,152
2161,session_builder,27771483,366
2161,OTPK_exists,27771570,151
2162,session_builder,27785933,381
2162,OTPK_exists,27786020,453
2163,session_builder,27798433,361
2163,OTPK_exists,27798517,147
2164,session_builder,27813625,354
2164,OTPK_exists,27813709,136
2165,session_builder,27827336,352
2165,OTPK_exists,27827420,135
2166,session_builder,27842501,348
2166,OTPK_exists,27842585,140
2167,session_builder,27856938,347
2167,OTPK_exists,27857023,142
2168,session_builder,27869143,396
2168,OTPK_exists,27869229,137
2169,session_builder,27884303,355
2169,OTPK_exists,27884389,148
2170,session_builder,27899156,698
2170,OTPK_exists,27899236,144
2171,session_builder,27914357,353
2171,OTPK_exists,27914441,135
2172,session_builder,27929561,346
2172,OTPK_exists,27929646,138
2173,session_builder,27944476,349
2173,OTPK_exists,27944563,136
2174,session_builder,27956941,349
2174,OTPK_exists,27957027,140
2175,session_builder,27972098,350
2175,OTPK_exists,27972182,139
2176,session_builder,27987303,347
2176,OTPK_exists,27987389,135
2177,session_builder,27998581,359
2177,OTPK_exists,27998671,155
2178,session_builder,28013745,346
2178,OTPK_exists,28013830,141
2179,session_builder,28028950,354
2179,OTPK_exists,28029035,138
2180,session_builder,28044107,352
2180,OTPK_exists,28044190,139
2181,session_builder,28059262,377
2181,OTPK_exists,28059349,185
2182,session_builder,28073460,349
2182,OTPK_exists,28073545,139
2183,session_builder,28086256,390
2183,OTPK_exists,28086344,145
2184,session_builder,28098606,271
2184,OTPK_exists,28098662,109
2185,session_builder,28113728,349
2185,OTPK_exists,28113813,140
2186,session_builder,28127750,346
2186,OTPK_exists,28127815,139
2187,session_builder,28139545,347
2187,OTPK_exists,28139611,140
2188,session_builder,28151343,410
2188,OTPK_exists,28151415,148
2189,session_builder,28165696,265
2189,OTPK_exists,28165748,99
2190,session_builder,28175841,130
2190,OTPK_exists,28175869,46
2191,session_builder,28190464,228
2191,OTPK_exists,28190536,34
2192,session_builder,28200916,272
2192,OTPK_exists,28200951,102
2193,session_builder,28213966,351
2193,OTPK_exists,28214049,143
2194,session_builder,28229168,375
2194,OTPK_exists,28229237,150
2195,session_builder,28239985,483
2195,OTPK_exists,28240053,116
2196,session_builder,28251323,380
2196,OTPK_exists,28251409,161
2197,session_builder,28265363,314
2197,OTPK_exists,28265414,104
2198,session_builder,28275689,355
2198,OTPK_exists,28275755,142
2199,session_builder,28286249,365
2199,OTPK_exists,28286320,153
2200,session_builder,28297683,367
2200,OTPK_exists,28297779,162
2201,session_builder,28308340,378
2201,OTPK_exists,28308421,142
2202,session_builder,28323473,348
2202,OTPK_exists,28323554,131
2203,session_builder,28335467,613
2203,OTPK_exists,28335553,111
2204,session_builder,28350125,352
2204,OTPK_exists,28350214,162
2205,session_builder,28363919,355
2205,OTPK_exists,28363999,151
2206,session_builder,28377546,264
2206,OTPK_exists,28377591,106
2207,session_builder,28392069,354
2207,OTPK_exists,28392155,144
2208,session_builder,28403465,360
2208,OTPK_exists,28403548,147
2209,session_builder,28414694,349
2209,OTPK_exists,28414775,145
2210,session_builder,28429898,746
2210,OTPK_exists,28429984,134
2211,session_builder,28444454,238
2211,OTPK_exists,28444494,89
2212,session_builder,28455517,370
2212,OTPK_exists,28455599,139
2213,session_builder,28465970,353
2213,OTPK_exists,28466044,140
2214,session_builder,28476262,285
2214,OTPK_exists,28476321,101
2215,session_builder,28487532,349
2215,OTPK_exists,28487614,133
2216,session_builder,28499313,466
2216,OTPK_exists,28499374,140
2217,session_builder,28510228,348
2217,OTPK_exists,28510304,135
2218,session_builder,28521327,358
2218,OTPK_exists,28521408,137
2219,session_builder,28534098,301
2219,OTPK_exists,28534148,103
2220,session_builder,28548865,350
2220,OTPK_exists,28548951,196
2221,session_builder,28564057,349
2221,OTPK_exists,28564141,141
2222,session_builder,28577415,386
2222,OTPK_exists,28577499,137
2223,session_builder,28589603,347
2223,OTPK_exists,28589670,139
2224,session_builder,28599910,345
2224,OTPK_exists,28599993,134
2225,session_builder,28612818,360
2225,OTPK_exists,28612897,152
2226,session_builder,28623272,365
2226,OTPK_exists,28623363,161
2227,session_builder,28635662,234
2227,OTPK_exists,28635698,129
2228,session_builder,28648907,705
2228,OTPK_exists,28648993,142
2229,session_builder,28659316,341
2229,OTPK_exists,28659385,142
2230,session_builder,28669433,306
2230,OTPK_exists,28669498,103
2231,session_builder,28680277,370
2231,OTPK_exists,28680348,151
2232,session_builder,28691537,362
2232,OTPK_exists,28691608,148
2233,session_builder,28702211,349
2233,OTPK_exists,28702287,142
2234,session_builder,28713375,469
2234,OTPK_exists,28713457,161
2235,session_builder,28723648,353
2235,OTPK_exists,28723713,134
2236,session_builder,28734177,267
2236,OTPK_exists,28734223,105
2237,session_builder,28747204,351
2237,OTPK_exists,28747288,140
2238,session_builder,28758349,345
2238,OTPK_exists,28758424,134
2239,session_builder,28773498,568
2239,OTPK_exists,28773574,158
2240,session_builder,28785932,357
2240,OTPK_exists,28786017,135
2241,session_builder,28799077,347
2241,OTPK_exists,28799164,141
2242,session_builder,28811857,701
2242,OTPK_exists,28811941,140
2243,session_builder,28823458,347
2243,OTPK_exists,28823544,139
2244,session_builder,28834027,635
2244,OTPK_exists,28834082,134
2245,session_builder,28847086,263
2245,OTPK_exists,28847133,107
2246,session_builder,28858785,348
2246,OTPK_exists,28858866,141
2247,session_builder,28873466,266
2247,OTPK_exists,28873520,90
2248,session_builder,28884455,578
2248,OTPK_exists,28884501,107
2249,session_builder,28899095,432
2249,OTPK_exists,28899182,134
2250,session_builder,28910153,357
2250,OTPK_exists,28910241,139
2251,session_builder,28923487,347
2251,OTPK_exists,28923566,139
2252,session_builder,28934002,347
2252,OTPK_exists,28934077,142
2253,session_builder,28944812,343
2253,OTPK_exists,28944890,145
2254,session_builder,28956938,350
2254,OTPK_exists,28957023,140
2255,session_builder,28967978,276
2255,OTPK_exists,28968050,112
2256,session_builder,28983099,361
2256,OTPK_exists,28983168,156
2257,session_builder,28993802,360
2257,OTPK_exists,28993885,146
2258,session_builder,29006918,378
2258,OTPK_exists,29006987,135
2259,session_builder,29017119,344
2259,OTPK_exists,29017194,138
2260,session_builder,29028320,361
2260,OTPK_exists,29028395,140
2261,session_builder,29041936,308
2261,OTPK_exists,29041983,114
2262,session_builder,29052238,368
2262,OTPK_exists,29052304,145
2263,session_builder,29065891,289
2263,OTPK_exists,29065949,102
2264,session_builder,29075987,264
2264,OTPK_exists,29076030,106
2265,session_builder,29087092,466
2265,OTPK_exists,29087135,109
2266,session_builder,29099628,289
2266,OTPK_exists,29099674,109
2267,session_builder,29109783,283
2267,OTPK_exists,29109833,115
2268,session_builder,29123450,349
2268,OTPK_exists,29123536,138
2269,session_builder,29135562,266
2269,OTPK_exists,29135623,100
2270,session_builder,29149233,372
2270,OTPK_exists,29149309,144
2271,session_builder,29162566,355
2271,OTPK_exists,29162649,139
2272,session_builder,29173545,267
2272,OTPK_exists,29173577,104
2273,session_builder,29188671,353
2273,OTPK_exists,29188757,145
2274,session_builder,29199259,393
2274,OTPK_exists,29199349,185
2275,session_builder,29214422,352
2275,OTPK_exists,29214507,147
2276,session_builder,29229585,355
2276,OTPK_exists,29229669,142
2277,session_builder,29241354,353
2277,OTPK_exists,29241439,151
2278,session_builder,29251564,350
2278,OTPK_exists,29251644,132
2279,session_builder,29266037,346
2279,OTPK_exists,29266112,135
2280,session_builder,29276446,296
2280,OTPK_exists,29276507,108
2281,session_builder,29286758,218
2281,OTPK_exists,29286789,84
2282,session_builder,29299774,277
2282,OTPK_exists,29299821,109
2283,session_builder,29309963,358
2283,OTPK_exists,29310036,139
2284,session_builder,29321223,358
2284,OTPK_exists,29321296,139
2285,session_builder,29332635,383
2285,OTPK_exists,29332768,138
2286,session_builder,29343092,290
2286,OTPK_exists,29343153,136
2287,session_builder,29356964,312
2287,OTPK_exists,29357024,100
2288,session_builder,29367206,268
2288,OTPK_exists,29367257,100
2289,session_builder,29377349,344
2289,OTPK_exists,29377414,139
2290,session_builder,29387545,346
2290,OTPK_exists,29387627,135
2291,session_builder,29398694,354
2291,OTPK_exists,29398776,136
2292,session_builder,29408939,355
2292,OTPK_exists,29409034,171
2293,session_builder,29423448,213
2293,OTPK_exists,29423475,80
2294,session_builder,29434222,191
2294,OTPK_exists,29434252,82
2295,session_builder,29444421,276
2295,OTPK_exists,29444456,100
2296,session_builder,29456904,209
2296,OTPK_exists,29456933,75
2297,session_builder,29468236,238
2297,OTPK_exists,29468276,86
2298,session_builder,29482746,189
2298,OTPK_exists,29482778,99
2299,session_builder,29494423,193
2299,OTPK_exists,29494451,32
2300,session_builder,29506927,207
2300,OTPK_exists,29506969,483
2301,session_builder,29519862,203
2301,OTPK_exists,29519895,80
2302,session_builder,29531693,158
2302,OTPK_exists,29531733,81
2303,session_builder,29544514,232
2303,OTPK_exists,29544549,80
2304,session_builder,29555231,297
2304,OTPK_exists,29555272,96
2305,session_builder,29566627,214
2305,OTPK_exists,29566653,77
2306,session_builder,29577418,199
2306,OTPK_exists,29577448,77
2307,session_builder,29589177,218
2307,OTPK_exists,29589213,79
2308,session_builder,29599927,209
2308,OTPK_exists,29599964,78
2309,session_builder,29613475,219
2309,OTPK_exists,29613502,80
2310,session_builder,29623879,207
2310,OTPK_exists,29623903,78
2311,session_builder,29636868,220
2311,OTPK_exists,29636959,95
2312,session_builder,29647097,205
2312,OTPK_exists,29647128,75
2313,session_builder,29657909,106
2313,OTPK_exists,29657933,25
2314,session_builder,29668444,199
2314,OTPK_exists,29668490,35
2315,session_builder,29679540,153
2315,OTPK_exists,29679571,73
2316,session_builder,29694510,193
2316,OTPK_exists,29694540,71
2317,session_builder,29706899,196
2317,OTPK_exists,29706920,71
2318,session_builder,29718285,80
2318,OTPK_exists,29718310,34
2319,session_builder,29733389,53
2319,OTPK_exists,29733410,24
2320,session_builder,29745332,196
2320,OTPK_exists,29745355,70
2321,session_builder,29756900,195
2321,OTPK_exists,29756932,70
2322,session_builder,29768424,175
2322,OTPK_exists,29768455,62
2323,session_builder,29782890,285
2323,OTPK_exists,29782925,77
2324,session_builder,29794411,207
2324,OTPK_exists,29794442,28
2325,session_builder,29805147,247
2325,OTPK_exists,29805193,89
2326,session_builder,29820258,355
2326,OTPK_exists,29820343,142
2327,session_builder,29833206,372
2327,OTPK_exists,29833291,140
2328,session_builder,29847336,352
2328,OTPK_exists,29847421,134
2329,session_builder,29862493,351
2329,OTPK_exists,29862577,139
2330,session_builder,29874014,239
2330,OTPK_exists,29874059,89
2331,session_builder,29885598,346
2331,OTPK_exists,29885684,158
2332,session_builder,29899067,344
2332,OTPK_exists,29899151,155
2333,session_builder,29909452,268
2333,OTPK_exists,29909507,105
2334,session_builder,29924569,350
2334,OTPK_exists,29924655,139
2335,session_builder,29935868,260
2335,OTPK_exists,29935924,106
2336,session_builder,29949746,347
2336,OTPK_exists,29949830,138
2337,session_builder,29964902,346
2337,OTPK_exists,29964987,138
2338,session_builder,29980067,347
2338,OTPK_exists,29980151,140
2339,session_builder,29994462,349
2339,OTPK_exists,29994547,138
2340,session_builder,30006942,233
2340,OTPK_exists,30006988,92
2341,session_builder,30022045,347
2341,OTPK_exists,30022130,141
2342,session_builder,30033271,348
2342,OTPK_exists,30033351,134
2343,session_builder,30044514,266
2343,OTPK_exists,30044573,106
2344,session_builder,30057020,344
2344,OTPK_exists,30057104,141
2345,session_builder,30067184,158
2345,OTPK_exists,30067239,90
2346,session_builder,30077302,223
2346,OTPK_exists,30077328,83
2347,session_builder,30088143,163
2347,OTPK_exists,30088170,79
2348,session_builder,30100059,204
2348,OTPK_exists,30100093,96
2349,session_builder,30113880,348
2349,OTPK_exists,30113951,148
2350,session_builder,30126103,349
2350,OTPK_exists,30126212,140
2351,session_builder,30140027,389
2351,OTPK_exists,30140113,139
2352,session_builder,30155186,357
2352,OTPK_exists,30155270,142
2353,session_builder,30166494,699
2353,OTPK_exists,30166579,143
2354,session_builder,30177865,116
2354,OTPK_exists,30177896,45
2355,session_builder,30188242,68
2355,OTPK_exists,30188266,32
2356,session_builder,30200344,350
2356,OTPK_exists,30200429,147
2357,session_builder,30212438,240
2357,OTPK_exists,30212484,90
2358,session_builder,30223460,348
2358,OTPK_exists,30223546,140
2359,session_builder,30235398,268
2359,OTPK_exists,30235455,106
2360,session_builder,30247106,351
2360,OTPK_exists,30247188,134
2361,session_builder,30262311,352
2361,OTPK_exists,30262395,140
2362,session_builder,30273606,352
2362,OTPK_exists,30273654,139
2363,session_builder,30285964,363
2363,OTPK_exists,30286057,405
2364,session_builder,30300053,395
2364,OTPK_exists,30300187,147
2365,session_builder,30310461,172
2365,OTPK_exists,30310489,33
2366,session_builder,30321143,114
2366,OTPK_exists,30321166,32
2367,session_builder,30333746,110
2367,OTPK_exists,30333771,249
2368,session_builder,30346968,161
2368,OTPK_exists,30346999,78
2369,session_builder,30360843,246
2369,OTPK_exists,30360894,93
2370,session_builder,30373492,376
2370,OTPK_exists,30373642,138
2371,session_builder,30388709,275
2371,OTPK_exists,30388818,111
2372,session_builder,30400114,423
2372,OTPK_exists,30400196,148
2373,session_builder,30410410,380
2373,OTPK_exists,30410496,153
2374,session_builder,30423991,403
2374,OTPK_exists,30424060,154
2375,session_builder,30434434,402
2375,OTPK_exists,30434512,130
2376,session_builder,30447540,251
2376,OTPK_exists,30447579,89
2377,session_builder,30462448,346
2377,OTPK_exists,30462534,137
2378,session_builder,30473503,400
2378,OTPK_exists,30473587,853
2379,session_builder,30488660,358
2379,OTPK_exists,30488747,138
2380,session_builder,30500017,347
2380,OTPK_exists,30500105,137
2381,session_builder,30512544,350
2381,OTPK_exists,30512625,143
2382,session_builder,30525427,349
2382,OTPK_exists,30525491,133
2383,session_builder,30536211,282
2383,OTPK_exists,30536257,108
2384,session_builder,30546452,376
2384,OTPK_exists,30546516,156
2385,session_builder,30559650,369
2385,OTPK_exists,30559727,139
2386,session_builder,30573493,292
2386,OTPK_exists,30573549,99
2387,session_builder,30586944,270
2387,OTPK_exists,30587027,105
2388,session_builder,30600597,355
2388,OTPK_exists,30600682,139
2389,session_builder,30610843,350
2389,OTPK_exists,30610928,139
2390,session_builder,30623497,428
2390,OTPK_exists,30623572,141
2391,session_builder,30634475,346
2391,OTPK_exists,30634559,141
2392,session_builder,30648433,348
2392,OTPK_exists,30648502,177
2393,session_builder,30659518,349
2393,OTPK_exists,30659594,135
2394,session_builder,30673467,265
2394,OTPK_exists,30673530,106
2395,session_builder,30683629,349
2395,OTPK_exists,30683715,136
2396,session_builder,30693790,346
2396,OTPK_exists,30693871,134
2397,session_builder,30706924,267
2397,OTPK_exists,30706984,106
2398,session_builder,30722098,671
2398,OTPK_exists,30722182,140
2399,session_builder,30733597,706
2399,OTPK_exists,30733681,136
2400,session_builder,30744462,349
2400,OTPK_exists,30744548,141
2401,session_builder,30757141,344
2401,OTPK_exists,30757224,140
2402,session_builder,30772342,354
2402,OTPK_exists,30772427,132
2403,session_builder,30785932,340
2403,OTPK_exists,30786016,480
2404,session_builder,30800724,256
2404,OTPK_exists,30800769,103
2405,session_builder,30811994,222
2405,OTPK_exists,30812033,416
2406,session_builder,30822847,685
2406,OTPK_exists,30822934,150
2407,session_builder,30835348,486
2407,OTPK_exists,30835475,176
2408,session_builder,30849101,348
2408,OTPK_exists,30849185,136
2409,session_builder,30859862,285
2409,OTPK_exists,30859900,104
2410,session_builder,30873425,294
2410,OTPK_exists,30873460,78
2411,session_builder,30888275,346
2411,OTPK_exists,30888360,135
2412,session_builder,30902873,357
2412,OTPK_exists,30902959,140
2413,session_builder,30916996,393
2413,OTPK_exists,30917080,166
2414,session_builder,30929910,345
2414,OTPK_exists,30929996,135
2415,session_builder,30944498,342
2415,OTPK_exists,30944584,132
2416,session_builder,30956983,349
2416,OTPK_exists,30957069,420
2417,session_builder,30967528,372
2417,OTPK_exists,30967613,137
2418,session_builder,30982691,347
2418,OTPK_exists,30982775,139
2419,session_builder,30994459,266
2419,OTPK_exists,30994518,108
2420,session_builder,31007547,372
2420,OTPK_exists,31007632,165
2421,session_builder,31018802,365
2421,OTPK_exists,31018883,425
2422,session_builder,31033803,265
2422,OTPK_exists,31033848,107
2423,session_builder,31044431,265
2423,OTPK_exists,31044479,106
2424,session_builder,31056940,350
2424,OTPK_exists,31057021,140
2425,session_builder,31069690,266
2425,OTPK_exists,31069743,104
2426,session_builder,31084812,341
2426,OTPK_exists,31084896,143
2427,session_builder,31098206,700
2427,OTPK_exists,31098277,135
2428,session_builder,31109618,349
2428,OTPK_exists,31109694,138
2429,session_builder,31123424,264
2429,OTPK_exists,31123475,105
2430,session_builder,31133896,356
2430,OTPK_exists,31133963,146
2431,session_builder,31146175,267
2431,OTPK_exists,31146221,106
2432,session_builder,31156938,272
2432,OTPK_exists,31156986,110
2433,session_builder,31167229,346
2433,OTPK_exists,31167302,136
2434,session_builder,31178390,344
2434,OTPK_exists,31178455,136
2435,session_builder,31188993,362
2435,OTPK_exists,31189064,152
2436,session_builder,31200664,350
2436,OTPK_exists,31200778,132
2437,session_builder,31210953,421
2437,OTPK_exists,31211033,141
2438,session_builder,31223487,357
2438,OTPK_exists,31223556,139
2439,session_builder,31235751,265
2439,OTPK_exists,31235796,111
2440,session_builder,31247446,344
2440,OTPK_exists,31247510,137
2441,session_builder,31258635,277
2441,OTPK_exists,31258682,108
2442,session_builder,31273513,364
2442,OTPK_exists,31273587,235
2443,session_builder,31285956,721
2443,OTPK_exists,31286045,157
2444,session_builder,31300664,379
2444,OTPK_exists,31300741,132
2445,session_builder,31312104,347
2445,OTPK_exists,31312179,139
2446,session_builder,31323465,348
2446,OTPK_exists,31323546,137
2447,session_builder,31335964,312
2447,OTPK_exists,31336061,107
2448,session_builder,31346274,264
2448,OTPK_exists,31346317,101
2449,session_builder,31358596,358
2449,OTPK_exists,31358663,141
2450,session_builder,31373495,763
2450,OTPK_exists,31373583,176
2451,session_builder,31386763,349
2451,OTPK_exists,31386851,139
2452,session_builder,31400744,356
2452,OTPK_exists,31400826,146
2453,session_builder,31412542,365
2453,OTPK_exists,31412625,148
2454,session_builder,31423460,349
2454,OTPK_exists,31423603,139
2455,session_builder,31434955,358
2455,OTPK_exists,31435015,118
2456,session_builder,31446997,367
2456,OTPK_exists,31447059,147
2457,session_builder,31458345,347
2457,OTPK_exists,31458422,136
2458,session_builder,31473473,282
2458,OTPK_exists,31473514,103
2459,session_builder,31486514,372
2459,OTPK_exists,31486600,154
2460,session_builder,31500791,267
2460,OTPK_exists,31500850,109
2461,session_builder,31513795,378
2461,OTPK_exists,31513877,147
2462,session_builder,31525795,386
2462,OTPK_exists,31525901,144
2463,session_builder,31536278,266
2463,OTPK_exists,31536321,101
2464,session_builder,31550693,268
2464,OTPK_exists,31550739,99
2465,session_builder,31561968,273
2465,OTPK_exists,31562022,108
2466,session_builder,31577074,246
2466,OTPK_exists,31577176,105
2467,session_builder,31592249,371
2467,OTPK_exists,31592337,151
2468,session_builder,31606939,461
2468,OTPK_exists,31606999,105
2469,session_builder,31618375,267
2469,OTPK_exists,31618427,105
2470,session_builder,31629385,269
2470,OTPK_exists,31629431,103
2471,session_builder,31644461,351
2471,OTPK_exists,31644547,140
2472,session_builder,31656940,352
2472,OTPK_exists,31657021,141
2473,session_builder,31667950,357
2473,OTPK_exists,31668035,143
2474,session_builder,31682546,375
2474,OTPK_exists,31682631,142
2475,session_builder,31696496,264
2475,OTPK_exists,31696543,105
2476,session_builder,31706908,234
2476,OTPK_exists,31706950,88
2477,session_builder,31717450,272
2477,OTPK_exists,31717501,111
2478,session_builder,31728365,386
2478,OTPK_exists,31728436,139
2479,session_builder,31738610,267
2479,OTPK_exists,31738732,108
2480,session_builder,31751365,379
2480,OTPK_exists,31751473,168
2481,session_builder,31762144,407
2481,OTPK_exists,31762229,146
2482,session_builder,31773499,404
2482,OTPK_exists,31773574,523
2483,session_builder,31785199,367
2483,OTPK_exists,31785270,152
2484,session_builder,31796633,415
2484,OTPK_exists,31796703,151
2485,session_builder,31806944,344
2485,OTPK_exists,31807028,141
2486,session_builder,31818240,344
2486,OTPK_exists,31818318,139
2487,session_builder,31829527,344
2487,OTPK_exists,31829596,136
2488,session_builder,31844458,349
2488,OTPK_exists,31844543,139
2489,session_builder,31856986,348
2489,OTPK_exists,31857070,133
2490,session_builder,31868070,348
2490,OTPK_exists,31868159,140
2491,session_builder,31881200,345
2491,OTPK_exists,31881286,134
2492,session_builder,31896358,349
2492,OTPK_exists,31896442,141
2493,session_builder,31911513,344
2493,OTPK_exists,31911597,139
2494,session_builder,31926669,349
2494,OTPK_exists,31926753,142
2495,session_builder,31941832,348
2495,OTPK_exists,31941918,140
2496,session_builder,31956937,352
2496,OTPK_exists,31957023,138
2497,session_builder,31968152,349
2497,OTPK_exists,31968239,137
2498,session_builder,31979906,702
2498,OTPK_exists,31979991,134
2499,session_builder,31990048,690
2499,OTPK_exists,31990131,134
2500,session_builder,32001021,393
2500,OTPK_exists,32001111,161
2501,session_builder,32013086,351
2501,OTPK_exists,32013173,139
2502,session_builder,32028245,357
2502,OTPK_exists,32028330,144
2503,session_builder,32038716,268
2503,OTPK_exists,32038778,102
2504,session_builder,32053839,353
2504,OTPK_exists,32053924,144
2505,session_builder,32067738,458
2505,OTPK_exists,32067826,159
2506,session_builder,32078644,372
2506,OTPK_exists,32078732,140
2507,session_builder,32091459,386
2507,OTPK_exists,32091543,140
2508,session_builder,32102867,356
2508,OTPK_exists,32102940,145
2509,session_builder,32118011,353
2509,OTPK_exists,32118096,148
2510,session_builder,32133168,356
2510,OTPK_exists,32133254,145
2511,session_builder,32144615,347
2511,OTPK_exists,32144696,159
2512,session_builder,32156912,349
2512,OTPK_exists,32156996,139
2513,session_builder,32171768,699
2513,OTPK_exists,32171852,137
2514,session_builder,32185090,352
2514,OTPK_exists,32185176,142
2515,session_builder,32195430,346
2515,OTPK_exists,32195511,139
2516,session_builder,32206938,346
2516,OTPK_exists,32207022,141
2517,session_builder,32217293,367
2517,OTPK_exists,32217377,142
2518,session_builder,32232451,346
2518,OTPK_exists,32232537,141
2519,session_builder,32242684,342
2519,OTPK_exists,32242764,142
2520,session_builder,32254530,357
2520,OTPK_exists,32254613,139
2521,session_builder,32265963,345
2521,OTPK_exists,32266047,141
2522,session_builder,32281119,347
2522,OTPK_exists,32281204,141
2523,session_builder,32294460,347
2523,OTPK_exists,32294545,138
2524,session_builder,32309325,344
2524,OTPK_exists,32309410,149
2525,session_builder,32323459,346
2525,OTPK_exists,32323545,142
2526,session_builder,32334375,366
2526,OTPK_exists,32334457,142
2527,session_builder,32348143,398
2527,OTPK_exists,32348234,151
2528,session_builder,32361767,346
2528,OTPK_exists,32361851,178
2529,session_builder,32373495,351
2529,OTPK_exists,32373581,136
2530,session_builder,32388654,351
2530,OTPK_exists,32388737,139
2531,session_builder,32401754,342
2531,OTPK_exists,32401838,455
2532,session_builder,32416909,347
2532,OTPK_exists,32416993,141
2533,session_builder,32430311,352
2533,OTPK_exists,32430394,142
2534,session_builder,32440528,341
2534,OTPK_exists,32440612,136
2535,session_builder,32452526,350
2535,OTPK_exists,32452607,139
2536,session_builder,32467678,346
2536,OTPK_exists,32467763,141
2537,session_builder,32482836,344
2537,OTPK_exists,32482920,143
2538,session_builder,32497993,352
2538,OTPK_exists,32498077,139
2539,session_builder,32513149,344
2539,OTPK_exists,32513233,142
2540,session_builder,32525854,340
2540,OTPK_exists,32525938,136
2541,session_builder,32541010,346
2541,OTPK_exists,32541095,141
2542,session_builder,32554501,344
2542,OTPK_exists,32554586,138
2543,session_builder,32568530,392
2543,OTPK_exists,32568613,139
2544,session_builder,32583684,344
2544,OTPK_exists,32583770,139
2545,session_builder,32597417,344
2545,OTPK_exists,32597501,132
2546,session_builder,32612580,349
2546,OTPK_exists,32612664,142
2547,session_builder,32625977,385
2547,OTPK_exists,32626061,134
2548,session_builder,32641152,348
2548,OTPK_exists,32641237,427
2549,session_builder,32654363,399
2549,OTPK_exists,32654448,151
2550,session_builder,32668570,271
2550,OTPK_exists,32668630,109
2551,session_builder,32683693,362
2551,OTPK_exists,32683780,153
2552,session_builder,32694694,360
2552,OTPK_exists,32694781,151
2553,session_builder,32705636,245
2553,OTPK_exists,32705672,104
2554,session_builder,32720731,358
2554,OTPK_exists,32720818,151
2555,session_builder,32734859,366
2555,OTPK_exists,32734944,149
2556,session_builder,32747455,388
2556,OTPK_exists,32747554,135
2557,session_builder,32762632,352
2557,OTPK_exists,32762716,142
2558,session_builder,32773461,347
2558,OTPK_exists,32773551,139
2559,session_builder,32785600,430
2559,OTPK_exists,32785688,153
2560,session_builder,32800755,353
2560,OTPK_exists,32800840,139
2561,session_builder,32815912,354
2561,OTPK_exists,32815997,145
2562,session_builder,32831069,352
2562,OTPK_exists,32831153,148
2563,session_builder,32846225,353
2563,OTPK_exists,32846309,147
2564,session_builder,32856987,352
2564,OTPK_exists,32857071,136
2565,session_builder,32871051,392
2565,OTPK_exists,32871138,142
2566,session_builder,32883271,388
2566,OTPK_exists,32883358,140
2567,session_builder,32894461,347
2567,OTPK_exists,32894545,140
2568,session_builder,32906937,347
2568,OTPK_exists,32907022,143
2569,session_builder,32918295,378
2569,OTPK_exists,32918385,188
2570,session_builder,32930040,352
2570,OTPK_exists,32930129,144
2571,session_builder,32944459,349
2571,OTPK_exists,32944544,139
2572,session_builder,32959027,346
2572,OTPK_exists,32959110,136
2573,session_builder,32973448,265
2573,OTPK_exists,32973510,105
2574,session_builder,32984995,357
2574,OTPK_exists,32985084,143
2575,session_builder,33000160,355
2575,OTPK_exists,33000246,145
2576,session_builder,33011258,349
2576,OTPK_exists,33011344,143
2577,session_builder,33023787,360
2577,OTPK_exists,33023867,147
2578,session_builder,33035015,386
2578,OTPK_exists,33035101,147
2579,session_builder,33050182,357
2579,OTPK_exists,33050269,150
2580,session_builder,33065342,359
2580,OTPK_exists,33065429,151
2581,session_builder,33077336,348
2581,OTPK_exists,33077422,141
2582,session_builder,33092521,350
2582,OTPK_exists,33092605,139
2583,session_builder,33107677,347
2583,OTPK_exists,33107761,142
2584,session_builder,33122832,344
2584,OTPK_exists,33122917,140
2585,session_builder,33135011,346
2585,OTPK_exists,33135095,478
2586,session_builder,33145211,348
2586,OTPK_exists,33145297,134
2587,session_builder,33156950,191
2587,OTPK_exists,33156979,51
2588,session_builder,33168553,217
2588,OTPK_exists,33168600,97
2589,session_builder,33178705,374
2589,OTPK_exists,33178784,141
2590,session_builder,33191852,363
2590,OTPK_exists,33191934,146
2591,session_builder,33207001,358
2591,OTPK_exists,33207087,152
2592,session_builder,33222159,360
2592,OTPK_exists,33222246,150
2593,session_builder,33237320,365
2593,OTPK_exists,33237406,151
2594,session_builder,33252480,363
2594,OTPK_exists,33252566,153
2595,session_builder,33267640,361
2595,OTPK_exists,33267727,150
2596,session_builder,33282800,361
2596,OTPK_exists,33282887,149
2597,session_builder,33296197,349
2597,OTPK_exists,33296280,490
2598,session_builder,33306992,348
2598,OTPK_exists,33307076,137
2599,session_builder,33322185,348
2599,OTPK_exists,33322270,145
2600,session_builder,33333311,378
2600,OTPK_exists,33333392,141
2601,session_builder,33344503,698
2601,OTPK_exists,33344590,140
2602,session_builder,33356938,347
2602,OTPK_exists,33357023,141
2603,session_builder,33368701,351
2603,OTPK_exists,33368784,134
2604,session_builder,33383860,347
2604,OTPK_exists,33383944,139
2605,session_builder,33398919,381
2605,OTPK_exists,33399005,136
2606,session_builder,33414077,344
2606,OTPK_exists,33414162,141
2607,session_builder,33429223,346
2607,OTPK_exists,33429308,141
2608,session_builder,33441137,262
2608,OTPK_exists,33441194,100
2609,session_builder,33451856,264
2609,OTPK_exists,33451906,104
2610,session_builder,33465654,346
2610,OTPK_exists,33465739,136
2611,session_builder,33480860,346
2611,OTPK_exists,33480942,136
2612,session_builder,33494459,347
2612,OTPK_exists,33494544,139
2613,session_builder,33506914,354
2613,OTPK_exists,33506990,139
2614,session_builder,33522062,346
2614,OTPK_exists,33522147,142
2615,session_builder,33535452,267
2615,OTPK_exists,33535508,100
2616,session_builder,33550570,348
2616,OTPK_exists,33550654,142
2617,session_builder,33563169,366
2617,OTPK_exists,33563254,136
2618,session_builder,33577332,387
2618,OTPK_exists,33577420,145
2619,session_builder,33592521,351
2619,OTPK_exists,33592605,139
2620,session_builder,33606916,347
2620,OTPK_exists,33606994,140
2621,session_builder,33618343,355
2621,OTPK_exists,33618425,142
2622,session_builder,33633497,347
2622,OTPK_exists,33633581,139
2623,session_builder,33644848,363
2623,OTPK_exists,33644927,140
2624,session_builder,33657630,376
2624,OTPK_exists,33657715,142
2625,session_builder,33668905,372
2625,OTPK_exists,33668988,148
2626,session_builder,33682912,380
2626,OTPK_exists,33682995,141
2627,session_builder,33694678,349
2627,OTPK_exists,33694756,141
2628,session_builder,33706907,268
2628,OTPK_exists,33706964,107
2629,session_builder,33718796,440
2629,OTPK_exists,33718887,139
2630,session_builder,33733960,358
2630,OTPK_exists,33734045,145
2631,session_builder,33744436,267
2631,OTPK_exists,33744544,108
2632,session_builder,33756938,349
2632,OTPK_exists,33757024,140
2633,session_builder,33768973,365
2633,OTPK_exists,33769058,143
2634,session_builder,33779332,386
2634,OTPK_exists,33779417,145
2635,session_builder,33794479,358
2635,OTPK_exists,33794564,145
2636,session_builder,33809636,354
2636,OTPK_exists,33809721,148
2637,session_builder,33824792,355
2637,OTPK_exists,33824878,148
2638,session_builder,33839951,355
2638,OTPK_exists,33840036,146
2639,session_builder,33854524,365
2639,OTPK_exists,33854611,142
2640,session_builder,33869039,355
2640,OTPK_exists,33869123,145
2641,session_builder,33881102,361
2641,OTPK_exists,33881178,141
2642,session_builder,33894478,381
2642,OTPK_exists,33894552,461
2643,session_builder,33905081,156
2643,OTPK_exists,33905125,53
2644,session_builder,33920186,354
2644,OTPK_exists,33920272,147
2645,session_builder,33934151,276
2645,OTPK_exists,33934201,114
2646,session_builder,33944965,217
2646,OTPK_exists,33944999,84
2647,session_builder,33956904,211
2647,OTPK_exists,33956937,98
2648,session_builder,33969028,222
2648,OTPK_exists,33969062,80
2649,session_builder,33984085,210
2649,OTPK_exists,33984116,75
2650,session_builder,33994413,207
2650,OTPK_exists,33994440,28
2651,session_builder,34006903,203
2651,OTPK_exists,34006938,76
2652,session_builder,34020949,197
2652,OTPK_exists,34020978,75
2653,session_builder,34034765,193
2653,OTPK_exists,34034792,24
2654,session_builder,34046086,195
2654,OTPK_exists,34046108,68
2655,session_builder,34056932,201
2655,OTPK_exists,34056972,74
2656,session_builder,34067520,57
2656,OTPK_exists,34067550,27
2657,session_builder,34079671,164
2657,OTPK_exists,34079696,70
2658,session_builder,34094403,50
2658,OTPK_exists,34094422,23
2659,session_builder,34107331,234
2659,OTPK_exists,34107360,78
2660,session_builder,34120992,208
2660,OTPK_exists,34121031,92
2661,session_builder,34133676,193
2661,OTPK_exists,34133707,71
2662,session_builder,34144435,214
2662,OTPK_exists,34144483,79
2663,session_builder,34156316,239
2663,OTPK_exists,34156370,104
2664,session_builder,34169071,364
2664,OTPK_exists,34169155,157
2665,session_builder,34183717,347
2665,OTPK_exists,34183804,139
2666,session_builder,34194522,345
2666,OTPK_exists,34194606,137
2667,session_builder,34207139,281
2667,OTPK_exists,34207225,111
2668,session_builder,34221809,363
2668,OTPK_exists,34221889,165
2669,session_builder,34235767,401
2669,OTPK_exists,34235853,142
2670,session_builder,34250959,351
2670,OTPK_exists,34251043,139
2671,session_builder,34266118,349
2671,OTPK_exists,34266202,142
2672,session_builder,34276958,281
2672,OTPK_exists,34277016,101
2673,session_builder,34292079,357
2673,OTPK_exists,34292164,144
2674,session_builder,34302496,370
2674,OTPK_exists,34302581,147
2675,session_builder,34317713,345
2675,OTPK_exists,34317799,139
2676,session_builder,34330440,404
2676,OTPK_exists,34330518,149
2677,session_builder,34344584,218
2677,OTPK_exists,34344611,82
2678,session_builder,34356930,152
2678,OTPK_exists,34356959,43
2679,session_builder,34369669,245
2679,OTPK_exists,34369716,81
2680,session_builder,34381981,357
2680,OTPK_exists,34382051,161
2681,session_builder,34394570,359
2681,OTPK_exists,34394651,143
2682,session_builder,34407447,252
2682,OTPK_exists,34407504,90
2683,session_builder,34418631,349
2683,OTPK_exists,34418713,133
2684,session_builder,34433786,347
2684,OTPK_exists,34433871,142
2685,session_builder,34444851,349
2685,OTPK_exists,34444929,140
2686,session_builder,34456986,345
2686,OTPK_exists,34457070,142
2687,session_builder,34467916,351
2687,OTPK_exists,34467996,142
2688,session_builder,34478659,287
2688,OTPK_exists,34478696,100
2689,session_builder,34489024,121
2689,OTPK_exists,34489051,67
2690,session_builder,34501880,349
2690,OTPK_exists,34501975,140
2691,session_builder,34517056,348
2691,OTPK_exists,34517140,140
2692,session_builder,34531891,349
2692,OTPK_exists,34531977,141
2693,session_builder,34544497,353
2693,OTPK_exists,34544581,471
2694,session_builder,34559686,357
2694,OTPK_exists,34559771,143
2695,session_builder,34574046,349
2695,OTPK_exists,34574130,145
2696,session_builder,34587909,349
2696,OTPK_exists,34587993,139
2697,session_builder,34602873,393
2697,OTPK_exists,34602958,146
2698,session_builder,34618031,354
2698,OTPK_exists,34618116,145
2699,session_builder,34633189,354
2699,OTPK_exists,34633274,144
2700,session_builder,34644968,339
2700,OTPK_exists,34645044,132
2701,session_builder,34656940,347
2701,OTPK_exists,34657016,137
2702,session_builder,34669556,708
2702,OTPK_exists,34669642,135
2703,session_builder,34680664,231
2703,OTPK_exists,34680703,89
2704,session_builder,34691027,149
2704,OTPK_exists,34691057,63
2705,session_builder,34703199,162
2705,OTPK_exists,34703225,96
2706,session_builder,34717046,294
2706,OTPK_exists,34717109,144
2707,session_builder,34729755,422
2707,OTPK_exists,34729843,158
2708,session_builder,34744477,346
2708,OTPK_exists,34744568,139
2709,session_builder,34756999,605
2709,OTPK_exists,34757059,98
2710,session_builder,34769906,347
2710,OTPK_exists,34769986,135
2711,session_builder,34783872,414
2711,OTPK_exists,34783957,137
2712,session_builder,34798142,348
2712,OTPK_exists,34798220,136
2713,session_builder,34813292,350
2713,OTPK_exists,34813377,141
2714,session_builder,34826995,358
2714,OTPK_exists,34827081,173
2715,session_builder,34837677,277
2715,OTPK_exists,34837735,118
2716,session_builder,34850911,367
2716,OTPK_exists,34850998,148
2717,session_builder,34866078,354
2717,OTPK_exists,34866163,146
2718,session_builder,34881254,349
2718,OTPK_exists,34881338,140
2719,session_builder,34894490,359
2719,OTPK_exists,34894578,136
2720,session_builder,34909218,398
2720,OTPK_exists,34909304,141
2721,session_builder,34923459,349
2721,OTPK_exists,34923545,140
2722,session_builder,34937500,266
2722,OTPK_exists,34937561,106
2723,session_builder,34950618,347
2723,OTPK_exists,34950703,139
2724,session_builder,34961411,385
2724,OTPK_exists,34961496,135
2725,session_builder,34973510,273
2725,OTPK_exists,34973572,295
2726,session_builder,34984492,264
2726,OTPK_exists,34984549,105
2727,session_builder,34999611,349
2727,OTPK_exists,34999697,142
2728,session_builder,35014816,339
2728,OTPK_exists,35014902,135
2729,session_builder,35030004,762
2729,OTPK_exists,35030091,143
2730,session_builder,35044461,346
2730,OTPK_exists,35044545,142
2731,session_builder,35056938,352
2731,OTPK_exists,35057023,139
2732,session_builder,35069814,349
2732,OTPK_exists,35069898,138
2733,session_builder,35082286,352
2733,OTPK_exists,35082370,135
2734,session_builder,35094471,347
2734,OTPK_exists,35094557,140
2735,session_builder,35108961,350
2735,OTPK_exists,35109064,140
2736,session_builder,35123477,28562
2736,OTPK_exists,35123565,136
2737,session_builder,35136852,384
2737,OTPK_exists,35136936,141
2738,session_builder,35150194,459
2738,OTPK_exists,35150281,154
2739,session_builder,35165357,350
2739,OTPK_exists,35165442,142
2740,session_builder,35180559,542
2740,OTPK_exists,35180645,137
2741,session_builder,35194529,348
2741,OTPK_exists,35194611,140
2742,session_builder,35207017,351
2742,OTPK_exists,35207104,140
2743,session_builder,35222209,367
2743,OTPK_exists,35222296,155
2744,session_builder,35236842,364
2744,OTPK_exists,35236926,194
2745,session_builder,35251998,352
2745,OTPK_exists,35252083,139
2746,session_builder,35267156,350
2746,OTPK_exists,35267240,137
2747,session_builder,35282105,386
2747,OTPK_exists,35282189,134
2748,session_builder,35294581,367
2748,OTPK_exists,35294665,140
2749,session_builder,35304862,275
2749,OTPK_exists,35304918,102
2750,session_builder,35319747,408
2750,OTPK_exists,35319833,153
2751,session_builder,35333439,423
2751,OTPK_exists,35333527,159
2752,session_builder,35344499,414
2752,OTPK_exists,35344589,143
2753,session_builder,35359661,361
2753,OTPK_exists,35359748,151
2754,session_builder,35369831,390
2754,OTPK_exists,35369917,142
2755,session_builder,35385016,345
2755,OTPK_exists,35385101,140
2756,session_builder,35400173,349
2756,OTPK_exists,35400257,139
2757,session_builder,35411867,367
2757,OTPK_exists,35411952,137
2758,session_builder,35423544,402
2758,OTPK_exists,35423631,137
2759,session_builder,35438703,357
2759,OTPK_exists,35438788,142
2760,session_builder,35452329,344
2760,OTPK_exists,35452413,136
2761,session_builder,35467486,347
2761,OTPK_exists,35467571,137
2762,session_builder,35482644,351
2762,OTPK_exists,35482729,140
2763,session_builder,35494577,349
2763,OTPK_exists,35494661,140
2764,session_builder,35506937,347
2764,OTPK_exists,35507022,139
2765,session_builder,35519869,346
2765,OTPK_exists,35519954,141
2766,session_builder,35534826,351
2766,OTPK_exists,35534910,136
2767,session_builder,35549983,347
2767,OTPK_exists,35550068,140
2768,session_builder,35565140,346
2768,OTPK_exists,35565226,140
2769,session_builder,35575587,313
2769,OTPK_exists,35575649,113
2770,session_builder,35586837,349
2770,OTPK_exists,35586915,141
2771,session_builder,35601986,355
2771,OTPK_exists,35602070,148
2772,session_builder,35617194,349
2772,OTPK_exists,35617278,144
2773,session_builder,35632353,350
2773,OTPK_exists,35632438,140
2774,session_builder,35646099,400
2774,OTPK_exists,35646187,146
2775,session_builder,35661260,359
2775,OTPK_exists,35661346,149
2776,session_builder,35672841,272
2776,OTPK_exists,35672897,119
2777,session_builder,35687977,362
2777,OTPK_exists,35688064,152
2778,session_builder,35702334,367
2778,OTPK_exists,35702448,138
2779,session_builder,35716850,372
2779,OTPK_exists,35716935,153
2780,session_builder,35730679,345
2780,OTPK_exists,35730765,138
2781,session_builder,35744508,384
2781,OTPK_exists,35744595,147
2782,session_builder,35756937,348
2782,OTPK_exists,35757022,138
2783,session_builder,35770267,358
2783,OTPK_exists,35770350,137
2784,session_builder,35785404,351
2784,OTPK_exists,35785482,139
2785,session_builder,35800002,355
2785,OTPK_exists,35800085,141
2786,session_builder,35811206,347
2786,OTPK_exists,35811287,133
2787,session_builder,35823458,349
2787,OTPK_exists,35823543,140
2788,session_builder,35836978,693
2788,OTPK_exists,35837062,141
2789,session_builder,35851546,344
2789,OTPK_exists,35851631,138
2790,session_builder,35866704,351
2790,OTPK_exists,35866788,139
2791,session_builder,35879311,348
2791,OTPK_exists,35879374,140
2792,session_builder,35894451,351
2792,OTPK_exists,35894537,139
2793,session_builder,35906986,341
2793,OTPK_exists,35907072,142
2794,session_builder,35922147,352
2794,OTPK_exists,35922232,139
2795,session_builder,35935038,353
2795,OTPK_exists,35935119,131
2796,session_builder,35946783,349
2796,OTPK_exists,35946845,378
2797,session_builder,35956941,347
2797,OTPK_exists,35957028,140
2798,session_builder,35970397,346
2798,OTPK_exists,35970481,406
2799,session_builder,35982251,351
2799,OTPK_exists,35982336,140
2800,session_builder,35994461,345
2800,OTPK_exists,35994546,140
2801,session_builder,36006939,348
2801,OTPK_exists,36007020,139
2802,session_builder,36022088,347
2802,OTPK_exists,36022172,138
2803,session_builder,36037140,365
2803,OTPK_exists,36037227,139
2804,session_builder,36052304,355
2804,OTPK_exists,36052391,147
2805,session_builder,36063455,353
2805,OTPK_exists,36063531,139
2806,session_builder,36078589,355
2806,OTPK_exists,36078675,144
2807,session_builder,36093747,353
2807,OTPK_exists,36093833,145
2808,session_builder,36108905,355
2808,OTPK_exists,36108991,143
2809,session_builder,36124063,358
2809,OTPK_exists,36124148,144
2810,session_builder,36137193,360
2810,OTPK_exists,36137282,147
2811,session_builder,36152357,358
2811,OTPK_exists,36152442,145
2812,session_builder,36167515,357
2812,OTPK_exists,36167600,142
2813,session_builder,36182666,261
2813,OTPK_exists,36182768,109
2814,session_builder,36194459,347
2814,OTPK_exists,36194544,139
2815,session_builder,36206940,347
2815,OTPK_exists,36207021,139
2816,session_builder,36220322,370
2816,OTPK_exists,36220407,402
2817,session_builder,36235479,348
2817,OTPK_exists,36235564,140
2818,session_builder,36250637,346
2818,OTPK_exists,36250721,141
2819,session_builder,36262485,347
2819,OTPK_exists,36262567,142
2820,session_builder,36273455,297
2820,OTPK_exists,36273511,98
2821,session_builder,36287031,346
2821,OTPK_exists,36287116,136
2822,session_builder,36302188,352
2822,OTPK_exists,36302273,142
2823,session_builder,36317398,349
2823,OTPK_exists,36317484,141
2824,session_builder,36332554,822
2824,OTPK_exists,36332641,166
2825,session_builder,36344428,186
2825,OTPK_exists,36344514,38
2826,session_builder,36356938,350
2826,OTPK_exists,36357022,139
2827,session_builder,36370626,380
2827,OTPK_exists,36370708,141
2828,session_builder,36385780,355
2828,OTPK_exists,36385865,146
2829,session_builder,36400937,355
2829,OTPK_exists,36401022,145
2830,session_builder,36416094,350
2830,OTPK_exists,36416179,138
2831,session_builder,36431039,347
2831,OTPK_exists,36431122,141
2832,session_builder,36444510,285
2832,OTPK_exists,36444575,101
2833,session_builder,36459637,350
2833,OTPK_exists,36459722,140
2834,session_builder,36470472,347
2834,OTPK_exists,36470557,139
2835,session_builder,36485636,352
2835,OTPK_exists,36485721,140
2836,session_builder,36496749,342
2836,OTPK_exists,36496828,135
2837,session_builder,36511900,347
2837,OTPK_exists,36511984,139
2838,session_builder,36525853,347
2838,OTPK_exists,36525936,134
2839,session_builder,36537173,349
2839,OTPK_exists,36537257,138
2840,session_builder,36552329,350
2840,OTPK_exists,36552414,140
2841,session_builder,36566931,700
2841,OTPK_exists,36567017,137
2842,session_builder,36582093,15193
2842,OTPK_exists,36582178,142
2843,session_builder,36595209,350
2843,OTPK_exists,36595296,174
2844,session_builder,36605426,266
2844,OTPK_exists,36605480,104
2845,session_builder,36620728,354
2845,OTPK_exists,36620810,136
2846,session_builder,36634356,217
2846,OTPK_exists,36634384,81
2847,session_builder,36648199,223
2847,OTPK_exists,36648246,83
2848,session_builder,36658350,345
2848,OTPK_exists,36658429,140
2849,session_builder,36673448,237
2849,OTPK_exists,36673497,88
2850,session_builder,36688577,353
2850,OTPK_exists,36688662,149
2851,session_builder,36698779,349
2851,OTPK_exists,36698864,164
2852,session_builder,36712547,171
2852,OTPK_exists,36712585,80
2853,session_builder,36723407,67
2853,OTPK_exists,36723433,32
2854,session_builder,36737816,351
2854,OTPK_exists,36737902,139
2855,session_builder,36749305,174
2855,OTPK_exists,36749346,105
2856,session_builder,36759765,518
2856,OTPK_exists,36759808,105
2857,session_builder,36774736,243
2857,OTPK_exists,36774777,90
2858,session_builder,36787354,357
2858,OTPK_exists,36787440,137
2859,session_builder,36802513,356
2859,OTPK_exists,36802598,147
2860,session_builder,36817678,355
2860,OTPK_exists,36817763,143
2861,session_builder,36832835,355
2861,OTPK_exists,36832920,143
2862,session_builder,36846048,347
2862,OTPK_exists,36846133,151
2863,session_builder,36861204,351
2863,OTPK_exists,36861288,144
2864,session_builder,36873269,274
2864,OTPK_exists,36873327,103
2865,session_builder,36888388,352
2865,OTPK_exists,36888473,142
2866,session_builder,36899016,345
2866,OTPK_exists,36899099,143
2867,session_builder,36910839,665
2867,OTPK_exists,36910892,100
2868,session_builder,36923449,347
2868,OTPK_exists,36923536,138
2869,session_builder,36937895,347
2869,OTPK_exists,36937977,135
2870,session_builder,36950423,306
2870,OTPK_exists,36950471,99
2871,session_builder,36962309,175
2871,OTPK_exists,36962339,82
2872,session_builder,36974261,150
2872,OTPK_exists,36974298,50
2873,session_builder,36987434,218
2873,OTPK_exists,36987468,78
2874,session_builder,37002531,347
2874,OTPK_exists,37002615,142
2875,session_builder,37017692,342
2875,OTPK_exists,37017778,139
2876,session_builder,37032560,350
2876,OTPK_exists,37032644,140
2877,session_builder,37044437,268
2877,OTPK_exists,37044544,106
2878,session_builder,37056937,347
2878,OTPK_exists,37057022,142
2879,session_builder,37071349,345
2879,OTPK_exists,37071431,139
2880,session_builder,37086503,350
2880,OTPK_exists,37086588,140
2881,session_builder,37101663,347
2881,OTPK_exists,37101747,140
2882,session_builder,37116828,348
2882,OTPK_exists,37116913,140
2883,session_builder,37127085,659
2883,OTPK_exists,37127169,170
2884,session_builder,37138658,124
2884,OTPK_exists,37138694,74
2885,session_builder,37150259,115
2885,OTPK_exists,37150290,79
2886,session_builder,37160599,164
2886,OTPK_exists,37160625,78
2887,session_builder,37173456,311
2887,OTPK_exists,37173512,119
2888,session_builder,37187615,575
2888,OTPK_exists,37187701,136
2889,session_builder,37202402,346
2889,OTPK_exists,37202484,134
2890,session_builder,37215100,233
2890,OTPK_exists,37215194,86
2891,session_builder,37230265,347
2891,OTPK_exists,37230349,141
2892,session_builder,37244416,243
2892,OTPK_exists,37244450,94
2893,session_builder,37256901,242
2893,OTPK_exists,37256934,78
2894,session_builder,37271491,347
2894,OTPK_exists,37271573,382
2895,session_builder,37283494,347
2895,OTPK_exists,37283575,141
2896,session_builder,37294512,345
2896,OTPK_exists,37294595,138
2897,session_builder,37306939,270
2897,OTPK_exists,37306997,436
2898,session_builder,37321036,409
2898,OTPK_exists,37321125,148
2899,session_builder,37333913,358
2899,OTPK_exists,37334001,179
2900,session_builder,37348311,346
2900,OTPK_exists,37348396,137
2901,session_builder,37359738,384
2901,OTPK_exists,37359824,136
2902,session_builder,37373469,302
2902,OTPK_exists,37373528,121
2903,session_builder,37387745,366
2903,OTPK_exists,37387832,148
2904,session_builder,37402904,354
2904,OTPK_exists,37402989,145
2905,session_builder,37417223,609
2905,OTPK_exists,37417310,157
2906,session_builder,37427621,346
2906,OTPK_exists,37427704,179
2907,session_builder,37441374,238
2907,OTPK_exists,37441421,96
2908,session_builder,37454478,345
2908,OTPK_exists,37454561,140
2909,session_builder,37469633,349
2909,OTPK_exists,37469717,141
2910,session_builder,37484789,348
2910,OTPK_exists,37484874,137
2911,session_builder,37499945,352
2911,OTPK_exists,37500029,140
2912,session_builder,37515102,349
2912,OTPK_exists,37515186,139
2913,session_builder,37529900,352
2913,OTPK_exists,37529985,135
2914,session_builder,37544480,369
2914,OTPK_exists,37544540,144
2915,session_builder,37559602,357
2915,OTPK_exists,37559687,143
2916,session_builder,37571218,457
2916,OTPK_exists,37571308,188
2917,session_builder,37581451,345
2917,OTPK_exists,37581535,142
2918,session_builder,37594460,347
2918,OTPK_exists,37594572,139
2919,session_builder,37606957,268
2919,OTPK_exists,37607007,102
2920,session_builder,37621254,358
2920,OTPK_exists,37621330,140
2921,session_builder,37631629,438
2921,OTPK_exists,37631747,515
2922,session_builder,37646869,370
2922,OTPK_exists,37646944,152
2923,session_builder,37662010,364
2923,OTPK_exists,37662085,152
2924,session_builder,37676281,238
2924,OTPK_exists,37676307,87
2925,session_builder,37687902,262
2925,OTPK_exists,37687934,81
2926,session_builder,37700994,354
2926,OTPK_exists,37701065,140
2927,session_builder,37715163,349
2927,OTPK_exists,37715229,139
2928,session_builder,37730284,346
2928,OTPK_exists,37730356,182
2929,session_builder,37740634,267
2929,OTPK_exists,37740682,108
2930,session_builder,37754670,431
2930,OTPK_exists,37754748,143
2931,session_builder,37769813,357
2931,OTPK_exists,37769886,145
2932,session_builder,37784085,359
2932,OTPK_exists,37784158,139
2933,session_builder,37794580,347
2933,OTPK_exists,37794649,141
2934,session_builder,37805067,350
2934,OTPK_exists,37805133,138
2935,session_builder,37820246,357
2935,OTPK_exists,37820319,134
2936,session_builder,37834017,352
2936,OTPK_exists,37834089,136
2937,session_builder,37846573,727
2937,OTPK_exists,37846649,138
2938,session_builder,37861713,353
2938,OTPK_exists,37861786,143
2939,session_builder,37871914,537
2939,OTPK_exists,37871985,156
2940,session_builder,37885017,347
2940,OTPK_exists,37885073,138
2941,session_builder,37899016,352
2941,OTPK_exists,37899087,134
2942,session_builder,37910078,238
2942,OTPK_exists,37910122,88
2943,session_builder,37925177,345
2943,OTPK_exists,37925250,140
2944,session_builder,37938141,373
2944,OTPK_exists,37938215,134
2945,session_builder,37951355,348
2945,OTPK_exists,37951428,138
2946,session_builder,37966523,349
2946,OTPK_exists,37966595,137
2947,session_builder,37981709,350
2947,OTPK_exists,37981781,136
2948,session_builder,37994460,349
2948,OTPK_exists,37994533,139
2949,session_builder,38006939,349
2949,OTPK_exists,38007012,139
2950,session_builder,38021489,349
2950,OTPK_exists,38021562,137
2951,session_builder,38036663,386
2951,OTPK_exists,38036731,152
2952,session_builder,38049558,384
2952,OTPK_exists,38049616,137
2953,session_builder,38061268,218
2953,OTPK_exists,38061296,81
2954,session_builder,38073463,114
2954,OTPK_exists,38073496,47
2955,session_builder,38083669,168
2955,OTPK_exists,38083690,91
2956,session_builder,38094547,389
2956,OTPK_exists,38094611,148
2957,session_builder,38105101,354
2957,OTPK_exists,38105156,173
2958,session_builder,38118149,294
2958,OTPK_exists,38118206,81
2959,session_builder,38130738,358
2959,OTPK_exists,38130812,139
2960,session_builder,38144440,265
2960,OTPK_exists,38144493,106
2961,session_builder,38156992,358
2961,OTPK_exists,38157063,136
2962,session_builder,38171591,361
2962,OTPK_exists,38171666,144
2963,session_builder,38184569,352
2963,OTPK_exists,38184643,144
2964,session_builder,38199708,352
2964,OTPK_exists,38199781,144
2965,session_builder,38214851,348
2965,OTPK_exists,38214924,139
2966,session_builder,38229915,346
2966,OTPK_exists,38229989,150
2967,session_builder,38240766,271
2967,OTPK_exists,38240815,104
2968,session_builder,38254999,349
2968,OTPK_exists,38255072,150
2969,session_builder,38270138,347
2969,OTPK_exists,38270211,141
2970,session_builder,38283241,346
2970,OTPK_exists,38283314,150
2971,session_builder,38296270,348
2971,OTPK_exists,38296340,136
2972,session_builder,38306961,219
2972,OTPK_exists,38306999,85
2973,session_builder,38321629,66
2973,OTPK_exists,38321651,34
2974,session_builder,38334066,243
2974,OTPK_exists,38334108,79
2975,session_builder,38344149,212
2975,OTPK_exists,38344182,80
2976,session_builder,38356938,350
2976,OTPK_exists,38357010,140
2977,session_builder,38371875,582
2977,OTPK_exists,38371909,90
2978,session_builder,38387000,15355
2978,OTPK_exists,38387073,142
2979,session_builder,38397134,671
2979,OTPK_exists,38397170,107
2980,session_builder,38407615,296
2980,OTPK_exists,38407663,101
2981,session_builder,38421775,352
2981,OTPK_exists,38421847,139
2982,session_builder,38434423,348
2982,OTPK_exists,38434496,135
2983,session_builder,38446612,375
2983,OTPK_exists,38446677,136
2984,session_builder,38461739,350
2984,OTPK_exists,38461812,141
2985,session_builder,38472177,347
2985,OTPK_exists,38472244,139
2986,session_builder,38487308,345
2986,OTPK_exists,38487381,141
2987,session_builder,38497748,346
2987,OTPK_exists,38497804,382
2988,session_builder,38507943,266
2988,OTPK_exists,38507983,105
2989,session_builder,38521847,363
2989,OTPK_exists,38521919,134
2990,session_builder,38535959,347
2990,OTPK_exists,38536031,140
2991,session_builder,38547819,273
2991,OTPK_exists,38547858,106
2992,session_builder,38562933,355
2992,OTPK_exists,38563007,148
2993,session_builder,38573720,280
2993,OTPK_exists,38573768,107
2994,session_builder,38588818,341
2994,OTPK_exists,38588890,143
2995,session_builder,38599884,721
2995,OTPK_exists,38599958,136
2996,session_builder,38612838,238
2996,OTPK_exists,38612873,98
2997,session_builder,38623538,349
2997,OTPK_exists,38623610,145
2998,session_builder,38638548,361
2998,OTPK_exists,38638620,133
2999,session_builder,38652336,372
2999,OTPK_exists,38652408,153
3000,session_builder,38667473,356
3000,OTPK_exists,38667546,145
3001,session_builder,38677736,289
3001,OTPK_exists,38677791,101
3002,session_builder,38688161,266
3002,OTPK_exists,38688241,104
3003,session_builder,38703323,355
3003,OTPK_exists,38703396,147
3004,session_builder,38718473,359
3004,OTPK_exists,38718547,147
3005,session_builder,38733612,353
3005,OTPK_exists,38733686,147
3006,session_builder,38744533,281
3006,OTPK_exists,38744586,102
3007,session_builder,38756985,348
3007,OTPK_exists,38757058,133
3008,session_builder,38771284,344
3008,OTPK_exists,38771357,144
3009,session_builder,38786064,355
3009,OTPK_exists,38786142,141
3010,session_builder,38798408,353
3010,OTPK_exists,38798477,147
3011,session_builder,38808519,266
3011,OTPK_exists,38808567,100
3012,session_builder,38820259,355
3012,OTPK_exists,38820331,139
3013,session_builder,38831018,381
3013,OTPK_exists,38831090,139
3014,session_builder,38845549,270
3014,OTPK_exists,38845596,108
3015,session_builder,38860690,366
3015,OTPK_exists,38860765,151
3016,session_builder,38872059,354
3016,OTPK_exists,38872131,143
3017,session_builder,38883551,268
3017,OTPK_exists,38883645,106
3018,session_builder,38897440,349
3018,OTPK_exists,38897513,141
3019,session_builder,38910070,276
3019,OTPK_exists,38910148,107
3020,session_builder,38923448,347
3020,OTPK_exists,38923521,139
3021,session_builder,38938014,344
3021,OTPK_exists,38938087,139
3022,session_builder,38952784,349
3022,OTPK_exists,38952856,139
3023,session_builder,38967922,347
3023,OTPK_exists,38967995,139
3024,session_builder,38978347,265
3024,OTPK_exists,38978400,105
3025,session_builder,38988778,351
3025,OTPK_exists,38988850,136
3026,session_builder,38999679,346
3026,OTPK_exists,38999746,139
3027,session_builder,39009968,635
3027,OTPK_exists,39010019,105
3028,session_builder,39025076,353
3028,OTPK_exists,39025149,145
3029,session_builder,39039294,360
3029,OTPK_exists,39039347,141
3030,session_builder,39049571,352
3030,OTPK_exists,39049643,141
3031,session_builder,39064708,355
3031,OTPK_exists,39064781,148
3032,session_builder,39077490,355
3032,OTPK_exists,39077557,145
3033,session_builder,39092621,353
3033,OTPK_exists,39092694,146
3034,session_builder,39106985,352
3034,OTPK_exists,39107060,136
3035,session_builder,39121197,350
3035,OTPK_exists,39121269,135
3036,session_builder,39136387,375
3036,OTPK_exists,39136462,146
3037,session_builder,39151528,351
3037,OTPK_exists,39151600,141
3038,session_builder,39166665,350
3038,OTPK_exists,39166738,141
3039,session_builder,39177978,386
3039,OTPK_exists,39178049,136
3040,session_builder,39188908,347
3040,OTPK_exists,39188981,142
3041,session_builder,39202330,348
3041,OTPK_exists,39202401,190
3042,session_builder,39217495,348
3042,OTPK_exists,39217567,139
3043,session_builder,39230286,359
3043,OTPK_exists,39230359,153
3044,session_builder,39244441,268
3044,OTPK_exists,39244494,106
3045,session_builder,39256938,345
3045,OTPK_exists,39257010,142
3046,session_builder,39271553,350
3046,OTPK_exists,39271626,139
3047,session_builder,39285934,352
3047,OTPK_exists,39286006,135
3048,session_builder,39300980,351
3048,OTPK_exists,39301051,384
3049,session_builder,39316123,347
3049,OTPK_exists,39316196,139
3050,session_builder,39330277,357
3050,OTPK_exists,39330357,150
3051,session_builder,39342268,350
3051,OTPK_exists,39342340,448
3052,session_builder,39356933,220
3052,OTPK_exists,39356963,81
3053,session_builder,39369723,66
3053,OTPK_exists,39369744,33
3054,session_builder,39383947,214
3054,OTPK_exists,39384003,83
3055,session_builder,39399063,362
3055,OTPK_exists,39399138,152
3056,session_builder,39409891,250
3056,OTPK_exists,39409931,93
3057,session_builder,39423457,352
3057,OTPK_exists,39423533,140
3058,session_builder,39435250,352
3058,OTPK_exists,39435323,135
3059,session_builder,39450438,342
3059,OTPK_exists,39450510,135
3060,session_builder,39465598,344
3060,OTPK_exists,39465670,141
3061,session_builder,39475765,350
3061,OTPK_exists,39475833,140
3062,session_builder,39488803,347
3062,OTPK_exists,39488876,137
3063,session_builder,39503988,349
3063,OTPK_exists,39504061,136
3064,session_builder,39519179,483
3064,OTPK_exists,39519253,136
3065,session_builder,39532818,392
3065,OTPK_exists,39532889,140
3066,session_builder,39543392,288
3066,OTPK_exists,39543444,99
3067,session_builder,39555988,344
3067,OTPK_exists,39556057,139
3068,session_builder,39571121,349
3068,OTPK_exists,39571194,141
3069,session_builder,39586258,344
3069,OTPK_exists,39586330,141
3070,session_builder,39600339,389
3070,OTPK_exists,39600413,141
3071,session_builder,39610480,270
3071,OTPK_exists,39610565,109
3072,session_builder,39622552,370
3072,OTPK_exists,39622626,137
3073,session_builder,39637690,355
3073,OTPK_exists,39637763,145
3074,session_builder,39650928,265
3074,OTPK_exists,39650967,104
3075,session_builder,39666024,354
3075,OTPK_exists,39666097,148
3076,session_builder,39676520,298
3076,OTPK_exists,39676573,121
3077,session_builder,39691630,361
3077,OTPK_exists,39691704,152
3078,session_builder,39706399,233
3078,OTPK_exists,39706423,81
3079,session_builder,39721245,347
3079,OTPK_exists,39721317,137
3080,session_builder,39734189,688
3080,OTPK_exists,39734263,138
3081,session_builder,39744436,266
3081,OTPK_exists,39744489,402
3082,session_builder,39759605,271
3082,OTPK_exists,39759659,113
3083,session_builder,39772631,352
3083,OTPK_exists,39772702,141
3084,session_builder,39785932,592
3084,OTPK_exists,39786005,133
3085,session_builder,39796457,353
3085,OTPK_exists,39796520,148
3086,session_builder,39808780,270
3086,OTPK_exists,39808826,108
3087,session_builder,39823449,350
3087,OTPK_exists,39823523,140
3088,session_builder,39838553,349
3088,OTPK_exists,39838626,140
3089,session_builder,39848714,640
3089,OTPK_exists,39848766,106
3090,session_builder,39862234,242
3090,OTPK_exists,39862306,114
3091,session_builder,39873475,372
3091,OTPK_exists,39873547,145
3092,session_builder,39888618,346
3092,OTPK_exists,39888690,142
3093,session_builder,39899162,348
3093,OTPK_exists,39899233,143
3094,session_builder,39910311,272
3094,OTPK_exists,39910364,111
3095,session_builder,39923481,354
3095,OTPK_exists,39923551,145
3096,session_builder,39938280,353
3096,OTPK_exists,39938352,155
3097,session_builder,39951565,349
3097,OTPK_exists,39951639,145
3098,session_builder,39966692,347
3098,OTPK_exists,39966763,147
3099,session_builder,39977176,276
3099,OTPK_exists,39977228,105
3100,session_builder,39992286,358
3100,OTPK_exists,39992361,149
3101,session_builder,40006107,352
3101,OTPK_exists,40006179,147
3102,session_builder,40021276,347
3102,OTPK_exists,40021349,139
3103,session_builder,40035932,346
3103,OTPK_exists,40036003,149
3104,session_builder,40050719,344
3104,OTPK_exists,40050792,141
3105,session_builder,40064232,357
3105,OTPK_exists,40064306,153
3106,session_builder,40075441,268
3106,OTPK_exists,40075489,113
3107,session_builder,40086134,697
3107,OTPK_exists,40086201,141
3108,session_builder,40100691,233
3108,OTPK_exists,40100777,86
3109,session_builder,40112008,255
3109,OTPK_exists,40112054,91
3110,session_builder,40127112,357
3110,OTPK_exists,40127186,147
3111,session_builder,40139697,218
3111,OTPK_exists,40139729,82
3112,session_builder,40154751,69
3112,OTPK_exists,40154774,65
3113,session_builder,40164954,169
3113,OTPK_exists,40164981,79
3114,session_builder,40178160,271
3114,OTPK_exists,40178193,100
3115,session_builder,40189536,272
3115,OTPK_exists,40189571,120
3116,session_builder,40202335,366
3116,OTPK_exists,40202408,137
3117,session_builder,40217479,350
3117,OTPK_exists,40217551,139
3118,session_builder,40229879,370
3118,OTPK_exists,40229952,150
3119,session_builder,40243902,272
3119,OTPK_exists,40243954,104
3120,session_builder,40256242,346
3120,OTPK_exists,40256315,137
3121,session_builder,40271380,353
3121,OTPK_exists,40271453,142
3122,session_builder,40285951,386
3122,OTPK_exists,40286028,158
3123,session_builder,40301126,360
3123,OTPK_exists,40301201,150
3124,session_builder,40316273,269
3124,OTPK_exists,40316349,15723
3125,session_builder,40331415,361
3125,OTPK_exists,40331490,151
3126,session_builder,40342117,265
3126,OTPK_exists,40342167,106
3127,session_builder,40356938,350
3127,OTPK_exists,40357010,140
3128,session_builder,40367923,266
3128,OTPK_exists,40368003,106
3129,session_builder,40383072,349
3129,OTPK_exists,40383145,140
3130,session_builder,40394522,367
3130,OTPK_exists,40394597,136
3131,session_builder,40406965,349
3131,OTPK_exists,40407036,136
3132,session_builder,40422110,344
3132,OTPK_exists,40422183,141
3133,session_builder,40435154,397
3133,OTPK_exists,40435229,151
3134,session_builder,40449576,221
3134,OTPK_exists,40449611,82
3135,session_builder,40461194,352
3135,OTPK_exists,40461269,139
3136,session_builder,40473500,349
3136,OTPK_exists,40473569,139
3137,session_builder,40488634,347
3137,OTPK_exists,40488707,137
3138,session_builder,40503772,349
3138,OTPK_exists,40503844,140
3139,session_builder,40518910,347
3139,OTPK_exists,40518982,140
3140,session_builder,40534095,386
3140,OTPK_exists,40534167,144
3141,session_builder,40544420,269
3141,OTPK_exists,40544471,101
3142,session_builder,40556451,344
3142,OTPK_exists,40556521,142
3143,session_builder,40569640,344
3143,OTPK_exists,40569710,452
3144,session_builder,40584780,350
3144,OTPK_exists,40584852,140
3145,session_builder,40599906,367
3145,OTPK_exists,40599983,146
3146,session_builder,40610868,266
3146,OTPK_exists,40610919,101
3147,session_builder,40623148,350
3147,OTPK_exists,40623220,142
3148,session_builder,40638288,352
3148,OTPK_exists,40638361,139
3149,session_builder,40652656,350
3149,OTPK_exists,40652729,138
3150,session_builder,40666293,344
3150,OTPK_exists,40666364,140
3151,session_builder,40676652,235
3151,OTPK_exists,40676677,91
3152,session_builder,40689926,239
3152,OTPK_exists,40689955,83
3153,session_builder,40701702,350
3153,OTPK_exists,40701775,138
3154,session_builder,40716847,351
3154,OTPK_exists,40716919,141
3155,session_builder,40729869,366
3155,OTPK_exists,40729942,136
3156,session_builder,40740123,398
3156,OTPK_exists,40740192,176
3157,session_builder,40755255,348
3157,OTPK_exists,40755328,141
3158,session_builder,40766674,348
3158,OTPK_exists,40766744,142
3159,session_builder,40777644,295
3159,OTPK_exists,40777696,121
3160,session_builder,40792754,359
3160,OTPK_exists,40792829,150
3161,session_builder,40806639,341
3161,OTPK_exists,40806718,138
3162,session_builder,40819188,353
3162,OTPK_exists,40819261,140
3163,session_builder,40834327,348
3163,OTPK_exists,40834399,140
3164,session_builder,40846199,261
3164,OTPK_exists,40846251,99
3165,session_builder,40857130,347
3165,OTPK_exists,40857195,141
3166,session_builder,40872306,350
3166,OTPK_exists,40872407,152
3167,session_builder,40885064,237
3167,OTPK_exists,40885090,416
3168,session_builder,40899016,696
3168,OTPK_exists,40899087,135
3169,session_builder,40909135,267
3169,OTPK_exists,40909183,106
3170,session_builder,40924241,346
3170,OTPK_exists,40924313,139
3171,session_builder,40939373,366
3171,OTPK_exists,40939445,145
3172,session_builder,40949947,345
3172,OTPK_exists,40950019,134
3173,session_builder,40965083,345
3173,OTPK_exists,40965156,143
3174,session_builder,40975379,699
3174,OTPK_exists,40975449,139
3175,session_builder,40990021,389
3175,OTPK_exists,40990096,139
3176,session_builder,41005161,696
3176,OTPK_exists,41005234,142
3177,session_builder,41020362,352
3177,OTPK_exists,41020436,139
3178,session_builder,41030601,693
3178,OTPK_exists,41030671,139
3179,session_builder,41044732,279
3179,OTPK_exists,41044784,143
3180,session_builder,41056933,351
3180,OTPK_exists,41057002,139
3181,session_builder,41072067,349
3181,OTPK_exists,41072140,139
3182,session_builder,41085123,347
3182,OTPK_exists,41085195,140
3183,session_builder,41098774,350
3183,OTPK_exists,41098840,139
3184,session_builder,41111180,347
3184,OTPK_exists,41111255,171
3185,session_builder,41123424,379
3185,OTPK_exists,41123496,140
3186,session_builder,41134131,341
3186,OTPK_exists,41134202,141
3187,session_builder,41146527,285
3187,OTPK_exists,41146578,103
3188,session_builder,41157570,355
3188,OTPK_exists,41157640,143
3189,session_builder,41172700,355
3189,OTPK_exists,41172773,145
3190,session_builder,41187838,352
3190,OTPK_exists,41187911,145
3191,session_builder,41202342,421
3191,OTPK_exists,41202418,199
3192,session_builder,41217557,350
3192,OTPK_exists,41217628,149
3193,session_builder,41230678,344
3193,OTPK_exists,41230751,134
3194,session_builder,41244451,348
3194,OTPK_exists,41244524,139
3195,session_builder,41256938,346
3195,OTPK_exists,41257011,141
3196,session_builder,41272079,350
3196,OTPK_exists,41272152,139
3197,session_builder,41285952,383
3197,OTPK_exists,41286030,138
3198,session_builder,41301095,357
3198,OTPK_exists,41301169,142
3199,session_builder,41316235,358
3199,OTPK_exists,41316308,142
3200,session_builder,41330272,364
3200,OTPK_exists,41330349,139
3201,session_builder,41344451,349
3201,OTPK_exists,41344524,138
3202,session_builder,41358602,376
3202,OTPK_exists,41358674,142
3203,session_builder,41373606,358
3203,OTPK_exists,41373680,148
3204,session_builder,41386606,344
3204,OTPK_exists,41386677,135
3205,session_builder,41397334,349
3205,OTPK_exists,41397406,138
3206,session_builder,41412469,351
3206,OTPK_exists,41412542,147
3207,session_builder,41424239,345
3207,OTPK_exists,41424310,135
3208,session_builder,41439374,353
3208,OTPK_exists,41439473,139
3209,session_builder,41450580,384
3209,OTPK_exists,41450657,140
3210,session_builder,41465744,355
3210,OTPK_exists,41465816,145
3211,session_builder,41480880,355
3211,OTPK_exists,41480954,147
3212,session_builder,41495322,415
3212,OTPK_exists,41495397,136
3213,session_builder,41507526,355
3213,OTPK_exists,41507602,150
3214,session_builder,41522671,352
3214,OTPK_exists,41522744,392
3215,session_builder,41535928,342
3215,OTPK_exists,41535999,132
3216,session_builder,41551063,349
3216,OTPK_exists,41551136,140
3217,session_builder,41566033,350
3217,OTPK_exists,41566102,132
3218,session_builder,41577525,345
3218,OTPK_exists,41577594,138
3219,session_builder,41592658,350
3219,OTPK_exists,41592732,140
3220,session_builder,41605782,357
3220,OTPK_exists,41605855,230
3221,session_builder,41618341,382
3221,OTPK_exists,41618414,148
3222,session_builder,41630570,349
3222,OTPK_exists,41630645,141
3223,session_builder,41644903,277
3223,OTPK_exists,41644984,100
3224,session_builder,41657133,378
3224,OTPK_exists,41657207,145
3225,session_builder,41671436,391
3225,OTPK_exists,41671499,139
3226,session_builder,41686564,355
3226,OTPK_exists,41686637,142
3227,session_builder,41701770,345
3227,OTPK_exists,41701842,161
3228,session_builder,41714959,276
3228,OTPK_exists,41715011,107
3229,session_builder,41727813,347
3229,OTPK_exists,41727885,140
3230,session_builder,41740578,571
3230,OTPK_exists,41740648,160
3231,session_builder,41755712,358
3231,OTPK_exists,41755785,147
3232,session_builder,41770850,352
3232,OTPK_exists,41770923,142
3233,session_builder,41785978,365
3233,OTPK_exists,41786050,137
3234,session_builder,41801115,357
3234,OTPK_exists,41801188,146
3235,session_builder,41811575,272
3235,OTPK_exists,41811627,101
3236,session_builder,41823496,348
3236,OTPK_exists,41823569,134
3237,session_builder,41838633,349
3237,OTPK_exists,41838705,142
3238,session_builder,41853770,347
3238,OTPK_exists,41853842,142
3239,session_builder,41868907,351
3239,OTPK_exists,41868980,140
3240,session_builder,41884045,350
3240,OTPK_exists,41884117,140
3241,session_builder,41898251,353
3241,OTPK_exists,41898319,140
3242,session_builder,41908807,264
3242,OTPK_exists,41908859,105
3243,session_builder,41923521,693
3243,OTPK_exists,41923591,139
3244,session_builder,41935455,353
3244,OTPK_exists,41935529,459
3245,session_builder,41946083,347
3245,OTPK_exists,41946146,140
3246,session_builder,41956984,391
3246,OTPK_exists,41957054,135
3247,session_builder,41971204,358
3247,OTPK_exists,41971281,140
3248,session_builder,41986370,346
3248,OTPK_exists,41986441,140
3249,session_builder,42001514,348
3249,OTPK_exists,42001586,138
3250,session_builder,42011942,356
3250,OTPK_exists,42012015,134
3251,session_builder,42024023,349
3251,OTPK_exists,42024096,134
3252,session_builder,42035933,710
3252,OTPK_exists,42036005,133
3253,session_builder,42051076,349
3253,OTPK_exists,42051150,140
3254,session_builder,42064171,356
3254,OTPK_exists,42064244,138
3255,session_builder,42074720,351
3255,OTPK_exists,42074788,134
3256,session_builder,42089859,351
3256,OTPK_exists,42089931,138
3257,session_builder,42103579,379
3257,OTPK_exists,42103650,138
3258,session_builder,42118722,351
3258,OTPK_exists,42118794,141
3259,session_builder,42130762,376
3259,OTPK_exists,42130835,139
3260,session_builder,42140984,347
3260,OTPK_exists,42141051,137
3261,session_builder,42151501,348
3261,OTPK_exists,42151573,139
3262,session_builder,42166638,351
3262,OTPK_exists,42166710,139
3263,session_builder,42181775,349
3263,OTPK_exists,42181847,141
3264,session_builder,42192672,341
3264,OTPK_exists,42192743,133
3265,session_builder,42207468,351
3265,OTPK_exists,42207543,142
3266,session_builder,42222608,355
3266,OTPK_exists,42222681,147
3267,session_builder,42237745,354
3267,OTPK_exists,42237819,148
3268,session_builder,42252884,355
3268,OTPK_exists,42252957,147
3269,session_builder,42267524,369
3269,OTPK_exists,42267595,146
3270,session_builder,42279966,220
3270,OTPK_exists,42279994,85
3271,session_builder,42294424,64
3271,OTPK_exists,42294443,66
3272,session_builder,42308008,224
3272,OTPK_exists,42308029,95
3273,session_builder,42322030,363
3273,OTPK_exists,42322091,146
3274,session_builder,42333907,425
3274,OTPK_exists,42333992,147
3275,session_builder,42344275,233
3275,OTPK_exists,42344319,74
3276,session_builder,42355308,347
3276,OTPK_exists,42355378,142
3277,session_builder,42370443,347
3277,OTPK_exists,42370516,140
3278,session_builder,42382175,350
3278,OTPK_exists,42382247,139
3279,session_builder,42394460,347
3279,OTPK_exists,42394532,139
3280,session_builder,42408105,345
3280,OTPK_exists,42408178,137
3281,session_builder,42423292,342
3281,OTPK_exists,42423365,142
3282,session_builder,42438429,347
3282,OTPK_exists,42438501,140
3283,session_builder,42452309,344
3283,OTPK_exists,42452382,142
3284,session_builder,42467471,349
3284,OTPK_exists,42467543,139
3285,session_builder,42478639,268
3285,OTPK_exists,42478692,107
3286,session_builder,42493749,346
3286,OTPK_exists,42493821,140
3287,session_builder,42507672,357
3287,OTPK_exists,42507749,142
3288,session_builder,42517833,263
3288,OTPK_exists,42517877,105
3289,session_builder,42528659,111
3289,OTPK_exists,42528680,47
3290,session_builder,42541484,68
3290,OTPK_exists,42541502,33
3291,session_builder,42552102,217
3291,OTPK_exists,42552123,84
3292,session_builder,42565378,380
3292,OTPK_exists,42565435,165
3293,session_builder,42576545,242
3293,OTPK_exists,42576572,97
3294,session_builder,42591082,428
3294,OTPK_exists,42591162,148
3295,session_builder,42606216,353
3295,OTPK_exists,42606285,145
3296,session_builder,42618280,384
3296,OTPK_exists,42618352,146
3297,session_builder,42631787,357
3297,OTPK_exists,42631857,142
3298,session_builder,42644078,273
3298,OTPK_exists,42644126,112
3299,session_builder,42657782,386
3299,OTPK_exists,42657857,144
3300,session_builder,42670619,352
3300,OTPK_exists,42670687,138
3301,session_builder,42685698,352
3301,OTPK_exists,42685772,142
3302,session_builder,42700836,352
3302,OTPK_exists,42700910,143
3303,session_builder,42712128,327
3303,OTPK_exists,42712180,148
3304,session_builder,42724504,346
3304,OTPK_exists,42724576,138
3305,session_builder,42739226,354
3305,OTPK_exists,42739298,503
3306,session_builder,42753916,345
3306,OTPK_exists,42753989,145
3307,session_builder,42769054,355
3307,OTPK_exists,42769126,141
3308,session_builder,42779194,269
3308,OTPK_exists,42779246,98
3309,session_builder,42791189,361
3309,OTPK_exists,42791262,135
3310,session_builder,42803934,342
3310,OTPK_exists,42804003,143
3311,session_builder,42815839,343
3311,OTPK_exists,42815910,135
3312,session_builder,42829986,241
3312,OTPK_exists,42830022,89
3313,session_builder,42844691,231
3313,OTPK_exists,42844731,102
3314,session_builder,42859802,369
3314,OTPK_exists,42859877,151
3315,session_builder,42874872,368
3315,OTPK_exists,42874940,151
3316,session_builder,42886960,434
3316,OTPK_exists,42887023,148
3317,session_builder,42902058,183
3317,OTPK_exists,42902087,87
3318,session_builder,42914746,151
3318,OTPK_exists,42914774,52
3319,session_builder,42925193,160
3319,OTPK_exists,42925213,101
3320,session_builder,42935323,211
3320,OTPK_exists,42935352,83
3321,session_builder,42945445,238
3321,OTPK_exists,42945484,86
3322,session_builder,42957962,548
3322,OTPK_exists,42958034,132
3323,session_builder,42969457,349
3323,OTPK_exists,42969530,134
3324,session_builder,42980728,237
3324,OTPK_exists,42980790,89
3325,session_builder,42995845,358
3325,OTPK_exists,42995919,146
3326,session_builder,43008015,348
3326,OTPK_exists,43008089,134
3327,session_builder,43022386,351
3327,OTPK_exists,43022453,139
3328,session_builder,43033371,358
3328,OTPK_exists,43033445,139
3329,session_builder,43044457,269
3329,OTPK_exists,43044505,110
3330,session_builder,43058046,358
3330,OTPK_exists,43058121,142
3331,session_builder,43073185,361
3331,OTPK_exists,43073259,143
3332,session_builder,43088331,354
3332,OTPK_exists,43088404,143
3333,session_builder,43100888,358
3333,OTPK_exists,43100965,207
3334,session_builder,43112375,263
3334,OTPK_exists,43112428,120
3335,session_builder,43123341,353
3335,OTPK_exists,43123413,145
3336,session_builder,43138477,355
3336,OTPK_exists,43138550,147
3337,session_builder,43149138,250
3337,OTPK_exists,43149166,93
3338,session_builder,43159833,66
3338,OTPK_exists,43159858,69
3339,session_builder,43174686,68
3339,OTPK_exists,43174706,31
3340,session_builder,43184841,184
3340,OTPK_exists,43184862,79
3341,session_builder,43199903,346
3341,OTPK_exists,43199960,134
3342,session_builder,43212127,235
3342,OTPK_exists,43212169,90
3343,session_builder,43225000,350
3343,OTPK_exists,43225068,134
3344,session_builder,43240132,348
3344,OTPK_exists,43240204,138
3345,session_builder,43251151,348
3345,OTPK_exists,43251223,134
3346,session_builder,43266293,349
3346,OTPK_exists,43266365,140
3347,session_builder,43277324,264
3347,OTPK_exists,43277373,98
3348,session_builder,43291532,364
3348,OTPK_exists,43291607,138
3349,session_builder,43306671,356
3349,OTPK_exists,43306745,145
3350,session_builder,43317484,345
3350,OTPK_exists,43317555,134
3351,session_builder,43329709,392
3351,OTPK_exists,43329784,170
3352,session_builder,43344446,266
3352,OTPK_exists,43344493,100
3353,session_builder,43358237,341
3353,OTPK_exists,43358311,140
3354,session_builder,43373377,353
3354,OTPK_exists,43373450,141
3355,session_builder,43388523,352
3355,OTPK_exists,43388596,139
3356,session_builder,43402932,405
3356,OTPK_exists,43403002,140
3357,session_builder,43418113,572
3357,OTPK_exists,43418186,152
3358,session_builder,43433251,362
3358,OTPK_exists,43433326,153
3359,session_builder,43446657,240
3359,OTPK_exists,43446705,97
3360,session_builder,43458241,217
3360,OTPK_exists,43458264,418
3361,session_builder,43473317,350
3361,OTPK_exists,43473390,139
3362,session_builder,43488561,341
3362,OTPK_exists,43488634,148
3363,session_builder,43503698,349
3363,OTPK_exists,43503771,139
3364,session_builder,43518841,347
3364,OTPK_exists,43518913,141
3365,session_builder,43529911,348
3365,OTPK_exists,43529981,141
3366,session_builder,43544492,313
3366,OTPK_exists,43544541,101
3367,session_builder,43558351,345
3367,OTPK_exists,43558423,468
3368,session_builder,43569267,348
3368,OTPK_exists,43569339,133
3369,session_builder,43579410,268
3369,OTPK_exists,43579459,109
3370,session_builder,43594492,376
3370,OTPK_exists,43594585,135
3371,session_builder,43606959,347
3371,OTPK_exists,43607029,139
3372,session_builder,43617176,350
3372,OTPK_exists,43617246,155
3373,session_builder,43628920,357
3373,OTPK_exists,43628992,142
3374,session_builder,43642235,351
3374,OTPK_exists,43642307,177
3375,session_builder,43656964,347
3375,OTPK_exists,43657036,136
3376,session_builder,43669712,349
3376,OTPK_exists,43669784,140
3377,session_builder,43684384,343
3377,OTPK_exists,43684455,136
3378,session_builder,43694521,365
3378,OTPK_exists,43694586,135
3379,session_builder,43708439,355
3379,OTPK_exists,43708513,137
3380,session_builder,43723458,352
3380,OTPK_exists,43723531,141
3381,session_builder,43738597,350
3381,OTPK_exists,43738669,139
3382,session_builder,43753741,352
3382,OTPK_exists,43753814,139
3383,session_builder,43768878,348
3383,OTPK_exists,43768951,140
3384,session_builder,43779606,267
3384,OTPK_exists,43779659,111
3385,session_builder,43794705,364
3385,OTPK_exists,43794777,151
3386,session_builder,43808532,409
3386,OTPK_exists,43808607,152
3387,session_builder,43823491,352
3387,OTPK_exists,43823564,164
3388,session_builder,43838629,354
3388,OTPK_exists,43838702,147
3389,session_builder,43853771,352
3389,OTPK_exists,43853845,135
3390,session_builder,43864145,349
3390,OTPK_exists,43864214,138
3391,session_builder,43875724,348
3391,OTPK_exists,43875797,139
3392,session_builder,43890867,346
3392,OTPK_exists,43890940,140
3393,session_builder,43901091,222
3393,OTPK_exists,43901106,80
3394,session_builder,43911189,213
3394,OTPK_exists,43911218,79
3395,session_builder,43926262,214
3395,OTPK_exists,43926284,81
3396,session_builder,43940983,220
3396,OTPK_exists,43941004,31
3397,session_builder,43952086,209
3397,OTPK_exists,43952107,83
3398,session_builder,43967128,162
3398,OTPK_exists,43967152,75
3399,session_builder,43982171,146
3399,OTPK_exists,43982190,70
3400,session_builder,43994442,207
3400,OTPK_exists,43994460,70
3401,session_builder,44009087,95
3401,OTPK_exists,44009101,23
3402,session_builder,44023403,124
3402,OTPK_exists,44023424,32
3403,session_builder,44035936,347
3403,OTPK_exists,44036007,134
3404,session_builder,44046132,238
3404,OTPK_exists,44046174,98
3405,session_builder,44057008,354
3405,OTPK_exists,44057079,148
3406,session_builder,44069417,216
3406,OTPK_exists,44069453,80
3407,session_builder,44083380,61
3407,OTPK_exists,44083400,31
3408,session_builder,44094414,63
3408,OTPK_exists,44094432,29
3409,session_builder,44108680,394
3409,OTPK_exists,44108749,198
3410,session_builder,44123801,352
3410,OTPK_exists,44123875,147
3411,session_builder,44138940,355
3411,OTPK_exists,44139013,146
3412,session_builder,44154086,345
3412,OTPK_exists,44154159,139
3413,session_builder,44169225,349
3413,OTPK_exists,44169297,139
3414,session_builder,44180014,262
3414,OTPK_exists,44180066,107
3415,session_builder,44190308,347
3415,OTPK_exists,44190380,139
3416,session_builder,44201428,348
3416,OTPK_exists,44201497,140
3417,session_builder,44212144,356
3417,OTPK_exists,44212181,103
3418,session_builder,44223416,211
3418,OTPK_exists,44223441,51
3419,session_builder,44235381,372
3419,OTPK_exists,44235455,150
3420,session_builder,44245913,265
3420,OTPK_exists,44245947,108
3421,session_builder,44256988,346
3421,OTPK_exists,44257061,141
3422,session_builder,44272125,344
3422,OTPK_exists,44272197,140
3423,session_builder,44285936,341
3423,OTPK_exists,44286007,134
3424,session_builder,44296098,345
3424,OTPK_exists,44296151,142
3425,session_builder,44308797,292
3425,OTPK_exists,44308836,106
3426,session_builder,44323480,347
3426,OTPK_exists,44323556,373
3427,session_builder,44335599,274
3427,OTPK_exists,44335678,199
3428,session_builder,44350779,723
3428,OTPK_exists,44350836,152
3429,session_builder,44362651,381
3429,OTPK_exists,44362716,146
3430,session_builder,44375571,268
3430,OTPK_exists,44375605,103
3431,session_builder,44386958,264
3431,OTPK_exists,44386998,106
3432,session_builder,44398269,268
3432,OTPK_exists,44398305,107
3433,session_builder,44411322,238
3433,OTPK_exists,44411359,87
3434,session_builder,44423447,265
3434,OTPK_exists,44423500,107
3435,session_builder,44434751,346
3435,OTPK_exists,44434825,136
3436,session_builder,44448373,346
3436,OTPK_exists,44448446,136
3437,session_builder,44462358,352
3437,OTPK_exists,44462428,142
3438,session_builder,44475605,368
3438,OTPK_exists,44475665,148
3439,session_builder,44485813,356
3439,OTPK_exists,44485871,139
3440,session_builder,44497044,376
3440,OTPK_exists,44497098,138
3441,session_builder,44508961,755
3441,OTPK_exists,44509040,142
3442,session_builder,44523450,265
3442,OTPK_exists,44523504,106
3443,session_builder,44535358,260
3443,OTPK_exists,44535397,411
3444,session_builder,44546783,288
3444,OTPK_exists,44546811,91
3445,session_builder,44556953,235
3445,OTPK_exists,44556981,87
3446,session_builder,44567096,277
3446,OTPK_exists,44567139,103
3447,session_builder,44577686,267
3447,OTPK_exists,44577726,106
3448,session_builder,44587767,372
3448,OTPK_exists,44587826,145
3449,session_builder,44598504,357
3449,OTPK_exists,44598558,153
3450,session_builder,44609070,418
3450,OTPK_exists,44609147,158
3451,session_builder,44623539,284
3451,OTPK_exists,44623559,114
3452,session_builder,44634502,267
3452,OTPK_exists,44634539,101
3453,session_builder,44646573,239
3453,OTPK_exists,44646600,118
3454,session_builder,44656929,293
3454,OTPK_exists,44656981,113
3455,session_builder,44668392,263
3455,OTPK_exists,44668436,104
3456,session_builder,44678537,235
3456,OTPK_exists,44678573,88
3457,session_builder,44692474,390
3457,OTPK_exists,44692546,142
3458,session_builder,44706940,347
3458,OTPK_exists,44707015,139
3459,session_builder,44717894,705
3459,OTPK_exists,44717967,140
3460,session_builder,44732440,372
3460,OTPK_exists,44732509,139
3461,session_builder,44742743,349
3461,OTPK_exists,44742808,141
3462,session_builder,44757311,344
3462,OTPK_exists,44757383,142
3463,session_builder,44772492,349
3463,OTPK_exists,44772565,134
3464,session_builder,44784723,351
3464,OTPK_exists,44784798,139
3465,session_builder,44799880,355
3465,OTPK_exists,44799953,140
3466,session_builder,44811123,265
3466,OTPK_exists,44811169,100
3467,session_builder,44823461,348
3467,OTPK_exists,44823534,140
3468,session_builder,44836086,350
3468,OTPK_exists,44836170,136
3469,session_builder,44851236,349
3469,OTPK_exists,44851308,139
3470,session_builder,44865800,754
3470,OTPK_exists,44865872,139
3471,session_builder,44880937,349
3471,OTPK_exists,44881010,141
3472,session_builder,44894982,349
3472,OTPK_exists,44895054,139
3473,session_builder,44909215,363
3473,OTPK_exists,44909291,158
3474,session_builder,44923461,349
3474,OTPK_exists,44923533,137
3475,session_builder,44937543,356
3475,OTPK_exists,44937597,142
3476,session_builder,44952064,355
3476,OTPK_exists,44952131,141
3477,session_builder,44967195,354
3477,OTPK_exists,44967269,143
3478,session_builder,44979957,262
3478,OTPK_exists,44980006,108
3479,session_builder,44991227,704
3479,OTPK_exists,44991298,142
3480,session_builder,45002482,348
3480,OTPK_exists,45002553,149
3481,session_builder,45017436,352
3481,OTPK_exists,45017510,156
3482,session_builder,45030821,123
3482,OTPK_exists,45030842,36
3483,session_builder,45044407,118
3483,OTPK_exists,45044427,44
3484,session_builder,45059268,212
3484,OTPK_exists,45059297,78
3485,session_builder,45073415,205
3485,OTPK_exists,45073442,76
3486,session_builder,45084315,206
3486,OTPK_exists,45084329,79
3487,session_builder,45094407,250
3487,OTPK_exists,45094433,82
3488,session_builder,45109323,223
3488,OTPK_exists,45109348,78
3489,session_builder,45123437,207
3489,OTPK_exists,45123465,76
3490,session_builder,45134351,170
3490,OTPK_exists,45134375,41
3491,session_builder,45147761,228
3491,OTPK_exists,45147814,83
3492,session_builder,45161515,361
3492,OTPK_exists,45161586,149
3493,session_builder,45176043,748
3493,OTPK_exists,45176120,147
3494,session_builder,45191156,207
3494,OTPK_exists,45191188,80
3495,session_builder,45202516,111
3495,OTPK_exists,45202539,33
3496,session_builder,45216320,224
3496,OTPK_exists,45216352,93
3497,session_builder,45228150,207
3497,OTPK_exists,45228189,78
3498,session_builder,45243033,355
3498,OTPK_exists,45243104,147
3499,session_builder,45258135,159
3499,OTPK_exists,45258209,65
3500,session_builder,45273273,348
3500,OTPK_exists,45273344,139
3501,session_builder,45283472,250
3501,OTPK_exists,45283549,100
3502,session_builder,45298736,363
3502,OTPK_exists,45298809,150
3503,session_builder,45309458,349
3503,OTPK_exists,45309532,134
3504,session_builder,45323434,166
3504,OTPK_exists,45323491,76
3505,session_builder,45336401,329
3505,OTPK_exists,45336448,107
3506,session_builder,45347757,234
3506,OTPK_exists,45347798,91
3507,session_builder,45359479,350
3507,OTPK_exists,45359551,141
3508,session_builder,45373495,347
3508,OTPK_exists,45373568,139
3509,session_builder,45384464,243
3509,OTPK_exists,45384504,98
3510,session_builder,45399559,366
3510,OTPK_exists,45399633,154
3511,session_builder,45409837,350
3511,OTPK_exists,45409911,144
3512,session_builder,45420444,121
3512,OTPK_exists,45420478,69
3513,session_builder,45434828,213
3513,OTPK_exists,45434862,125
3514,session_builder,45445796,209
3514,OTPK_exists,45445830,417
3515,session_builder,45459478,258
3515,OTPK_exists,45459517,96
3516,session_builder,45473940,204
3516,OTPK_exists,45473961,78
3517,session_builder,45484301,223
3517,OTPK_exists,45484360,78
3518,session_builder,45494665,209
3518,OTPK_exists,45494694,76
3519,session_builder,45509510,206
3519,OTPK_exists,45509537,74
3520,session_builder,45523440,347
3520,OTPK_exists,45523496,140
3521,session_builder,45535956,369
3521,OTPK_exists,45536033,413
3522,session_builder,45546109,269
3522,OTPK_exists,45546155,110
3523,session_builder,45559555,210
3523,OTPK_exists,45559588,78
3524,session_builder,45573451,350
3524,OTPK_exists,45573524,141
3525,session_builder,45584401,353
3525,OTPK_exists,45584473,135
3526,session_builder,45597034,344
3526,OTPK_exists,45597108,136
3527,session_builder,45609928,708
3527,OTPK_exists,45609998,136
3528,session_builder,45623460,349
3528,OTPK_exists,45623532,140
3529,session_builder,45638597,349
3529,OTPK_exists,45638669,139
3530,session_builder,45653742,346
3530,OTPK_exists,45653814,141
3531,session_builder,45668880,350
3531,OTPK_exists,45668965,139
3532,session_builder,45680800,352
3532,OTPK_exists,45680872,136
3533,session_builder,45694574,347
3533,OTPK_exists,45694646,139
3534,session_builder,45709743,347
3534,OTPK_exists,45709818,174
3535,session_builder,45722462,673
3535,OTPK_exists,45722533,144
3536,session_builder,45732572,222
3536,OTPK_exists,45732607,84
3537,session_builder,45743580,351
3537,OTPK_exists,45743652,142
3538,session_builder,45756923,340
3538,OTPK_exists,45756980,134
3539,session_builder,45768291,345
3539,OTPK_exists,45768357,136
3540,session_builder,45778637,279
3540,OTPK_exists,45778675,99
3541,session_builder,45793110,321
3541,OTPK_exists,45793173,104
3542,session_builder,45803243,356
3542,OTPK_exists,45803296,148
3543,session_builder,45813805,291
3543,OTPK_exists,45813892,105
3544,session_builder,45825859,375
3544,OTPK_exists,45825913,164
3545,session_builder,45836297,244
3545,OTPK_exists,45836350,103
3546,session_builder,45851385,273
3546,OTPK_exists,45851434,108
3547,session_builder,45866492,347
3547,OTPK_exists,45866565,140
3548,session_builder,45876820,369
3548,OTPK_exists,45876891,192
3549,session_builder,45892008,363
3549,OTPK_exists,45892068,145
3550,session_builder,45906938,349
3550,OTPK_exists,45907010,139
3551,session_builder,45917306,242
3551,OTPK_exists,45917354,88
3552,session_builder,45930156,350
3552,OTPK_exists,45930229,142
3553,session_builder,45943214,346
3553,OTPK_exists,45943287,139
3554,session_builder,45954393,217
3554,OTPK_exists,45954459,52
3555,session_builder,45969527,15568
3555,OTPK_exists,45969601,148
3556,session_builder,45981002,239
3556,OTPK_exists,45981040,87
3557,session_builder,45994459,347
3557,OTPK_exists,45994532,139
3558,session_builder,46006939,352
3558,OTPK_exists,46007013,139
3559,session_builder,46022071,344
3559,OTPK_exists,46022143,141
3560,session_builder,46037092,405
3560,OTPK_exists,46037165,162
3561,session_builder,46047336,252
3561,OTPK_exists,46047377,88
3562,session_builder,46060669,342
3562,OTPK_exists,46060732,140
3563,session_builder,46071193,352
3563,OTPK_exists,46071263,136
3564,session_builder,46082172,261
3564,OTPK_exists,46082279,93
3565,session_builder,46095036,252
3565,OTPK_exists,46095064,107
3566,session_builder,46106904,213
3566,OTPK_exists,46106927,78
3567,session_builder,46117316,213
3567,OTPK_exists,46117349,81
3568,session_builder,46129135,212
3568,OTPK_exists,46129160,433
3569,session_builder,46143594,278
3569,OTPK_exists,46143645,100
3570,session_builder,46153716,238
3570,OTPK_exists,46153754,88
3571,session_builder,46168836,352
3571,OTPK_exists,46168909,146
3572,session_builder,46179177,701
3572,OTPK_exists,46179251,140
3573,session_builder,46193334,344
3573,OTPK_exists,46193392,141
3574,session_builder,46206191,346
3574,OTPK_exists,46206260,143
3575,session_builder,46218028,354
3575,OTPK_exists,46218097,140
3576,session_builder,46228880,449
3576,OTPK_exists,46228971,153
3577,session_builder,46243872,369
3577,OTPK_exists,46243947,142
3578,session_builder,46256911,267
3578,OTPK_exists,46256958,98
3579,session_builder,46267739,347
3579,OTPK_exists,46267816,141
3580,session_builder,46278660,270
3580,OTPK_exists,46278707,107
3581,session_builder,46293404,367
3581,OTPK_exists,46293478,137
3582,session_builder,46306938,345
3582,OTPK_exists,46307010,140
3583,session_builder,46319225,347
3583,OTPK_exists,46319286,140
3584,session_builder,46333292,235
3584,OTPK_exists,46333324,92
3585,session_builder,46347114,230
3585,OTPK_exists,46347165,82
3586,session_builder,46359410,352
3586,OTPK_exists,46359483,490
3587,session_builder,46372561,419
3587,OTPK_exists,46372635,184
3588,session_builder,46386192,349
3588,OTPK_exists,46386262,147
3589,session_builder,46398273,346
3589,OTPK_exists,46398327,134
3590,session_builder,46410571,264
3590,OTPK_exists,46410614,106
3591,session_builder,46423445,266
3591,OTPK_exists,46423498,107
3592,session_builder,46434170,265
3592,OTPK_exists,46434207,106
3593,session_builder,46444418,248
3593,OTPK_exists,46444443,90
3594,session_builder,46455181,453
3594,OTPK_exists,46455240,148
3595,session_builder,46468161,360
3595,OTPK_exists,46468228,161
3596,session_builder,46478377,315
3596,OTPK_exists,46478415,113
3597,session_builder,46493472,346
3597,OTPK_exists,46493546,137
3598,session_builder,46506938,347
3598,OTPK_exists,46507011,137
3599,session_builder,46520267,346
3599,OTPK_exists,46520339,142
3600,session_builder,46530638,224
3600,OTPK_exists,46530659,82
3601,session_builder,46544439,224
3601,OTPK_exists,46544467,85
3602,session_builder,46554837,217
3602,OTPK_exists,46554860,85
3603,session_builder,46566452,214
3603,OTPK_exists,46566474,81
3604,session_builder,46576710,171
3604,OTPK_exists,46576729,35
3605,session_builder,46588599,209
3605,OTPK_exists,46588612,80
3606,session_builder,46600345,252
3606,OTPK_exists,46600398,78
3607,session_builder,46610739,252
3607,OTPK_exists,46610760,78
3608,session_builder,46623410,206
3608,OTPK_exists,46623430,84
3609,session_builder,46633587,205
3609,OTPK_exists,46633605,29
3610,session_builder,46644846,219
3610,OTPK_exists,46644860,79
3611,session_builder,46656932,110
3611,OTPK_exists,46656951,30
3612,session_builder,46670967,47
3612,OTPK_exists,46670980,25
3613,session_builder,46685582,84
3613,OTPK_exists,46685599,33
3614,session_builder,46698612,50
3614,OTPK_exists,46698627,23
3615,session_builder,46710789,47
3615,OTPK_exists,46710803,24
3616,session_builder,46723432,50
3616,OTPK_exists,46723446,23
3617,session_builder,46733964,113
3617,OTPK_exists,46733980,23
3618,session_builder,46744132,211
3618,OTPK_exists,46744216,129
3619,session_builder,46756899,204
3619,OTPK_exists,46756915,73
3620,session_builder,46767013,227
3620,OTPK_exists,46767040,74
3621,session_builder,46777296,137
3621,OTPK_exists,46777314,60
3622,session_builder,46787474,209
3622,OTPK_exists,46787502,74
3623,session_builder,46797715,207
3623,OTPK_exists,46797744,75
3624,session_builder,46810707,205
3624,OTPK_exists,46810741,76
3625,session_builder,46823433,224
3625,OTPK_exists,46823463,123
3626,session_builder,46837834,232
3626,OTPK_exists,46837854,80
3627,session_builder,46848597,203
3627,OTPK_exists,46848622,78
3628,session_builder,46861693,210
3628,OTPK_exists,46861721,81
3629,session_builder,46873578,208
3629,OTPK_exists,46873610,100
3630,session_builder,46886101,205
3630,OTPK_exists,46886130,78
3631,session_builder,46896926,204
3631,OTPK_exists,46896954,78
3632,session_builder,46908497,169
3632,OTPK_exists,46908520,44
3633,session_builder,46923243,205
3633,OTPK_exists,46923305,75
3634,session_builder,46936241,261
3634,OTPK_exists,46936300,91
3635,session_builder,46946510,272
3635,OTPK_exists,46946556,112
3636,session_builder,46961591,269
3636,OTPK_exists,46961638,102
3637,session_builder,46976689,356
3637,OTPK_exists,46976762,146
3638,session_builder,46991826,354
3638,OTPK_exists,46991899,145
3639,session_builder,47006988,416
3639,OTPK_exists,47007061,143
3640,session_builder,47021282,458
3640,OTPK_exists,47021357,148
3641,session_builder,47036424,366
3641,OTPK_exists,47036499,150
3642,session_builder,47046728,280
3642,OTPK_exists,47046774,107
3643,session_builder,47060601,416
3643,OTPK_exists,47060677,143
3644,session_builder,47073484,352
3644,OTPK_exists,47073559,137
3645,session_builder,47085131,353
3645,OTPK_exists,47085202,135
3646,session_builder,47096996,369
3646,OTPK_exists,47097064,133
3647,session_builder,47111031,283
3647,OTPK_exists,47111049,128
3648,session_builder,47123414,216
3648,OTPK_exists,47123451,80
3649,session_builder,47138477,213
3649,OTPK_exists,47138502,78
3650,session_builder,47150842,211
3650,OTPK_exists,47150869,78
3651,session_builder,47163764,222
3651,OTPK_exists,47163795,80
3652,session_builder,47177778,270
3652,OTPK_exists,47177810,83
3653,session_builder,47191991,285
3653,OTPK_exists,47192021,116
3654,session_builder,47206901,212
3654,OTPK_exists,47206927,79
3655,session_builder,47220178,255
3655,OTPK_exists,47220209,77
3656,session_builder,47235233,209
3656,OTPK_exists,47235282,78
3657,session_builder,47250025,213
3657,OTPK_exists,47250058,30
3658,session_builder,47260668,147
3658,OTPK_exists,47260693,64
3659,session_builder,47273403,128
3659,OTPK_exists,47273428,31
3660,session_builder,47288452,164
3660,OTPK_exists,47288485,61
3661,session_builder,47299566,126
3661,OTPK_exists,47299593,42
3662,session_builder,47311190,111
3662,OTPK_exists,47311214,69
3663,session_builder,47323457,148
3663,OTPK_exists,47323487,50
3664,session_builder,47336677,257
3664,OTPK_exists,47336725,94
3665,session_builder,47349765,234
3665,OTPK_exists,47349809,89
3666,session_builder,47363215,353
3666,OTPK_exists,47363277,140
3667,session_builder,47377630,346
3667,OTPK_exists,47377698,141
3668,session_builder,47391336,726
3668,OTPK_exists,47391410,134
3669,session_builder,47401600,351
3669,OTPK_exists,47401673,139
3670,session_builder,47411852,251
3670,OTPK_exists,47411885,87
3671,session_builder,47423424,214
3671,OTPK_exists,47423456,83
3672,session_builder,47435929,213
3672,OTPK_exists,47435949,47
3673,session_builder,47449757,215
3673,OTPK_exists,47449782,79
3674,session_builder,47462811,347
3674,OTPK_exists,47462879,140
3675,session_builder,47474019,351
3675,OTPK_exists,47474091,159
3676,session_builder,47489156,349
3676,OTPK_exists,47489228,140
3677,session_builder,47503927,347
3677,OTPK_exists,47504000,140
3678,session_builder,47519065,345
3678,OTPK_exists,47519137,140
3679,session_builder,47529255,348
3679,OTPK_exists,47529323,139
3680,session_builder,47544419,354
3680,OTPK_exists,47544493,137
3681,session_builder,47556776,369
3681,OTPK_exists,47556849,142
3682,session_builder,47566911,717
3682,OTPK_exists,47566985,139
3683,session_builder,47578113,444
3683,OTPK_exists,47578189,141
3684,session_builder,47589686,348
3684,OTPK_exists,47589760,138
3685,session_builder,47603094,349
3685,OTPK_exists,47603169,134
3686,session_builder,47618242,348
3686,OTPK_exists,47618315,139
3687,session_builder,47631535,348
3687,OTPK_exists,47631608,139
3688,session_builder,47645039,350
3688,OTPK_exists,47645111,142
3689,session_builder,47656938,350
3689,OTPK_exists,47657011,140
3690,session_builder,47672087,353
3690,OTPK_exists,47672159,139
3691,session_builder,47685696,654
3691,OTPK_exists,47685769,134
3692,session_builder,47699298,346
3692,OTPK_exists,47699368,141
3693,session_builder,47711166,351
3693,OTPK_exists,47711234,139
3694,session_builder,47723459,346
3694,OTPK_exists,47723533,139
3695,session_builder,47738598,351
3695,OTPK_exists,47738672,141
3696,session_builder,47753780,342
3696,OTPK_exists,47753854,141
3697,session_builder,47768918,349
3697,OTPK_exists,47768990,138
3698,session_builder,47784054,347
3698,OTPK_exists,47784126,138
3699,session_builder,47794503,346
3699,OTPK_exists,47794572,139
3700,session_builder,47806956,351
3700,OTPK_exists,47807028,138
3701,session_builder,47819853,348
3701,OTPK_exists,47819926,140
3702,session_builder,47830561,489
3702,OTPK_exists,47830630,138
3703,session_builder,47844342,348
3703,OTPK_exists,47844415,141
3704,session_builder,47856914,345
3704,OTPK_exists,47856979,138
3705,session_builder,47872044,349
3705,OTPK_exists,47872116,140
3706,session_builder,47883654,346
3706,OTPK_exists,47883726,140
3707,session_builder,47894598,349
3707,OTPK_exists,47894666,140
3708,session_builder,47904785,191
3708,OTPK_exists,47904833,79
3709,session_builder,47919885,346
3709,OTPK_exists,47919955,142
3710,session_builder,47931703,387
3710,OTPK_exists,47931774,133
3711,session_builder,47944429,351
3711,OTPK_exists,47944503,139
3712,session_builder,47956938,348
3712,OTPK_exists,47957011,139
3713,session_builder,47972148,367
3713,OTPK_exists,47972225,142
3714,session_builder,47985689,344
3714,OTPK_exists,47985762,384
3715,session_builder,48000827,352
3715,OTPK_exists,48000899,138
3716,session_builder,48011107,352
3716,OTPK_exists,48011180,140
3717,session_builder,48023515,347
3717,OTPK_exists,48023586,139
3718,session_builder,48034549,344
3718,OTPK_exists,48034621,139
3719,session_builder,48045068,352
3719,OTPK_exists,48045140,139
3720,session_builder,48056938,349
3720,OTPK_exists,48057012,140
3721,session_builder,48072127,358
3721,OTPK_exists,48072200,135
3722,session_builder,48084677,347
3722,OTPK_exists,48084751,142
3723,session_builder,48099868,351
3723,OTPK_exists,48099940,138
3724,session_builder,48111749,349
3724,OTPK_exists,48111822,136
3725,session_builder,48123498,392
3725,OTPK_exists,48123569,173
3726,session_builder,48138633,355
3726,OTPK_exists,48138707,147
3727,session_builder,48148841,358
3727,OTPK_exists,48148898,147
3728,session_builder,48164012,349
3728,OTPK_exists,48164084,141
3729,session_builder,48177320,376
3729,OTPK_exists,48177392,134
3730,session_builder,48192458,345
3730,OTPK_exists,48192530,138
3731,session_builder,48207594,346
3731,OTPK_exists,48207667,141
3732,session_builder,48222732,352
3732,OTPK_exists,48222805,139
3733,session_builder,48237935,369
3733,OTPK_exists,48238086,154
3734,session_builder,48248697,270
3734,OTPK_exists,48248796,119
3735,session_builder,48261371,426
3735,OTPK_exists,48261445,180
3736,session_builder,48273496,585
3736,OTPK_exists,48273568,134
3737,session_builder,48288640,348
3737,OTPK_exists,48288713,140
3738,session_builder,48302100,347
3738,OTPK_exists,48302172,140
3739,session_builder,48312903,269
3739,OTPK_exists,48312954,106
3740,session_builder,48328076,378
3740,OTPK_exists,48328148,143
3741,session_builder,48343219,349
3741,OTPK_exists,48343291,138
3742,session_builder,48356998,391
3742,OTPK_exists,48357071,153
3743,session_builder,48372135,363
3743,OTPK_exists,48372209,151
3744,session_builder,48387275,361
3744,OTPK_exists,48387349,150
3745,session_builder,48402415,362
3745,OTPK_exists,48402489,151
3746,session_builder,48413890,272
3746,OTPK_exists,48413940,111
3747,session_builder,48429074,362
3747,OTPK_exists,48429147,148
3748,session_builder,48439769,353
3748,OTPK_exists,48439841,144
3749,session_builder,48452316,403
3749,OTPK_exists,48452393,148
3750,session_builder,48467482,358
3750,OTPK_exists,48467555,146
3751,session_builder,48478204,655
3751,OTPK_exists,48478274,148
3752,session_builder,48493338,361
3752,OTPK_exists,48493413,151
3753,session_builder,48508478,358
3753,OTPK_exists,48508552,149
3754,session_builder,48523614,352
3754,OTPK_exists,48523684,144
3755,session_builder,48538749,354
3755,OTPK_exists,48538821,142
3756,session_builder,48553893,357
3756,OTPK_exists,48553966,147
3757,session_builder,48569032,348
3757,OTPK_exists,48569103,140
3758,session_builder,48584219,360
3758,OTPK_exists,48584291,132
3759,session_builder,48594920,375
3759,OTPK_exists,48594994,145
3760,session_builder,48607002,377
3760,OTPK_exists,48607075,143
3761,session_builder,48622134,268
3761,OTPK_exists,48622224,106
3762,session_builder,48632364,347
3762,OTPK_exists,48632436,139
3763,session_builder,48645418,354
3763,OTPK_exists,48645483,139
3764,session_builder,48659735,346
3764,OTPK_exists,48659801,143
3765,session_builder,48673517,363
3765,OTPK_exists,48673587,481
3766,session_builder,48688653,358
3766,OTPK_exists,48688726,144
3767,session_builder,48702431,532
3767,OTPK_exists,48702504,153
3768,session_builder,48713153,266
3768,OTPK_exists,48713202,114
3769,session_builder,48727633,351
3769,OTPK_exists,48727705,138
3770,session_builder,48742818,352
3770,OTPK_exists,48742891,140
3771,session_builder,48756985,352
3771,OTPK_exists,48757055,139
3772,session_builder,48772119,348
3772,OTPK_exists,48772191,140
3773,session_builder,48787256,346
3773,OTPK_exists,48787328,141
3774,session_builder,48802393,345
3774,OTPK_exists,48802465,139
3775,session_builder,48813631,268
3775,OTPK_exists,48813679,120
3776,session_builder,48825589,360
3776,OTPK_exists,48825660,136
3777,session_builder,48839516,347
3777,OTPK_exists,48839569,138
3778,session_builder,48850465,361
3778,OTPK_exists,48850523,139
3779,session_builder,48861983,431
3779,OTPK_exists,48862052,508
3780,session_builder,48873499,378
3780,OTPK_exists,48873561,142
3781,session_builder,48884538,365
3781,OTPK_exists,48884595,142
3782,session_builder,48894960,350
3782,OTPK_exists,48895029,136
3783,session_builder,48907589,363
3783,OTPK_exists,48907644,157
3784,session_builder,48918159,357
3784,OTPK_exists,48918222,146
3785,session_builder,48929555,365
3785,OTPK_exists,48929614,156
3786,session_builder,48944596,243
3786,OTPK_exists,48944633,98
3787,session_builder,48954846,285
3787,OTPK_exists,48954886,100
3788,session_builder,48967357,234
3788,OTPK_exists,48967392,80
3789,session_builder,48978805,370
3789,OTPK_exists,48978878,139
3790,session_builder,48993920,287
3790,OTPK_exists,48993973,144
3791,session_builder,49006986,347
3791,OTPK_exists,49007059,185
3792,session_builder,49018624,280
3792,OTPK_exists,49018662,89
3793,session_builder,49029945,347
3793,OTPK_exists,49030015,141
3794,session_builder,49042684,344
3794,OTPK_exists,49042738,140
3795,session_builder,49056955,305
3795,OTPK_exists,49057008,103
3796,session_builder,49070084,347
3796,OTPK_exists,49070156,137
3797,session_builder,49080633,345
3797,OTPK_exists,49080703,141
3798,session_builder,49094448,345
3798,OTPK_exists,49094522,141
3799,session_builder,49106911,263
3799,OTPK_exists,49106944,105
3800,session_builder,49119949,360
3800,OTPK_exists,49120022,137
3801,session_builder,49131320,356
3801,OTPK_exists,49131390,144
3802,session_builder,49142470,351
3802,OTPK_exists,49142539,143
3803,session_builder,49156911,264
3803,OTPK_exists,49156953,107
3804,session_builder,49172054,344
3804,OTPK_exists,49172128,143
3805,session_builder,49185710,374
3805,OTPK_exists,49185783,147
3806,session_builder,49199633,269
3806,OTPK_exists,49199676,121
3807,session_builder,49212460,541
3807,OTPK_exists,49212534,142
3808,session_builder,49223454,347
3808,OTPK_exists,49223528,140
3809,session_builder,49238596,349
3809,OTPK_exists,49238668,141
3810,session_builder,49249203,274
3810,OTPK_exists,49249238,109
3811,session_builder,49264296,369
3811,OTPK_exists,49264373,153
3812,session_builder,49278149,381
3812,OTPK_exists,49278210,147
3813,session_builder,49288505,269
3813,OTPK_exists,49288577,188
3814,session_builder,49300770,240
3814,OTPK_exists,49300801,90
3815,session_builder,49315519,211
3815,OTPK_exists,49315550,81
3816,session_builder,49328625,234
3816,OTPK_exists,49328644,123
3817,session_builder,49343708,350
3817,OTPK_exists,49343780,141
3818,session_builder,49354998,259
3818,OTPK_exists,49355024,84
3819,session_builder,49367464,361
3819,OTPK_exists,49367537,148
3820,session_builder,49378696,386
3820,OTPK_exists,49378770,140
3821,session_builder,49393841,352
3821,OTPK_exists,49393914,141
3822,session_builder,49406920,220
3822,OTPK_exists,49406944,79
3823,session_builder,49421771,215
3823,OTPK_exists,49421797,78
3824,session_builder,49435060,257
3824,OTPK_exists,49435085,81
3825,session_builder,49445740,273
3825,OTPK_exists,49445765,125
3826,session_builder,49455970,260
3826,OTPK_exists,49455992,79
3827,session_builder,49471045,363
3827,OTPK_exists,49471118,149
3828,session_builder,49486171,360
3828,OTPK_exists,49486241,143
3829,session_builder,49497464,365
3829,OTPK_exists,49497529,145
3830,session_builder,49511388,348
3830,OTPK_exists,49511461,140
3831,session_builder,49523436,268
3831,OTPK_exists,49523488,106
3832,session_builder,49538547,351
3832,OTPK_exists,49538618,141
3833,session_builder,49549969,349
3833,OTPK_exists,49550028,141
3834,session_builder,49565109,353
3834,OTPK_exists,49565182,144
3835,session_builder,49577471,355
3835,OTPK_exists,49577541,140
3836,session_builder,49592606,355
3836,OTPK_exists,49592679,142
3837,session_builder,49607745,357
3837,OTPK_exists,49607818,142
3838,session_builder,49622891,360
3838,OTPK_exists,49622965,145
3839,session_builder,49638031,350
3839,OTPK_exists,49638104,140
3840,session_builder,49649693,281
3840,OTPK_exists,49649804,106
3841,session_builder,49664874,368
3841,OTPK_exists,49664949,151
3842,session_builder,49678931,392
3842,OTPK_exists,49679004,151
3843,session_builder,49694069,347
3843,OTPK_exists,49694141,142
3844,session_builder,49706937,347
3844,OTPK_exists,49707010,138
3845,session_builder,49722084,341
3845,OTPK_exists,49722156,138
3846,session_builder,49737222,350
3846,OTPK_exists,49737294,139
3847,session_builder,49749626,263
3847,OTPK_exists,49749747,138
3848,session_builder,49764821,362
3848,OTPK_exists,49764895,150
3849,session_builder,49778978,362
3849,OTPK_exists,49779051,153
3850,session_builder,49794160,355
3850,OTPK_exists,49794234,145
3851,session_builder,49806214,659
3851,OTPK_exists,49806284,142
3852,session_builder,49817473,359
3852,OTPK_exists,49817543,139
3853,session_builder,49828712,366
3853,OTPK_exists,49828784,144
3854,session_builder,49839966,355
3854,OTPK_exists,49840037,160
3855,session_builder,49852103,400
3855,OTPK_exists,49852163,148
3856,session_builder,49867136,347
3856,OTPK_exists,49867208,140
3857,session_builder,49878282,350
3857,OTPK_exists,49878356,140
3858,session_builder,49890716,348
3858,OTPK_exists,49890788,381
3859,session_builder,49905854,349
3859,OTPK_exists,49905926,138
3860,session_builder,49917538,347
3860,OTPK_exists,49917615,151
3861,session_builder,49930783,348
3861,OTPK_exists,49930841,464
3862,session_builder,49944967,346
3862,OTPK_exists,49945036,383
3863,session_builder,49956939,352
3863,OTPK_exists,49957012,139
3864,session_builder,49968794,352
3864,OTPK_exists,49968865,140
3865,session_builder,49979014,709
3865,OTPK_exists,49979087,139
3866,session_builder,49994152,349
3866,OTPK_exists,49994225,140
3867,session_builder,50009126,304
3867,OTPK_exists,50009169,106
3868,session_builder,50023431,270
3868,OTPK_exists,50023476,106
3869,session_builder,50033733,389
3869,OTPK_exists,50033785,139
3870,session_builder,50044547,415
3870,OTPK_exists,50044652,145
3871,session_builder,50054972,699
3871,OTPK_exists,50055025,146
3872,session_builder,50065927,283
3872,OTPK_exists,50065976,107
3873,session_builder,50079104,357
3873,OTPK_exists,50079176,142
3874,session_builder,50092771,346
3874,OTPK_exists,50092844,139
3875,session_builder,50106939,347
3875,OTPK_exists,50107012,141
3876,session_builder,50121499,343
3876,OTPK_exists,50121567,142
3877,session_builder,50131669,356
3877,OTPK_exists,50131740,135
3878,session_builder,50146568,640
3878,OTPK_exists,50146621,136
3879,session_builder,50156940,346
3879,OTPK_exists,50157012,139
3880,session_builder,50167585,349
3880,OTPK_exists,50167657,139
3881,session_builder,50177985,346
3881,OTPK_exists,50178035,138
3882,session_builder,50189491,354
3882,OTPK_exists,50189544,141
3883,session_builder,50199962,363
3883,OTPK_exists,50200032,148
3884,session_builder,50211218,352
3884,OTPK_exists,50211288,148
3885,session_builder,50223448,352
3885,OTPK_exists,50223514,143
3886,session_builder,50234524,341
3886,OTPK_exists,50234577,132
3887,session_builder,50246906,279
3887,OTPK_exists,50246944,117
3888,session_builder,50258723,348
3888,OTPK_exists,50258788,139
3889,session_builder,50273670,347
3889,OTPK_exists,50273724,141
3890,session_builder,50288796,347
3890,OTPK_exists,50288868,140
3891,session_builder,50301755,350
3891,OTPK_exists,50301805,142
3892,session_builder,50312990,344
3892,OTPK_exists,50313062,146
3893,session_builder,50327337,385
3893,OTPK_exists,50327413,170
3894,session_builder,50342512,347
3894,OTPK_exists,50342562,139
3895,session_builder,50356938,350
3895,OTPK_exists,50357011,139
3896,session_builder,50367712,349
3896,OTPK_exists,50367773,137
3897,session_builder,50379700,355
3897,OTPK_exists,50379770,145
3898,session_builder,50391165,343
3898,OTPK_exists,50391235,139
3899,session_builder,50406299,347
3899,OTPK_exists,50406372,140
3900,session_builder,50419111,354
3900,OTPK_exists,50419185,136
3901,session_builder,50434251,349
3901,OTPK_exists,50434323,139
3902,session_builder,50444632,349
3902,OTPK_exists,50444695,139
3903,session_builder,50456939,350
3903,OTPK_exists,50457012,140
3904,session_builder,50472128,361
3904,OTPK_exists,50472201,136
3905,session_builder,50487267,350
3905,OTPK_exists,50487339,139
3906,session_builder,50498128,352
3906,OTPK_exists,50498199,144
3907,session_builder,50512024,347
3907,OTPK_exists,50512097,139
3908,session_builder,50525832,375
3908,OTPK_exists,50525905,134
3909,session_builder,50537926,349
3909,OTPK_exists,50537976,140
3910,session_builder,50548671,263
3910,OTPK_exists,50548711,100
3911,session_builder,50562629,258
3911,OTPK_exists,50562670,107
3912,session_builder,50573524,250
3912,OTPK_exists,50592387,413
3913,session_builder,50606938,349
3913,OTPK_exists,50607033,138
3914,session_builder,50618231,728
3914,OTPK_exists,50618316,135
3915,session_builder,50629547,351
3915,OTPK_exists,50629630,141
3916,session_builder,50644477,344
3916,OTPK_exists,50644564,141
3917,session_builder,50656930,347
3917,OTPK_exists,50656997,148
3918,session_builder,50667202,359
3918,OTPK_exists,50667289,149
3919,session_builder,50679502,358
3919,OTPK_exists,50679590,154
3920,session_builder,50694462,343
3920,OTPK_exists,50694555,133
3921,session_builder,50706938,347
3921,OTPK_exists,50707023,137
3922,session_builder,50722143,344
3922,OTPK_exists,50722227,139
3923,session_builder,50737299,349
3923,OTPK_exists,50737384,139
3924,session_builder,50750029,270
3924,OTPK_exists,50750121,110
3925,session_builder,50765194,372
3925,OTPK_exists,50765282,152
3926,session_builder,50779597,770
3926,OTPK_exists,50779685,167
3927,session_builder,50794759,366
3927,OTPK_exists,50794847,149
3928,session_builder,50809229,395
3928,OTPK_exists,50809317,155
3929,session_builder,50823462,239
3929,OTPK_exists,50823505,90
3930,session_builder,50838563,354
3930,OTPK_exists,50838649,147
3931,session_builder,50853721,357
3931,OTPK_exists,50853806,145
3932,session_builder,50868878,356
3932,OTPK_exists,50868963,147
3933,session_builder,50879443,371
3933,OTPK_exists,50879529,148
3934,session_builder,50894589,352
3934,OTPK_exists,50894675,147
3935,session_builder,50909748,355
3935,OTPK_exists,50909835,147
3936,session_builder,50924907,356
3936,OTPK_exists,50924993,146
3937,session_builder,50940065,354
3937,OTPK_exists,50940152,147
3938,session_builder,50955224,352
3938,OTPK_exists,50955310,146
3939,session_builder,50970381,353
3939,OTPK_exists,50970467,147
3940,session_builder,50985539,355
3940,OTPK_exists,50985625,148
3941,session_builder,51000698,355
3941,OTPK_exists,51000784,148
3942,session_builder,51015856,357
3942,OTPK_exists,51015941,145
3943,session_builder,51029850,720
3943,OTPK_exists,51029935,140
3944,session_builder,51044459,350
3944,OTPK_exists,51044545,140
3945,session_builder,51057016,397
3945,OTPK_exists,51057104,139
3946,session_builder,51068686,274
3946,OTPK_exists,51068728,108
3947,session_builder,51079194,166
3947,OTPK_exists,51079220,35
3948,session_builder,51094276,349
3948,OTPK_exists,51094360,142
3949,session_builder,51106940,345
3949,OTPK_exists,51107027,140
3950,session_builder,51118107,351
3950,OTPK_exists,51118194,140
3951,session_builder,51130404,347
3951,OTPK_exists,51130487,141
3952,session_builder,51145558,348
3952,OTPK_exists,51145644,142
3953,session_builder,51156986,354
3953,OTPK_exists,51157070,142
3954,session_builder,51172142,350
3954,OTPK_exists,51172227,139
3955,session_builder,51185722,403
3955,OTPK_exists,51185813,147
3956,session_builder,51198579,355
3956,OTPK_exists,51198662,143
3957,session_builder,51212469,349
3957,OTPK_exists,51212564,139
3958,session_builder,51223459,350
3958,OTPK_exists,51223544,141
3959,session_builder,51238618,349
3959,OTPK_exists,51238704,139
3960,session_builder,51251904,265
3960,OTPK_exists,51251966,173
3961,session_builder,51267030,353
3961,OTPK_exists,51267117,146
3962,session_builder,51279901,353
3962,OTPK_exists,51279985,139
3963,session_builder,51294492,341
3963,OTPK_exists,51294581,138
3964,session_builder,51309654,350
3964,OTPK_exists,51309739,138
3965,session_builder,51323445,268
3965,OTPK_exists,51323554,105
3966,session_builder,51336359,354
3966,OTPK_exists,51336437,133
3967,session_builder,51346993,355
3967,OTPK_exists,51347077,135
3968,session_builder,51359058,348
3968,OTPK_exists,51359137,139
3969,session_builder,51372406,341
3969,OTPK_exists,51372491,137
3970,session_builder,51383749,267
3970,OTPK_exists,51383809,111
3971,session_builder,51397900,349
3971,OTPK_exists,51397983,143
3972,session_builder,51413055,354
3972,OTPK_exists,51413143,142
3973,session_builder,51428257,360
3973,OTPK_exists,51428344,149
3974,session_builder,51440241,361
3974,OTPK_exists,51440318,409
3975,session_builder,51453769,371
3975,OTPK_exists,51453859,140
3976,session_builder,51468932,356
3976,OTPK_exists,51469017,145
3977,session_builder,51483832,345
3977,OTPK_exists,51483917,145
3978,session_builder,51495427,359
3978,OTPK_exists,51495522,146
3979,session_builder,51510636,357
3979,OTPK_exists,51510720,145
3980,session_builder,51525793,355
3980,OTPK_exists,51525878,147
3981,session_builder,51538851,353
3981,OTPK_exists,51538932,145
3982,session_builder,51554004,355
3982,OTPK_exists,51554090,147
3983,session_builder,51569161,358
3983,OTPK_exists,51569248,147
3984,session_builder,51584320,354
3984,OTPK_exists,51584406,147
3985,session_builder,51598101,365
3985,OTPK_exists,51598185,134
3986,session_builder,51610959,366
3986,OTPK_exists,51611044,136
3987,session_builder,51623608,351
3987,OTPK_exists,51623669,137
3988,session_builder,51638741,351
3988,OTPK_exists,51638827,139
3989,session_builder,51650721,282
3989,OTPK_exists,51650797,125
3990,session_builder,51665906,665
3990,OTPK_exists,51665994,151
3991,session_builder,51680158,398
3991,OTPK_exists,51680243,138
3992,session_builder,51694447,266
3992,OTPK_exists,51694554,107
3993,session_builder,51706904,220
3993,OTPK_exists,51706938,81
3994,session_builder,51716983,226
3994,OTPK_exists,51717026,82
3995,session_builder,51730089,348
3995,OTPK_exists,51730174,135
3996,session_builder,51742425,347
3996,OTPK_exists,51742506,141
3997,session_builder,51756947,348
3997,OTPK_exists,51757032,140
3998,session_builder,51772105,345
3998,OTPK_exists,51772191,140
3999,session_builder,51785618,349
3999,OTPK_exists,51785698,143
4000,session_builder,51798966,346
4000,OTPK_exists,51799048,449
4001,session_builder,51812908,368
4001,OTPK_exists,51812992,154
4002,session_builder,51826393,340
4002,OTPK_exists,51826475,137
4003,session_builder,51841546,353
4003,OTPK_exists,51841632,139
4004,session_builder,51854849,268
4004,OTPK_exists,51854909,107
4005,session_builder,51864986,344
4005,OTPK_exists,51865067,139
4006,session_builder,51877819,367
4006,OTPK_exists,51877906,162
4007,session_builder,51892565,352
4007,OTPK_exists,51892650,148
4008,session_builder,51906938,345
4008,OTPK_exists,51907023,140
4009,session_builder,51920448,348
4009,OTPK_exists,51920534,142
4010,session_builder,51935449,427
4010,OTPK_exists,51935539,142
4011,session_builder,51948436,263
4011,OTPK_exists,51948494,106
4012,session_builder,51963579,346
4012,OTPK_exists,51963665,141
4013,session_builder,51977451,352
4013,OTPK_exists,51977537,133
4014,session_builder,51992608,352
4014,OTPK_exists,51992693,139
4015,session_builder,52007765,346
4015,OTPK_exists,52007849,141
4016,session_builder,52022922,349
4016,OTPK_exists,52023007,140
4017,session_builder,52038079,349
4017,OTPK_exists,52038164,141
4018,session_builder,52048915,267
4018,OTPK_exists,52048973,106
4019,session_builder,52061188,396
4019,OTPK_exists,52061279,145
4020,session_builder,52075744,429
4020,OTPK_exists,52075835,143
4021,session_builder,52090915,348
4021,OTPK_exists,52091000,140
4022,session_builder,52106073,344
4022,OTPK_exists,52106159,140
4023,session_builder,52121231,351
4023,OTPK_exists,52121317,139
4024,session_builder,52132516,344
4024,OTPK_exists,52132599,141
4025,session_builder,52143100,350
4025,OTPK_exists,52143186,134
4026,session_builder,52156946,346
4026,OTPK_exists,52157032,141
4027,session_builder,52172165,384
4027,OTPK_exists,52172251,137
4028,session_builder,52186105,352
4028,OTPK_exists,52186193,144
4029,session_builder,52199231,355
4029,OTPK_exists,52199313,145
4030,session_builder,52213147,352
4030,OTPK_exists,52213232,144
4031,session_builder,52223458,345
4031,OTPK_exists,52223549,140
4032,session_builder,52238624,349
4032,OTPK_exists,52238710,141
4033,session_builder,52251220,292
4033,OTPK_exists,52251281,106
4034,session_builder,52266344,361
4034,OTPK_exists,52266429,144
4035,session_builder,52280730,346
4035,OTPK_exists,52280809,140
4036,session_builder,52294446,266
4036,OTPK_exists,52294554,105
4037,session_builder,52306985,378
4037,OTPK_exists,52307071,139
4038,session_builder,52317817,302
4038,OTPK_exists,52317925,107
4039,session_builder,52330313,352
4039,OTPK_exists,52330393,139
4040,session_builder,52344461,346
4040,OTPK_exists,52344547,142
4041,session_builder,52356937,350
4041,OTPK_exists,52357023,142
4042,session_builder,52372095,347
4042,OTPK_exists,52372180,140
4043,session_builder,52382905,268
4043,OTPK_exists,52382962,99
4044,session_builder,52394446,268
4044,OTPK_exists,52394553,107
4045,session_builder,52406985,344
4045,OTPK_exists,52407072,134
4046,session_builder,52422143,700
4046,OTPK_exists,52422228,142
4047,session_builder,52437299,346
4047,OTPK_exists,52437384,144
4048,session_builder,52452330,368
4048,OTPK_exists,52452415,140
4049,session_builder,52466084,353
4049,OTPK_exists,52466172,139
4050,session_builder,52481245,357
4050,OTPK_exists,52481330,145
4051,session_builder,52494451,223
4051,OTPK_exists,52494478,84
4052,session_builder,52506939,348
4052,OTPK_exists,52507015,139
4053,session_builder,52517941,239
4053,OTPK_exists,52517989,88
4054,session_builder,52530086,99
4054,OTPK_exists,52530111,35
4055,session_builder,52544445,238
4055,OTPK_exists,52544544,88
4056,session_builder,52556937,346
4056,OTPK_exists,52556997,139
4057,session_builder,52570787,405
4057,OTPK_exists,52570872,141
4058,session_builder,52580962,359
4058,OTPK_exists,52581042,144
4059,session_builder,52594519,355
4059,OTPK_exists,52594603,144
4060,session_builder,52606938,347
4060,OTPK_exists,52607025,137
4061,session_builder,52622048,348
4061,OTPK_exists,52622134,140
4062,session_builder,52632234,360
4062,OTPK_exists,52632322,144
4063,session_builder,52644845,346
4063,OTPK_exists,52644924,136
4064,session_builder,52656941,350
4064,OTPK_exists,52657027,139
4065,session_builder,52671841,352
4065,OTPK_exists,52671927,142
4066,session_builder,52684315,303
4066,OTPK_exists,52684375,108
4067,session_builder,52697430,354
4067,OTPK_exists,52697518,143
4068,session_builder,52712591,354
4068,OTPK_exists,52712676,143
4069,session_builder,52723458,347
4069,OTPK_exists,52723544,139
4070,session_builder,52738617,342
4070,OTPK_exists,52738701,142
4071,session_builder,52748921,266
4071,OTPK_exists,52748980,105
4072,session_builder,52760377,351
4072,OTPK_exists,52760462,132
4073,session_builder,52775533,345
4073,OTPK_exists,52775618,142
4074,session_builder,52790689,350
4074,OTPK_exists,52790774,141
4075,session_builder,52805760,387
4075,OTPK_exists,52805847,142
4076,session_builder,52820919,348
4076,OTPK_exists,52821005,139
4077,session_builder,52835415,343
4077,OTPK_exists,52835501,149
4078,session_builder,52847983,699
4078,OTPK_exists,52848068,138
4079,session_builder,52863185,347
4079,OTPK_exists,52863269,447
4080,session_builder,52878339,346
4080,OTPK_exists,52878424,140
4081,session_builder,52888877,371
4081,OTPK_exists,52888961,134
4082,session_builder,52899119,342
4082,OTPK_exists,52899200,139
4083,session_builder,52910032,347
4083,OTPK_exists,52910116,138
4084,session_builder,52923457,565
4084,OTPK_exists,52923544,138
4085,session_builder,52934412,372
4085,OTPK_exists,52934498,134
4086,session_builder,52946892,349
4086,OTPK_exists,52946978,139
4087,session_builder,52957133,348
4087,OTPK_exists,52957212,139
4088,session_builder,52967347,347
4088,OTPK_exists,52967428,139
4089,session_builder,52981402,349
4089,OTPK_exists,52981487,131
4090,session_builder,52994497,345
4090,OTPK_exists,52994585,137
4091,session_builder,53009207,350
4091,OTPK_exists,53009291,142
4092,session_builder,53023458,346
4092,OTPK_exists,53023543,141
4093,session_builder,53038665,341
4093,OTPK_exists,53038749,133
4094,session_builder,53049134,263
4094,OTPK_exists,53049194,144
4095,session_builder,53064257,348
4095,OTPK_exists,53064341,140
4096,session_builder,53078956,347
4096,OTPK_exists,53079041,141
4097,session_builder,53094114,351
4097,OTPK_exists,53094199,139
4098,session_builder,53106999,444
4098,OTPK_exists,53107085,141
4099,session_builder,53122181,351
4099,OTPK_exists,53122266,139
4100,session_builder,53136368,350
4100,OTPK_exists,53136452,137
4101,session_builder,53147025,352
4101,OTPK_exists,53147119,139
4102,session_builder,53162194,350
4102,OTPK_exists,53162279,139
4103,session_builder,53173446,346
4103,OTPK_exists,53173531,142
4104,session_builder,53186398,342
4104,OTPK_exists,53186484,161
4105,session_builder,53199693,349
4105,OTPK_exists,53199776,140
4106,session_builder,53213835,388
4106,OTPK_exists,53213920,132
4107,session_builder,53229039,355
4107,OTPK_exists,53229125,139
4108,session_builder,53244199,350
4108,OTPK_exists,53244284,137
4109,session_builder,53256981,349
4109,OTPK_exists,53257063,141
4110,session_builder,53272183,410
4110,OTPK_exists,53272270,131
4111,session_builder,53282610,270
4111,OTPK_exists,53282669,103
4112,session_builder,53297791,457
4112,OTPK_exists,53297880,145
4113,session_builder,53312956,355
4113,OTPK_exists,53313041,145
4114,session_builder,53327314,353
4114,OTPK_exists,53327401,159
4115,session_builder,53337487,272
4115,OTPK_exists,53337594,114
4116,session_builder,53348365,297
4116,OTPK_exists,53348405,129
4117,session_builder,53362775,347
4117,OTPK_exists,53362862,139
4118,session_builder,53373764,346
4118,OTPK_exists,53373843,139
4119,session_builder,53388356,412
4119,OTPK_exists,53388447,166
4120,session_builder,53403544,360
4120,OTPK_exists,53403631,150
4121,session_builder,53414600,371
4121,OTPK_exists,53414688,147
4122,session_builder,53427527,246
4122,OTPK_exists,53427575,95
4123,session_builder,53439213,349
4123,OTPK_exists,53439300,144
4124,session_builder,53450293,641
4124,OTPK_exists,53468606,88
4125,session_builder,53481685,346
4125,OTPK_exists,53489404,132
4126,session_builder,53501502,386
4126,OTPK_exists,53509654,149
4127,session_builder,53521896,349
4127,OTPK_exists,53529824,134
4128,session_builder,53540891,352
4128,OTPK_exists,53540976,133
4129,session_builder,53551488,280
4129,OTPK_exists,53551550,114
4130,session_builder,53562277,349
4130,OTPK_exists,53562363,133
4131,session_builder,53573450,346
4131,OTPK_exists,53573536,134
4132,session_builder,53583924,264
4132,OTPK_exists,53583985,103
4133,session_builder,53598157,343
4133,OTPK_exists,53598242,146
4134,session_builder,53612896,350
4134,OTPK_exists,53612980,137
4135,session_builder,53623499,410
4135,OTPK_exists,53623583,145
4136,session_builder,53638656,352
4136,OTPK_exists,53638741,141
4137,session_builder,53648943,346
4137,OTPK_exists,53649022,134
4138,session_builder,53660827,346
4138,OTPK_exists,53660913,133
4139,session_builder,53673510,440
4139,OTPK_exists,53673596,143
4140,session_builder,53685310,425
4140,OTPK_exists,53685376,373
4141,session_builder,53699467,381
4141,OTPK_exists,53699551,154
4142,session_builder,53712106,364
4142,OTPK_exists,53712191,145
4143,session_builder,53725585,351
4143,OTPK_exists,53725676,156
4144,session_builder,53737099,365
4144,OTPK_exists,53737184,141
4145,session_builder,53748316,348
4145,OTPK_exists,53748395,476
4146,session_builder,53759937,690
4146,OTPK_exists,53760021,134
4147,session_builder,53775093,345
4147,OTPK_exists,53775179,140
4148,session_builder,53790251,347
4148,OTPK_exists,53790336,139
4149,session_builder,53805408,352
4149,OTPK_exists,53805493,139
4150,session_builder,53817157,366
4150,OTPK_exists,53817242,144
4151,session_builder,53831909,374
4151,OTPK_exists,53831996,145
4152,session_builder,53845344,361
4152,OTPK_exists,53845440,150
4153,session_builder,53860518,360
4153,OTPK_exists,53860605,150
4154,session_builder,53875678,360
4154,OTPK_exists,53875765,150
4155,session_builder,53890837,361
4155,OTPK_exists,53890924,151
4156,session_builder,53901353,353
4156,OTPK_exists,53901450,134
4157,session_builder,53913312,404
4157,OTPK_exists,53913401,147
4158,session_builder,53927830,392
4158,OTPK_exists,53927913,136
4159,session_builder,53942989,348
4159,OTPK_exists,53943074,142
4160,session_builder,53957012,440
4160,OTPK_exists,53957100,198
4161,session_builder,53967170,347
4161,OTPK_exists,53967253,143
4162,session_builder,53977958,421
4162,OTPK_exists,53978049,140
4163,session_builder,53989802,416
4163,OTPK_exists,53989891,139
4164,session_builder,54004210,347
4164,OTPK_exists,54004295,139
4165,session_builder,54015403,350
4165,OTPK_exists,54015489,137
4166,session_builder,54029932,352
4166,OTPK_exists,54030020,182
4167,session_builder,54044464,349
4167,OTPK_exists,54044551,141
4168,session_builder,54057006,388
4168,OTPK_exists,54057095,139
4169,session_builder,54067652,290
4169,OTPK_exists,54067732,103
4170,session_builder,54080967,350
4170,OTPK_exists,54081061,140
4171,session_builder,54095155,347
4171,OTPK_exists,54095236,135
4172,session_builder,54106987,349
4172,OTPK_exists,54107072,141
4173,session_builder,54119372,366
4173,OTPK_exists,54119457,136
4174,session_builder,54133812,349
4174,OTPK_exists,54133894,142
4175,session_builder,54148822,368
4175,OTPK_exists,54148907,140
4176,session_builder,54163980,352
4176,OTPK_exists,54164065,139
4177,session_builder,54175715,432
4177,OTPK_exists,54175802,173
4178,session_builder,54187824,238
4178,OTPK_exists,54187892,54
4179,session_builder,54200511,221
4179,OTPK_exists,54200559,86
4180,session_builder,54215605,357
4180,OTPK_exists,54215691,137
4181,session_builder,54230349,346
4181,OTPK_exists,54230434,155
4182,session_builder,54244450,348
4182,OTPK_exists,54244537,137
4183,session_builder,54256938,347
4183,OTPK_exists,54257024,140
4184,session_builder,54267228,349
4184,OTPK_exists,54267311,140
4185,session_builder,54280121,359
4185,OTPK_exists,54280207,134
4186,session_builder,54294885,349
4186,OTPK_exists,54294965,141
4187,session_builder,54309479,355
4187,OTPK_exists,54309569,205
4188,session_builder,54323499,371
4188,OTPK_exists,54323586,148
4189,session_builder,54335806,357
4189,OTPK_exists,54335886,140
4190,session_builder,54348518,383
4190,OTPK_exists,54348613,153
4191,session_builder,54362194,350
4191,OTPK_exists,54362273,140
4192,session_builder,54373865,408
4192,OTPK_exists,54373952,172
4193,session_builder,54385689,268
4193,OTPK_exists,54385749,122
4194,session_builder,54400837,367
4194,OTPK_exists,54400925,150
4195,session_builder,54415189,416
4195,OTPK_exists,54415277,160
4196,session_builder,54430350,368
4196,OTPK_exists,54430438,151
4197,session_builder,54440844,291
4197,OTPK_exists,54440901,105
4198,session_builder,54455945,424
4198,OTPK_exists,54456030,145
4199,session_builder,54466941,350
4199,OTPK_exists,54467025,141
4200,session_builder,54481224,352
4200,OTPK_exists,54481319,141
4201,session_builder,54494497,760
4201,OTPK_exists,54494583,140
4202,session_builder,54506938,347
4202,OTPK_exists,54507029,141
4203,session_builder,54521194,346
4203,OTPK_exists,54521278,136
4204,session_builder,54534078,341
4204,OTPK_exists,54534160,140
4205,session_builder,54549100,753
4205,OTPK_exists,54549188,139
4206,session_builder,54564299,350
4206,OTPK_exists,54564384,141
4207,session_builder,54575764,367
4207,OTPK_exists,54575854,141
4208,session_builder,54590917,264
4208,OTPK_exists,54591017,110
4209,session_builder,54606090,349
4209,OTPK_exists,54606175,141
4210,session_builder,54616762,393
4210,OTPK_exists,54616846,136
4211,session_builder,54629932,361
4211,OTPK_exists,54630018,144
4212,session_builder,54644918,362
4212,OTPK_exists,54645003,135
4213,session_builder,54656944,350
4213,OTPK_exists,54657030,139
4214,session_builder,54670023,354
4214,OTPK_exists,54670109,139
4215,session_builder,54683514,306
4215,OTPK_exists,54683575,111
4216,session_builder,54698676,346
4216,OTPK_exists,54698762,138
4217,session_builder,54713834,355
4217,OTPK_exists,54713919,143
4218,session_builder,54729037,366
4218,OTPK_exists,54729122,136
4219,session_builder,54744193,703
4219,OTPK_exists,54744277,141
4220,session_builder,54756942,15397
4220,OTPK_exists,54757027,142
4221,session_builder,54767556,349
4221,OTPK_exists,54767639,140
4222,session_builder,54782299,354
4222,OTPK_exists,54782378,142
4223,session_builder,54797449,346
4223,OTPK_exists,54797533,141
4224,session_builder,54812605,351
4224,OTPK_exists,54812691,142
4225,session_builder,54827358,349
4225,OTPK_exists,54827443,140
4226,session_builder,54842514,352
4226,OTPK_exists,54842599,146
4227,session_builder,54857671,353
4227,OTPK_exists,54857756,148
4228,session_builder,54872874,349
4228,OTPK_exists,54872961,141
4229,session_builder,54888035,350
4229,OTPK_exists,54888120,140
4230,session_builder,54898975,325
4230,OTPK_exists,54899046,109
4231,session_builder,54909218,364
4231,OTPK_exists,54909304,153
4232,session_builder,54923459,349
4232,OTPK_exists,54923545,139
4233,session_builder,54937546,346
4233,OTPK_exists,54937629,136
4234,session_builder,54952337,350
4234,OTPK_exists,54952421,136
4235,session_builder,54967566,355
4235,OTPK_exists,54967648,137
4236,session_builder,54981208,348
4236,OTPK_exists,54981295,138
4237,session_builder,54994459,347
4237,OTPK_exists,54994544,139
4238,session_builder,55006937,350
4238,OTPK_exists,55007023,139
4239,session_builder,55017611,343
4239,OTPK_exists,55017691,142
4240,session_builder,55028614,418
4240,OTPK_exists,55028702,143
4241,session_builder,55043773,357
4241,OTPK_exists,55043858,147
4242,session_builder,55057930,358
4242,OTPK_exists,55058012,142
4243,session_builder,55073084,357
4243,OTPK_exists,55073170,142
4244,session_builder,55084212,273
4244,OTPK_exists,55084270,109
4245,session_builder,55094446,267
4245,OTPK_exists,55094554,106
4246,session_builder,55106938,346
4246,OTPK_exists,55107025,140
4247,session_builder,55122098,351
4247,OTPK_exists,55122183,477
4248,session_builder,55134484,357
4248,OTPK_exists,55134569,149
4249,session_builder,55148346,371
4249,OTPK_exists,55148433,144
4250,session_builder,55158661,358
4250,OTPK_exists,55158723,141
4251,session_builder,55173436,218
4251,OTPK_exists,55173478,83
4252,session_builder,55184818,353
4252,OTPK_exists,55184904,139
4253,session_builder,55195194,273
4253,OTPK_exists,55195233,110
4254,session_builder,55206199,352
4254,OTPK_exists,55206283,146
4255,session_builder,55221355,353
4255,OTPK_exists,55221441,150
4256,session_builder,55233961,346
4256,OTPK_exists,55234044,141
4257,session_builder,55244496,349
4257,OTPK_exists,55244580,133
4258,session_builder,55256966,375
4258,OTPK_exists,55257052,141
4259,session_builder,55272123,355
4259,OTPK_exists,55272209,148
4260,session_builder,55282468,398
4260,OTPK_exists,55282553,138
4261,session_builder,55294442,267
4261,OTPK_exists,55294549,105
4262,session_builder,55306937,348
4262,OTPK_exists,55307024,139
4263,session_builder,55317282,265
4263,OTPK_exists,55317342,98
4264,session_builder,55332456,347
4264,OTPK_exists,55332543,142
4265,session_builder,55343593,346
4265,OTPK_exists,55343679,135
4266,session_builder,55356946,347
4266,OTPK_exists,55357032,140
4267,session_builder,55372104,345
4267,OTPK_exists,55372189,140
4268,session_builder,55382966,339
4268,OTPK_exists,55383050,134
4269,session_builder,55394502,341
4269,OTPK_exists,55394586,134
4270,session_builder,55409685,355
4270,OTPK_exists,55409772,145
4271,session_builder,55424844,354
4271,OTPK_exists,55424929,144
4272,session_builder,55439989,381
4272,OTPK_exists,55440072,137
4273,session_builder,55452336,369
4273,OTPK_exists,55452420,139
4274,session_builder,55467541,352
4274,OTPK_exists,55467623,138
4275,session_builder,55482154,355
4275,OTPK_exists,55482237,140
4276,session_builder,55494516,356
4276,OTPK_exists,55494599,134
4277,session_builder,55509352,343
4277,OTPK_exists,55509438,141
4278,session_builder,55523457,576
4278,OTPK_exists,55523544,139
4279,session_builder,55534568,352
4279,OTPK_exists,55534650,144
4280,session_builder,55548540,348
4280,OTPK_exists,55548624,135
4281,session_builder,55563733,348
4281,OTPK_exists,55563819,141
4282,session_builder,55577330,348
4282,OTPK_exists,55577414,142
4283,session_builder,55590946,349
4283,OTPK_exists,55591030,135
4284,session_builder,55606149,364
4284,OTPK_exists,55606236,134
4285,session_builder,55621308,350
4285,OTPK_exists,55621404,141
4286,session_builder,55632652,427
4286,OTPK_exists,55632735,139
4287,session_builder,55646799,353
4287,OTPK_exists,55646920,155
4288,session_builder,55661993,344
4288,OTPK_exists,55662066,139
4289,session_builder,55673462,347
4289,OTPK_exists,55673532,133
4290,session_builder,55686651,264
4290,OTPK_exists,55686717,107
4291,session_builder,55701813,357
4291,OTPK_exists,55701886,149
4292,session_builder,55716065,355
4292,OTPK_exists,55716138,145
4293,session_builder,55730139,349
4293,OTPK_exists,55730212,136
4294,session_builder,55744506,349
4294,OTPK_exists,55744577,139
4295,session_builder,55756982,346
4295,OTPK_exists,55757054,138
4296,session_builder,55772118,350
4296,OTPK_exists,55772190,137
4297,session_builder,55782751,359
4297,OTPK_exists,55782823,147
4298,session_builder,55794461,346
4298,OTPK_exists,55794534,139
4299,session_builder,55806914,352
4299,OTPK_exists,55806985,140
4300,session_builder,55818222,347
4300,OTPK_exists,55818294,141
4301,session_builder,55830833,352
4301,OTPK_exists,55830906,137
4302,session_builder,55844490,350
4302,OTPK_exists,55844564,146
4303,session_builder,55856938,351
4303,OTPK_exists,55865705,139
4304,session_builder,55877275,346
4304,OTPK_exists,55885209,168
4305,session_builder,55897364,426
4305,OTPK_exists,55905218,158
4306,session_builder,55915579,322
4306,OTPK_exists,55925333,93
4307,session_builder,55940468,345
4307,OTPK_exists,55940540,136
4308,session_builder,55951154,265
4308,OTPK_exists,55951201,105
4309,session_builder,55966310,611
4309,OTPK_exists,55966378,134
4310,session_builder,55981444,345
4310,OTPK_exists,55981516,140
4311,session_builder,55994460,347
4311,OTPK_exists,55994532,140
4312,session_builder,56006938,351
4312,OTPK_exists,56007012,140
4313,session_builder,56017740,267
4313,OTPK_exists,56017791,103
4314,session_builder,56030229,341
4314,OTPK_exists,56030302,135
4315,session_builder,56044540,403
4315,OTPK_exists,56044611,135
4316,session_builder,56059675,349
4316,OTPK_exists,56059746,139
4317,session_builder,56072186,342
4317,OTPK_exists,56072258,134
4318,session_builder,56083077,684
4318,OTPK_exists,56083145,148
4319,session_builder,56094520,367
4319,OTPK_exists,56094596,140
4320,session_builder,56109661,356
4320,OTPK_exists,56109733,148
4321,session_builder,56124798,355
4321,OTPK_exists,56124870,147
4322,session_builder,56139935,348
4322,OTPK_exists,56140008,140
4323,session_builder,56155058,346
4323,OTPK_exists,56155130,139
4324,session_builder,56168306,707
4324,OTPK_exists,56168377,132
4325,session_builder,56179027,358
4325,OTPK_exists,56179101,164
4326,session_builder,56194166,350
4326,OTPK_exists,56194239,139
4327,session_builder,56206938,348
4327,OTPK_exists,56207011,140
4328,session_builder,56222080,350
4328,OTPK_exists,56222153,466
4329,session_builder,56233045,408
4329,OTPK_exists,56233118,144
4330,session_builder,56245813,347
4330,OTPK_exists,56245889,139
4331,session_builder,56256942,347
4331,OTPK_exists,56257015,141
4332,session_builder,56272080,350
4332,OTPK_exists,56272152,139
4333,session_builder,56283550,343
4333,OTPK_exists,56283623,184
4334,session_builder,56297041,346
4334,OTPK_exists,56297113,181
4335,session_builder,56307166,345
4335,OTPK_exists,56307235,139
4336,session_builder,56318365,265
4336,OTPK_exists,56318415,100
4337,session_builder,56333128,425
4337,OTPK_exists,56333203,168
4338,session_builder,56344462,267
4338,OTPK_exists,56344558,106
4339,session_builder,56356942,350
4339,OTPK_exists,56357014,139
4340,session_builder,56372079,350
4340,OTPK_exists,56372151,139
4341,session_builder,56383613,356
4341,OTPK_exists,56383685,135
4342,session_builder,56397012,362
4342,OTPK_exists,56397084,146
4343,session_builder,56412149,352
4343,OTPK_exists,56412220,139
4344,session_builder,56422284,373
4344,OTPK_exists,56422355,424
4345,session_builder,56434348,359
4345,OTPK_exists,56434420,139
4346,session_builder,56446571,350
4346,OTPK_exists,56446643,139
4347,session_builder,56461707,353
4347,OTPK_exists,56461779,139
4348,session_builder,56473056,367
4348,OTPK_exists,56473129,172
4349,session_builder,56488195,347
4349,OTPK_exists,56488267,141
4350,session_builder,56501847,349
4350,OTPK_exists,56501917,140
4351,session_builder,56516508,348
4351,OTPK_exists,56516580,138
4352,session_builder,56530495,358
4352,OTPK_exists,56530569,135
4353,session_builder,56544499,352
4353,OTPK_exists,56544571,135
4354,session_builder,56556954,357
4354,OTPK_exists,56557026,135
4355,session_builder,56572139,361
4355,OTPK_exists,56572213,136
4356,session_builder,56583749,347
4356,OTPK_exists,56583822,131
4357,session_builder,56598324,350
4357,OTPK_exists,56598392,137
4358,session_builder,56609012,344
4358,OTPK_exists,56609084,141
4359,session_builder,56623444,268
4359,OTPK_exists,56623540,107
4360,session_builder,56635265,352
4360,OTPK_exists,56635335,140
4361,session_builder,56649998,344
4361,OTPK_exists,56650068,134
4362,session_builder,56664447,344
4362,OTPK_exists,56664521,140
4363,session_builder,56679585,346
4363,OTPK_exists,56679658,144
4364,session_builder,56694458,349
4364,OTPK_exists,56694531,140
4365,session_builder,56706938,351
4365,OTPK_exists,56707011,142
4366,session_builder,56717189,345
4366,OTPK_exists,56717265,182
4367,session_builder,56730287,369
4367,OTPK_exists,56730361,187
4368,session_builder,56745426,356
4368,OTPK_exists,56745499,142
4369,session_builder,56760568,714
4369,OTPK_exists,56760642,146
4370,session_builder,56773495,352
4370,OTPK_exists,56773569,136
4371,session_builder,56783872,366
4371,OTPK_exists,56783946,141
4372,session_builder,56794706,408
4372,OTPK_exists,56794779,150
4373,session_builder,56806938,347
4373,OTPK_exists,56807011,139
4374,session_builder,56818995,344
4374,OTPK_exists,56819068,137
4375,session_builder,56833315,346
4375,OTPK_exists,56833389,161
4376,session_builder,56846933,356
4376,OTPK_exists,56847006,139
4377,session_builder,56860729,380
4377,OTPK_exists,56860804,147
4378,session_builder,56875868,353
4378,OTPK_exists,56875942,146
4379,session_builder,56891006,355
4379,OTPK_exists,56891080,147
4380,session_builder,56906134,368
4380,OTPK_exists,56906207,139
4381,session_builder,56917492,371
4381,OTPK_exists,56917562,145
4382,session_builder,56928372,483
4382,OTPK_exists,56928447,162
4383,session_builder,56943510,351
4383,OTPK_exists,56943583,140
4384,session_builder,56956937,350
4384,OTPK_exists,56957010,139
4385,session_builder,56968019,352
4385,OTPK_exists,56968092,134
4386,session_builder,56982795,348
4386,OTPK_exists,56982868,140
4387,session_builder,56994496,372
4387,OTPK_exists,56994569,137
4388,session_builder,57006938,347
4388,OTPK_exists,57007011,141
4389,session_builder,57022077,344
4389,OTPK_exists,57022150,140
4390,session_builder,57035517,357
4390,OTPK_exists,57035586,141
4391,session_builder,57049532,352
4391,OTPK_exists,57049612,136
4392,session_builder,57060246,462
4392,OTPK_exists,57060321,440
4393,session_builder,57075162,354
4393,OTPK_exists,57075232,142
4394,session_builder,57090295,352
4394,OTPK_exists,57090368,143
4395,session_builder,57105433,355
4395,OTPK_exists,57105505,143
4396,session_builder,57118817,265
4396,OTPK_exists,57118867,112
4397,session_builder,57133973,352
4397,OTPK_exists,57134043,137
4398,session_builder,57144462,349
4398,OTPK_exists,57144534,141
4399,session_builder,57156987,357
4399,OTPK_exists,57157061,141
4400,session_builder,57168934,355
4400,OTPK_exists,57169004,148
4401,session_builder,57183494,349
4401,OTPK_exists,57183566,139
4402,session_builder,57195310,351
4402,OTPK_exists,57195380,145
4403,session_builder,57206938,347
4403,OTPK_exists,57207010,139
4404,session_builder,57220515,702
4404,OTPK_exists,57220586,148
4405,session_builder,57233686,353
4405,OTPK_exists,57233757,148
4406,session_builder,57244496,705
4406,OTPK_exists,57244568,137
4407,session_builder,57256982,356
4407,OTPK_exists,57257055,171
4408,session_builder,57272119,356
4408,OTPK_exists,57272191,144
4409,session_builder,57283708,358
4409,OTPK_exists,57283781,153
4410,session_builder,57294457,349
4410,OTPK_exists,57294530,139
4411,session_builder,57307027,507
4411,OTPK_exists,57307110,196
4412,session_builder,57317553,358
4412,OTPK_exists,57317628,145
4413,session_builder,57328335,128
4413,OTPK_exists,57328358,32
4414,session_builder,57343416,347
4414,OTPK_exists,57343489,139
4415,session_builder,57356930,346
4415,OTPK_exists,57356995,136
4416,session_builder,57367102,267
4416,OTPK_exists,57367145,105
4417,session_builder,57377573,354
4417,OTPK_exists,57377644,144
4418,session_builder,57388436,328
4418,OTPK_exists,57388546,121
4419,session_builder,57401517,348
4419,OTPK_exists,57401587,139
4420,session_builder,57416646,347
4420,OTPK_exists,57416718,144
4421,session_builder,57429899,343
4421,OTPK_exists,57429971,138
4422,session_builder,57444437,440
4422,OTPK_exists,57444500,184
4423,session_builder,57456986,350
4423,OTPK_exists,57457055,134
4424,session_builder,57472119,347
4424,OTPK_exists,57472191,139
4425,session_builder,57483219,347
4425,OTPK_exists,57483290,147
4426,session_builder,57494523,348
4426,OTPK_exists,57494592,141
4427,session_builder,57509656,351
4427,OTPK_exists,57509727,140
4428,session_builder,57522068,345
4428,OTPK_exists,57522138,143
4429,session_builder,57537202,346
4429,OTPK_exists,57537275,141
4430,session_builder,57550494,349
4430,OTPK_exists,57550565,139
4431,session_builder,57565630,349
4431,OTPK_exists,57565703,139
4432,session_builder,57576845,262
4432,OTPK_exists,57576892,106
4433,session_builder,57587006,287
4433,OTPK_exists,57587062,103
4434,session_builder,57600588,376
4434,OTPK_exists,57600660,139
4435,session_builder,57615725,356
4435,OTPK_exists,57615798,144
4436,session_builder,57630101,349
4436,OTPK_exists,57630175,142
4437,session_builder,57645227,358
4437,OTPK_exists,57645294,147
4438,session_builder,57660359,354
4438,OTPK_exists,57660432,145
4439,session_builder,57675497,354
4439,OTPK_exists,57675571,148
4440,session_builder,57686445,280
4440,OTPK_exists,57686515,109
4441,session_builder,57700690,400
4441,OTPK_exists,57700763,136
4442,session_builder,57712977,349
4442,OTPK_exists,57713049,136
4443,session_builder,57723445,266
4443,OTPK_exists,57723498,107
4444,session_builder,57734006,421
4444,OTPK_exists,57734078,140
4445,session_builder,57749143,355
4445,OTPK_exists,57749216,147
4446,session_builder,57764282,349
4446,OTPK_exists,57764354,139
4447,session_builder,57779419,348
4447,OTPK_exists,57779492,139
4448,session_builder,57794461,354
4448,OTPK_exists,57794534,141
4449,session_builder,57806938,351
4449,OTPK_exists,57807011,140
4450,session_builder,57819731,347
4450,OTPK_exists,57819804,134
4451,session_builder,57834868,346
4451,OTPK_exists,57834941,140
4452,session_builder,57849997,350
4452,OTPK_exists,57850071,135
4453,session_builder,57865137,348
4453,OTPK_exists,57865210,140
4454,session_builder,57880274,348
4454,OTPK_exists,57880347,140
4455,session_builder,57895225,347
4455,OTPK_exists,57895295,139
4456,session_builder,57910359,349
4456,OTPK_exists,57910432,142
4457,session_builder,57923742,361
4457,OTPK_exists,57923813,140
4458,session_builder,57934536,346
4458,OTPK_exists,57934614,135
4459,session_builder,57949734,359
4459,OTPK_exists,57949805,143
4460,session_builder,57964872,357
4460,OTPK_exists,57964945,143
4461,session_builder,57980010,358
4461,OTPK_exists,57980083,148
4462,session_builder,57995147,355
4462,OTPK_exists,57995220,148
4463,session_builder,58010289,355
4463,OTPK_exists,58010362,145
4464,session_builder,58025427,351
4464,OTPK_exists,58025501,146
4465,session_builder,58040566,354
4465,OTPK_exists,58040639,148
4466,session_builder,58055709,358
4466,OTPK_exists,58055783,144
4467,session_builder,58069506,355
4467,OTPK_exists,58069576,151
4468,session_builder,58083521,380
4468,OTPK_exists,58083598,140
4469,session_builder,58094523,352
4469,OTPK_exists,58094593,136
4470,session_builder,58106986,347
4470,OTPK_exists,58107055,136
4471,session_builder,58117488,347
4471,OTPK_exists,58117560,139
4472,session_builder,58129995,343
4472,OTPK_exists,58130068,142
4473,session_builder,58144460,350
4473,OTPK_exists,58144533,139
4474,session_builder,58156938,352
4474,OTPK_exists,58157011,141
4475,session_builder,58169589,360
4475,OTPK_exists,58169659,146
4476,session_builder,58182086,367
4476,OTPK_exists,58182159,137
4477,session_builder,58194460,346
4477,OTPK_exists,58194532,140
4478,session_builder,58206988,341
4478,OTPK_exists,58207061,140
4479,session_builder,58217161,352
4479,OTPK_exists,58217235,140
4480,session_builder,58230542,367
4480,OTPK_exists,58230615,141
4481,session_builder,58244518,347
4481,OTPK_exists,58244587,139
4482,session_builder,58256925,263
4482,OTPK_exists,58256977,105
4483,session_builder,58267684,356
4483,OTPK_exists,58267758,381
4484,session_builder,58282823,352
4484,OTPK_exists,58282896,143
4485,session_builder,58294469,269
4485,OTPK_exists,58294542,105
4486,session_builder,58306938,347
4486,OTPK_exists,58307010,140
4487,session_builder,58318200,378
4487,OTPK_exists,58318275,151
4488,session_builder,58330271,422
4488,OTPK_exists,58330347,144
4489,session_builder,58344446,268
4489,OTPK_exists,58344541,106
4490,session_builder,58356965,263
4490,OTPK_exists,58357015,105
4491,session_builder,58367417,263
4491,OTPK_exists,58367467,112
4492,session_builder,58379828,266
4492,OTPK_exists,58379854,106
4493,session_builder,58394506,767
4493,OTPK_exists,58394580,171
4494,session_builder,58407501,266
4494,OTPK_exists,58407531,90
4495,session_builder,58417565,212
4495,OTPK_exists,58417589,78
4496,session_builder,58428307,214
4496,OTPK_exists,58428321,86
4497,session_builder,58438523,247
4497,OTPK_exists,58438566,79
4498,session_builder,58449310,205
4498,OTPK_exists,58449342,76
4499,session_builder,58459713,219
4499,OTPK_exists,58459760,84
4500,session_builder,58473462,347
4500,OTPK_exists,58473540,139
4501,session_builder,58484939,358
4501,OTPK_exists,58484999,139
4502,session_builder,58496182,300
4502,OTPK_exists,58496220,76
4503,session_builder,58509937,346
4503,OTPK_exists,58510000,134
4504,session_builder,58523435,238
4504,OTPK_exists,58523515,87
4505,session_builder,58534333,347
4505,OTPK_exists,58534407,137
4506,session_builder,58544542,372
4506,OTPK_exists,58544672,171
4507,session_builder,58556928,347
4507,OTPK_exists,58556996,131
4508,session_builder,58567545,257
4508,OTPK_exists,58567586,87
4509,session_builder,58582693,369
4509,OTPK_exists,58582763,139
4510,session_builder,58595499,344
4510,OTPK_exists,58595564,142
4511,session_builder,58606917,269
4511,OTPK_exists,58606963,109
4512,session_builder,58617901,349
4512,OTPK_exists,58617974,176
4513,session_builder,58633112,352
4513,OTPK_exists,58633186,147
4514,session_builder,58648238,354
4514,OTPK_exists,58648306,146
4515,session_builder,58663371,355
4515,OTPK_exists,58663445,145
4516,session_builder,58677557,352
4516,OTPK_exists,58677627,143
4517,session_builder,58690594,218
4517,OTPK_exists,58690628,84
4518,session_builder,58700723,217
4518,OTPK_exists,58700763,86
4519,session_builder,58715817,363
4519,OTPK_exists,58715891,151
4520,session_builder,58729833,376
4520,OTPK_exists,58729909,150
4521,session_builder,58744974,363
4521,OTPK_exists,58745047,151
4522,session_builder,58759959,371
4522,OTPK_exists,58760028,149
4523,session_builder,58775092,361
4523,OTPK_exists,58775167,150
4524,session_builder,58790232,358
4524,OTPK_exists,58790306,148
4525,session_builder,58803948,384
4525,OTPK_exists,58804023,149
4526,session_builder,58818519,377
4526,OTPK_exists,58818592,147
4527,session_builder,58829951,707
4527,OTPK_exists,58830024,134
4528,session_builder,58841886,350
4528,OTPK_exists,58841955,132
4529,session_builder,58856288,343
4529,OTPK_exists,58856360,136
4530,session_builder,58867035,345
4530,OTPK_exists,58867109,134
4531,session_builder,58882174,352
4531,OTPK_exists,58882246,141
4532,session_builder,58897310,346
4532,OTPK_exists,58897382,141
4533,session_builder,58910150,341
4533,OTPK_exists,58910224,135
4534,session_builder,58923500,351
4534,OTPK_exists,58923576,154
4535,session_builder,58937461,392
4535,OTPK_exists,58937533,155
4536,session_builder,58951947,362
4536,OTPK_exists,58952021,143
4537,session_builder,58962750,271
4537,OTPK_exists,58962791,100
4538,session_builder,58973513,713
4538,OTPK_exists,58973589,178
4539,session_builder,58985260,343
4539,OTPK_exists,58985331,154
4540,session_builder,59000417,346
4540,OTPK_exists,59000489,472
4541,session_builder,59015554,347
4541,OTPK_exists,59015640,138
4542,session_builder,59029292,604
4542,OTPK_exists,59029376,496
4543,session_builder,59044451,349
4543,OTPK_exists,59044523,141
4544,session_builder,59056938,352
4544,OTPK_exists,59057010,139
4545,session_builder,59070192,354
4545,OTPK_exists,59070264,140
4546,session_builder,59085365,432
4546,OTPK_exists,59085438,161
4547,session_builder,59096116,346
4547,OTPK_exists,59096190,141
4548,session_builder,59109973,352
4548,OTPK_exists,59110046,381
4549,session_builder,59123143,354
4549,OTPK_exists,59123212,139
4550,session_builder,59133708,349
4550,OTPK_exists,59133781,180
4551,session_builder,59145553,650
4551,OTPK_exists,59145621,135
4552,session_builder,59166752,349
4552,OTPK_exists,59166824,137
4553,session_builder,59179257,350
4553,OTPK_exists,59179330,139
4554,session_builder,59194405,350
4554,OTPK_exists,59194478,139
4555,session_builder,59204614,363
4555,OTPK_exists,59204685,151
4556,session_builder,59218765,349
4556,OTPK_exists,59218836,142
4557,session_builder,59230749,344
4557,OTPK_exists,59230821,170
4558,session_builder,59244520,406
4558,OTPK_exists,59244595,343
4559,session_builder,59263823,349
4559,OTPK_exists,59263896,139
4560,session_builder,59277953,345
4560,OTPK_exists,59278026,140
4561,session_builder,59288206,570
4561,OTPK_exists,59288254,106
4562,session_builder,59298511,352
4562,OTPK_exists,59298583,141
4563,session_builder,59313647,353
4563,OTPK_exists,59313721,145
4564,session_builder,59328785,352
4564,OTPK_exists,59328860,146
4565,session_builder,59338948,348
4565,OTPK_exists,59339013,139
4566,session_builder,59352209,368
4566,OTPK_exists,59352283,156
4567,session_builder,59367350,345
4567,OTPK_exists,59367422,140
4568,session_builder,59378992,386
4568,OTPK_exists,59379064,177
4569,session_builder,59394129,356
4569,OTPK_exists,59394201,145
4570,session_builder,59404710,405
4570,OTPK_exists,59404764,144
4571,session_builder,59419819,357
4571,OTPK_exists,59419894,146
4572,session_builder,59434423,345
4572,OTPK_exists,59434497,489
4573,session_builder,59449571,346
4573,OTPK_exists,59449644,140
4574,session_builder,59463296,343
4574,OTPK_exists,59463367,133
4575,session_builder,59473527,764
4575,OTPK_exists,59473612,145
4576,session_builder,59485630,378
4576,OTPK_exists,59485703,163
4577,session_builder,59500813,341
4577,OTPK_exists,59500886,134
4578,session_builder,59515245,350
4578,OTPK_exists,59515317,141
4579,session_builder,59529975,360
4579,OTPK_exists,59530048,132
4580,session_builder,59545157,775
4580,OTPK_exists,59545231,190
4581,session_builder,59560300,367
4581,OTPK_exists,59560376,152
4582,session_builder,59573486,388
4582,OTPK_exists,59573561,148
4583,session_builder,59585405,349
4583,OTPK_exists,59585480,144
4584,session_builder,59597367,344
4584,OTPK_exists,59597439,139
4585,session_builder,59609938,375
4585,OTPK_exists,59610013,137
4586,session_builder,59623497,365
4586,OTPK_exists,59623571,422
4587,session_builder,59638635,358
4587,OTPK_exists,59638707,145
4588,session_builder,59653772,355
4588,OTPK_exists,59653845,143
4589,session_builder,59668910,354
4589,OTPK_exists,59668983,145
4590,session_builder,59684047,355
4590,OTPK_exists,59684119,145
4591,session_builder,59699185,356
4591,OTPK_exists,59699258,145
4592,session_builder,59710011,353
4592,OTPK_exists,59710082,136
4593,session_builder,59723461,356
4593,OTPK_exists,59723536,137
4594,session_builder,59738633,349
4594,OTPK_exists,59738704,140
4595,session_builder,59752162,360
4595,OTPK_exists,59752236,153
4596,session_builder,59766740,363
4596,OTPK_exists,59766816,155
4597,session_builder,59781880,347
4597,OTPK_exists,59781953,140
4598,session_builder,59794461,348
4598,OTPK_exists,59794534,138
4599,session_builder,59809052,384
4599,OTPK_exists,59809126,139
4600,session_builder,59823478,28669
4600,OTPK_exists,59823553,410
4601,session_builder,59838620,347
4601,OTPK_exists,59838693,140
4602,session_builder,59852269,349
4602,OTPK_exists,59852344,147
4603,session_builder,59863909,397
4603,OTPK_exists,59863988,143
4604,session_builder,59875107,350
4604,OTPK_exists,59875158,133
4605,session_builder,59885878,353
4605,OTPK_exists,59885949,144
4606,session_builder,59897092,354
4606,OTPK_exists,59897163,142
4607,session_builder,59909437,356
4607,OTPK_exists,59909506,148
4608,session_builder,59923495,349
4608,OTPK_exists,59923574,140
4609,session_builder,59934321,346
4609,OTPK_exists,59934378,137
4610,session_builder,59944758,393
4610,OTPK_exists,59944812,145
4611,session_builder,59956920,369
4611,OTPK_exists,59956976,153
4612,session_builder,59972041,361
4612,OTPK_exists,59972116,151
4613,session_builder,59985930,359
4613,OTPK_exists,59986004,177
4614,session_builder,59996409,233
4614,OTPK_exists,59996447,88
4615,session_builder,60009929,357
4615,OTPK_exists,60010002,435
4616,session_builder,60021038,267
4616,OTPK_exists,60021086,110
4617,session_builder,60031584,218
4617,OTPK_exists,60031619,83
4618,session_builder,60044487,700
4618,OTPK_exists,60044544,148
4619,session_builder,60059141,355
4619,OTPK_exists,60059213,145
4620,session_builder,60073460,377
4620,OTPK_exists,60073518,150
4621,session_builder,60085942,266
4621,OTPK_exists,60085997,81
4622,session_builder,60097009,230
4622,OTPK_exists,60097045,82
4623,session_builder,60108908,218
4623,OTPK_exists,60108946,86
4624,session_builder,60123408,225
4624,OTPK_exists,60123442,98
4625,session_builder,60135734,220
4625,OTPK_exists,60135766,82
4626,session_builder,60145865,248
4626,OTPK_exists,60145894,84
4627,session_builder,60158446,209
4627,OTPK_exists,60158474,79
4628,session_builder,60173402,213
4628,OTPK_exists,60173433,111
4629,session_builder,60185806,208
4629,OTPK_exists,60185833,77
4630,session_builder,60195996,211
4630,OTPK_exists,60196020,82
4631,session_builder,60208618,555
4631,OTPK_exists,60208644,81
4632,session_builder,60218742,209
4632,OTPK_exists,60218765,78
4633,session_builder,60233724,263
4633,OTPK_exists,60233775,103
4634,session_builder,60245581,344
4634,OTPK_exists,60245649,142
4635,session_builder,60256925,237
4635,OTPK_exists,60256977,86
4636,session_builder,60271184,352
4636,OTPK_exists,60271247,135
4637,session_builder,60281368,349
4637,OTPK_exists,60281425,147
4638,session_builder,60291784,270
4638,OTPK_exists,60291818,110
4639,session_builder,60302408,367
4639,OTPK_exists,60302476,162
4640,session_builder,60313682,357
4640,OTPK_exists,60313753,139
4641,session_builder,60325830,336
4641,OTPK_exists,60325882,141
4642,session_builder,60335968,272
4642,OTPK_exists,60336017,108
4643,session_builder,60347295,372
4643,OTPK_exists,60347367,151
4644,session_builder,60360914,330
4644,OTPK_exists,60360963,164
4645,session_builder,60371816,249
4645,OTPK_exists,60371852,85
4646,session_builder,60381953,361
4646,OTPK_exists,60382007,150
4647,session_builder,60392471,412
4647,OTPK_exists,60392623,151
4648,session_builder,60406922,355
4648,OTPK_exists,60406971,147
4649,session_builder,60419314,382
4649,OTPK_exists,60419387,431
4650,session_builder,60430817,246
4650,OTPK_exists,60430861,108
4651,session_builder,60445031,399
4651,OTPK_exists,60445090,138
4652,session_builder,60459217,357
4652,OTPK_exists,60459296,145
4653,session_builder,60473429,693
4653,OTPK_exists,60473502,138
4654,session_builder,60486038,355
4654,OTPK_exists,60486110,131
4655,session_builder,60497166,353
4655,OTPK_exists,60497225,148
4656,session_builder,60510023,386
4656,OTPK_exists,60510098,140
4657,session_builder,60523513,272
4657,OTPK_exists,60523567,104
4658,session_builder,60537802,346
4658,OTPK_exists,60537874,137
4659,session_builder,60552720,272
4659,OTPK_exists,60552758,110
4660,session_builder,60562934,396
4660,OTPK_exists,60563000,238
4661,session_builder,60573916,369
4661,OTPK_exists,60573968,145
4662,session_builder,60586049,227
4662,OTPK_exists,60586102,86
4663,session_builder,60600488,292
4663,OTPK_exists,60600531,107
4664,session_builder,60615593,268
4664,OTPK_exists,60615639,108
4665,session_builder,60626569,211
4665,OTPK_exists,60626595,82
4666,session_builder,60637835,335
4666,OTPK_exists,60637884,108
4667,session_builder,60651031,352
4667,OTPK_exists,60651099,141
4668,session_builder,60666098,475
4668,OTPK_exists,60666169,150
4669,session_builder,60679837,352
4669,OTPK_exists,60679908,136
4670,session_builder,60694451,238
4670,OTPK_exists,60694489,90
4671,session_builder,60707417,746
4671,OTPK_exists,60707487,137
4672,session_builder,60718566,356
4672,OTPK_exists,60718636,142
4673,session_builder,60729413,263
4673,OTPK_exists,60729475,111
4674,session_builder,60740596,352
4674,OTPK_exists,60740670,145
4675,session_builder,60752487,369
4675,OTPK_exists,60752537,138
4676,session_builder,60762618,238
4676,OTPK_exists,60762656,88
4677,session_builder,60773488,344
4677,OTPK_exists,60773562,135
4678,session_builder,60785741,365
4678,OTPK_exists,60785806,134
4679,session_builder,60796531,352
4679,OTPK_exists,60796599,469
4680,session_builder,60806919,215
4680,OTPK_exists,60806954,81
4681,session_builder,60819582,351
4681,OTPK_exists,60819652,139
4682,session_builder,60829743,215
4682,OTPK_exists,60829770,78
4683,session_builder,60844440,346
4683,OTPK_exists,60844504,133
4684,session_builder,60858334,242
4684,OTPK_exists,60858366,95
4685,session_builder,60872012,295
4685,OTPK_exists,60872069,142
4686,session_builder,60886271,361
4686,OTPK_exists,60886343,138
4687,session_builder,60898955,283
4687,OTPK_exists,60898991,103
4688,session_builder,60909916,348
4688,OTPK_exists,60909989,139
4689,session_builder,60920143,352
4689,OTPK_exists,60920211,139
4690,session_builder,60934372,416
4690,OTPK_exists,60934435,148
4691,session_builder,60948512,277
4691,OTPK_exists,60948557,108
4692,session_builder,60962557,266
4692,OTPK_exists,60962604,105
4693,session_builder,60973450,352
4693,OTPK_exists,60973523,141
4694,session_builder,60986367,351
4694,OTPK_exists,60986443,143
4695,session_builder,60996551,270
4695,OTPK_exists,60996597,107
4696,session_builder,61009990,717
4696,OTPK_exists,61010067,146
4697,session_builder,61023468,274
4697,OTPK_exists,61023524,106
4698,session_builder,61033807,311
4698,OTPK_exists,61033845,105
4699,session_builder,61046456,349
4699,OTPK_exists,61046529,141
4700,session_builder,61056992,271
4700,OTPK_exists,61057045,99
4701,session_builder,61067224,265
4701,OTPK_exists,61067270,100
4702,session_builder,61077464,345
4702,OTPK_exists,61077532,141
4703,session_builder,61088172,264
4703,OTPK_exists,61088221,100
4704,session_builder,61098930,349
4704,OTPK_exists,61099004,142
4705,session_builder,61114068,347
4705,OTPK_exists,61114140,139
4706,session_builder,61129253,348
4706,OTPK_exists,61129326,180
4707,session_builder,61144392,350
4707,OTPK_exists,61144476,139
4708,session_builder,61158560,346
4708,OTPK_exists,61158632,134
4709,session_builder,61173497,356
4709,OTPK_exists,61173570,133
4710,session_builder,61186495,346
4710,OTPK_exists,61186567,134
4711,session_builder,61201698,714
4711,OTPK_exists,61201769,134
4712,session_builder,61216853,350
4712,OTPK_exists,61216926,141
4713,session_builder,61232000,351
4713,OTPK_exists,61232074,139
4714,session_builder,61245970,348
4714,OTPK_exists,61246042,140
4715,session_builder,61256939,352
4715,OTPK_exists,61257012,139
4716,session_builder,61270690,701
4716,OTPK_exists,61270753,137
4717,session_builder,61282850,383
4717,OTPK_exists,61282905,141
4718,session_builder,61294432,279
4718,OTPK_exists,61294496,120
4719,session_builder,61306923,348
4719,OTPK_exists,61306981,139
4720,session_builder,61319895,303
4720,OTPK_exists,61319942,101
4721,session_builder,61334748,279
4721,OTPK_exists,61334795,100
4722,session_builder,61349481,343
4722,OTPK_exists,61349535,140
4723,session_builder,61359888,270
4723,OTPK_exists,61359932,101
4724,session_builder,61373500,353
4724,OTPK_exists,61373568,144
4725,session_builder,61386620,423
4725,OTPK_exists,61386695,142
4726,session_builder,61398580,239
4726,OTPK_exists,61398612,90
4727,session_builder,61408651,290
4727,OTPK_exists,61408687,103
4728,session_builder,61423416,222
4728,OTPK_exists,61423452,79
4729,session_builder,61437182,369
4729,OTPK_exists,61437258,158
4730,session_builder,61449903,592
4730,OTPK_exists,61450007,144
4731,session_builder,61460947,269
4731,OTPK_exists,61461017,104
4732,session_builder,61473458,355
4732,OTPK_exists,61473532,144
4733,session_builder,61486682,343
4733,OTPK_exists,61486754,135
4734,session_builder,61496792,261
4734,OTPK_exists,61496832,108
4735,session_builder,61506937,352
4735,OTPK_exists,61507010,138
4736,session_builder,61518993,347
4736,OTPK_exists,61519066,141
4737,session_builder,61530064,15920
4737,OTPK_exists,61530117,112
4738,session_builder,61544520,366
4738,OTPK_exists,61544594,144
4739,session_builder,61559659,353
4739,OTPK_exists,61559733,146
4740,session_builder,61571424,278
4740,OTPK_exists,61571471,109
4741,session_builder,61586228,353
4741,OTPK_exists,61586286,143
4742,session_builder,61600335,355
4742,OTPK_exists,61600412,137
4743,session_builder,61613580,352
4743,OTPK_exists,61613654,456
4744,session_builder,61628765,346
4744,OTPK_exists,61628838,141
4745,session_builder,61640182,351
4745,OTPK_exists,61640252,136
4746,session_builder,61653448,372
4746,OTPK_exists,61653503,135
4747,session_builder,61663725,269
4747,OTPK_exists,61663770,108
4748,session_builder,61673837,221
4748,OTPK_exists,61673871,115
4749,session_builder,61686734,244
4749,OTPK_exists,61686764,91
4750,session_builder,61700034,214
4750,OTPK_exists,61700065,78
4751,session_builder,61712619,354
4751,OTPK_exists,61712691,136
4752,session_builder,61722747,267
4752,OTPK_exists,61722793,107
4753,session_builder,61736585,168
4753,OTPK_exists,61736616,32
4754,session_builder,61751670,343
4754,OTPK_exists,61751742,141
4755,session_builder,61763514,266
4755,OTPK_exists,61763595,100
4756,session_builder,61778588,344
4756,OTPK_exists,61778662,135
4757,session_builder,61793387,345
4757,OTPK_exists,61793458,134
4758,session_builder,61806927,349
4758,OTPK_exists,61806997,140
4759,session_builder,61819132,349
4759,OTPK_exists,61819204,138
4760,session_builder,61833449,348
4760,OTPK_exists,61833522,385
4761,session_builder,61845288,350
4761,OTPK_exists,61845361,134
4762,session_builder,61860090,345
4762,OTPK_exists,61860162,135
4763,session_builder,61873498,350
4763,OTPK_exists,61873570,141
4764,session_builder,61886470,357
4764,OTPK_exists,61886542,142
4765,session_builder,61899073,371
4765,OTPK_exists,61899143,140
4766,session_builder,61910013,368
4766,OTPK_exists,61910089,153
4767,session_builder,61923463,349
4767,OTPK_exists,61923546,142
4768,session_builder,61934532,364
4768,OTPK_exists,61934592,185
4769,session_builder,61947009,385
4769,OTPK_exists,61947065,145
4770,session_builder,61957267,294
4770,OTPK_exists,61957308,107
4771,session_builder,61967591,352
4771,OTPK_exists,61967662,146
4772,session_builder,61978630,358
4772,OTPK_exists,61978700,142
4773,session_builder,61991520,238
4773,OTPK_exists,61991555,108
4774,session_builder,62002582,367
4774,OTPK_exists,62002640,141
4775,session_builder,62017728,349
4775,OTPK_exists,62017799,140
4776,session_builder,62029259,246
4776,OTPK_exists,62029288,92
4777,session_builder,62043411,386
4777,OTPK_exists,62043486,150
4778,session_builder,62057550,296
4778,OTPK_exists,62057599,107
4779,session_builder,62068821,264
4779,OTPK_exists,62068866,101
4780,session_builder,62079912,341
4780,OTPK_exists,62079988,134
4781,session_builder,62094471,278
4781,OTPK_exists,62094512,112
4782,session_builder,62109569,362
4782,OTPK_exists,62109644,151
4783,session_builder,62124718,369
4783,OTPK_exists,62124805,414
4784,session_builder,62137532,351
4784,OTPK_exists,62137590,137
4785,session_builder,62148343,358
4785,OTPK_exists,62148399,143
4786,session_builder,62159131,268
4786,OTPK_exists,62159178,105
4787,session_builder,62173678,352
4787,OTPK_exists,62173735,142
4788,session_builder,62186679,353
4788,OTPK_exists,62186754,156
4789,session_builder,62201801,265
4789,OTPK_exists,62201849,106
4790,session_builder,62216919,345
4790,OTPK_exists,62216992,140
4791,session_builder,62230136,359
4791,OTPK_exists,62230209,150
4792,session_builder,62240868,344
4792,OTPK_exists,62240934,141
4793,session_builder,62253373,352
4793,OTPK_exists,62253446,143
4794,session_builder,62266613,344
4794,OTPK_exists,62266683,140
4795,session_builder,62281750,349
4795,OTPK_exists,62281823,141
4796,session_builder,62294460,346
4796,OTPK_exists,62294533,140
4797,session_builder,62309048,341
4797,OTPK_exists,62309121,136
4798,session_builder,62324168,353
4798,OTPK_exists,62324240,139
4799,session_builder,62338329,284
4799,OTPK_exists,62338375,100
4800,session_builder,62349771,446
4800,OTPK_exists,62349851,156
4801,session_builder,62364918,349
4801,OTPK_exists,62364991,140
4802,session_builder,62380057,349
4802,OTPK_exists,62380129,141
4803,session_builder,62394496,700
4803,OTPK_exists,62394566,143
4804,session_builder,62406937,355
4804,OTPK_exists,62407011,137
4805,session_builder,62420135,363
4805,OTPK_exists,62420208,135
4806,session_builder,62430347,355
4806,OTPK_exists,62430419,137
4807,session_builder,62441750,263
4807,OTPK_exists,62441793,107
4808,session_builder,62453466,340
4808,OTPK_exists,62453525,139
4809,session_builder,62468496,348
4809,OTPK_exists,62468567,139
4810,session_builder,62483632,354
4810,OTPK_exists,62483705,139
4811,session_builder,62494564,349
4811,OTPK_exists,62494634,166
4812,session_builder,62506938,346
4812,OTPK_exists,62507011,142
4813,session_builder,62520198,370
4813,OTPK_exists,62520270,134
4814,session_builder,62530517,361
4814,OTPK_exists,62530589,135
4815,session_builder,62544452,228
4815,OTPK_exists,62544483,85
4816,session_builder,62556940,348
4816,OTPK_exists,62557006,140
4817,session_builder,62569356,267
4817,OTPK_exists,62569409,111
4818,session_builder,62584468,356
4818,OTPK_exists,62584540,142
4819,session_builder,62597450,381
4819,OTPK_exists,62597525,439
4820,session_builder,62612590,356
4820,OTPK_exists,62612662,144
4821,session_builder,62627728,357
4821,OTPK_exists,62627800,144
4822,session_builder,62642865,354
4822,OTPK_exists,62642938,145
4823,session_builder,62653648,372
4823,OTPK_exists,62653722,142
4824,session_builder,62668787,358
4824,OTPK_exists,62668860,146
4825,session_builder,62683925,353
4825,OTPK_exists,62683998,146
4826,session_builder,62699069,356
4826,OTPK_exists,62699143,145
4827,session_builder,62714207,355
4827,OTPK_exists,62714280,145
4828,session_builder,62729344,352
4828,OTPK_exists,62729418,148
4829,session_builder,62744473,352
4829,OTPK_exists,62744545,145
4830,session_builder,62759610,358
4830,OTPK_exists,62759683,143
4831,session_builder,62773395,351
4831,OTPK_exists,62773467,145
4832,session_builder,62786516,349
4832,OTPK_exists,62786581,142
4833,session_builder,62800413,347
4833,OTPK_exists,62800485,133
4834,session_builder,62815550,348
4834,OTPK_exists,62815622,140
4835,session_builder,62827335,352
4835,OTPK_exists,62827409,141
4836,session_builder,62838115,350
4836,OTPK_exists,62838187,135
4837,session_builder,62853246,349
4837,OTPK_exists,62853319,141
4838,session_builder,62867798,346
4838,OTPK_exists,62867871,156
4839,session_builder,62882937,350
4839,OTPK_exists,62883009,142
4840,session_builder,62895287,347
4840,OTPK_exists,62895358,138
4841,session_builder,62910019,368
4841,OTPK_exists,62910092,139
4842,session_builder,62920486,353
4842,OTPK_exists,62920560,154
4843,session_builder,62935624,354
4843,OTPK_exists,62935697,147
4844,session_builder,62950762,358
4844,OTPK_exists,62950836,145
4845,session_builder,62961926,349
4845,OTPK_exists,62961997,139
4846,session_builder,62977063,357
4846,OTPK_exists,62977135,148
4847,session_builder,62987247,296
4847,OTPK_exists,62987289,111
4848,session_builder,62998878,378
4848,OTPK_exists,62998931,142
4849,session_builder,63009989,725
4849,OTPK_exists,63010063,139
4850,session_builder,63023611,265
4850,OTPK_exists,63023658,106
4851,session_builder,63036289,352
4851,OTPK_exists,63036357,144
4852,session_builder,63051456,352
4852,OTPK_exists,63051528,148
4853,session_builder,63066585,705
4853,OTPK_exists,63066655,147
4854,session_builder,63077401,345
4854,OTPK_exists,63077472,145
4855,session_builder,63092543,355
4855,OTPK_exists,63092616,146
4856,session_builder,63107681,353
4856,OTPK_exists,63107754,146
4857,session_builder,63120630,394
4857,OTPK_exists,63120704,141
4858,session_builder,63135769,353
4858,OTPK_exists,63135842,148
4859,session_builder,63150907,354
4859,OTPK_exists,63150980,147
4860,session_builder,63166045,352
4860,OTPK_exists,63166118,145
4861,session_builder,63181183,347
4861,OTPK_exists,63181255,140
4862,session_builder,63194497,398
4862,OTPK_exists,63194570,135
4863,session_builder,63206951,348
4863,OTPK_exists,63207021,135
4864,session_builder,63221124,350
4864,OTPK_exists,63221195,140
4865,session_builder,63236261,348
4865,OTPK_exists,63236333,139
4866,session_builder,63247044,349
4866,OTPK_exists,63247111,139
4867,session_builder,63262240,394
4867,OTPK_exists,63262315,161
4868,session_builder,63277381,354
4868,OTPK_exists,63277455,145
4869,session_builder,63292520,356
4869,OTPK_exists,63292593,142
4870,session_builder,63306938,347
4870,OTPK_exists,63307010,139
4871,session_builder,63320724,350
4871,OTPK_exists,63320797,139
4872,session_builder,63334427,347
4872,OTPK_exists,63334493,134
4873,session_builder,63345355,347
4873,OTPK_exists,63345414,134
4874,session_builder,63360041,374
4874,OTPK_exists,63360117,141
4875,session_builder,63373657,346
4875,OTPK_exists,63373728,143
4876,session_builder,63387466,358
4876,OTPK_exists,63387540,141
4877,session_builder,63398059,361
4877,OTPK_exists,63398117,148
4878,session_builder,63408894,360
4878,OTPK_exists,63408965,139
4879,session_builder,63420823,351
4879,OTPK_exists,63420896,149
4880,session_builder,63434990,379
4880,OTPK_exists,63435065,145
4881,session_builder,63445975,396
4881,OTPK_exists,63446048,137
4882,session_builder,63456946,695
4882,OTPK_exists,63457017,142
4883,session_builder,63472081,350
4883,OTPK_exists,63472153,140
4884,session_builder,63485580,342
4884,OTPK_exists,63485652,140
4885,session_builder,63498073,390
4885,OTPK_exists,63498143,142
4886,session_builder,63509992,350
4886,OTPK_exists,63510065,145
4887,session_builder,63523495,367
4887,OTPK_exists,63523568,137
4888,session_builder,63535948,352
4888,OTPK_exists,63536020,404
4889,session_builder,63546580,390
4889,OTPK_exists,63546652,140
4890,session_builder,63560967,393
4890,OTPK_exists,63561042,154
4891,session_builder,63573434,346
4891,OTPK_exists,63573506,139
4892,session_builder,63588031,347
4892,OTPK_exists,63588101,135
4893,session_builder,63599723,379
4893,OTPK_exists,63599794,134
4894,session_builder,63612838,349
4894,OTPK_exists,63612911,141
4895,session_builder,63627561,566
4895,OTPK_exists,63627634,142
4896,session_builder,63642699,349
4896,OTPK_exists,63642771,139
4897,session_builder,63656937,352
4897,OTPK_exists,63657011,138
4898,session_builder,63672128,348
4898,OTPK_exists,63672202,134
4899,session_builder,63684104,346
4899,OTPK_exists,63684177,135
4900,session_builder,63694617,344
4900,OTPK_exists,63694686,142
4901,session_builder,63709752,354
4901,OTPK_exists,63709825,138
4902,session_builder,63721014,348
4902,OTPK_exists,63721085,143
4903,session_builder,63736150,345
4903,OTPK_exists,63736222,140
4904,session_builder,63751287,355
4904,OTPK_exists,63751360,142
4905,session_builder,63766428,347
4905,OTPK_exists,63766502,141
4906,session_builder,63777271,353
4906,OTPK_exists,63777344,133
4907,session_builder,63787711,749
4907,OTPK_exists,63787785,145
4908,session_builder,63802849,361
4908,OTPK_exists,63802923,151
4909,session_builder,63817988,361
4909,OTPK_exists,63818063,150
4910,session_builder,63833128,363
4910,OTPK_exists,63833203,153
4911,session_builder,63845424,434
4911,OTPK_exists,63845506,147
4912,session_builder,63858978,383
4912,OTPK_exists,63859051,140
4913,session_builder,63874115,355
4913,OTPK_exists,63874188,144
4914,session_builder,63887780,360
4914,OTPK_exists,63887852,139
4915,session_builder,63899016,525
4915,OTPK_exists,63899086,143
4916,session_builder,63909986,371
4916,OTPK_exists,63910057,147
4917,session_builder,63923508,264
4917,OTPK_exists,63923560,100
4918,session_builder,63938619,349
4918,OTPK_exists,63938692,142
4919,session_builder,63949860,347
4919,OTPK_exists,63949924,141
4920,session_builder,63964089,372
4920,OTPK_exists,63964168,140
4921,session_builder,63979235,354
4921,OTPK_exists,63979309,144
4922,session_builder,63989512,271
4922,OTPK_exists,63989560,107
4923,session_builder,64004619,350
4923,OTPK_exists,64004693,140
4924,session_builder,64019758,351
4924,OTPK_exists,64019830,139
4925,session_builder,64034944,341
4925,OTPK_exists,64035015,136
4926,session_builder,64050080,347
4926,OTPK_exists,64050152,139
4927,session_builder,64064242,354
4927,OTPK_exists,64064312,139
4928,session_builder,64077337,348
4928,OTPK_exists,64077408,132
4929,session_builder,64087892,787
4929,OTPK_exists,64087963,170
4930,session_builder,64098807,349
4930,OTPK_exists,64098880,182
4931,session_builder,64113944,357
4931,OTPK_exists,64114018,142
4932,session_builder,64129034,358
4932,OTPK_exists,64129098,145
4933,session_builder,64144192,363
4933,OTPK_exists,64144264,141
4934,session_builder,64156937,349
4934,OTPK_exists,64157010,141
4935,session_builder,64171174,399
4935,OTPK_exists,64171247,140
4936,session_builder,64183690,349
4936,OTPK_exists,64183763,140
4937,session_builder,64194495,369
4937,OTPK_exists,64194569,157
4938,session_builder,64206938,349
4938,OTPK_exists,64207011,139
4939,session_builder,64221317,382
4939,OTPK_exists,64221393,139
4940,session_builder,64233527,352
4940,OTPK_exists,64233598,144
4941,session_builder,64244461,350
4941,OTPK_exists,64244533,142
4942,session_builder,64256940,349
4942,OTPK_exists,64257013,138
4943,session_builder,64267215,555
4943,OTPK_exists,64267286,135
4944,session_builder,64282350,351
4944,OTPK_exists,64282422,140
4945,session_builder,64297486,352
4945,OTPK_exists,64297559,138
4946,session_builder,64310150,346
4946,OTPK_exists,64310218,145
4947,session_builder,64320683,345
4947,OTPK_exists,64320757,139
4948,session_builder,64333760,341
4948,OTPK_exists,64333828,132
4949,session_builder,64344034,261
4949,OTPK_exists,64344060,98
4950,session_builder,64354703,369
4950,OTPK_exists,64354774,133
4951,session_builder,64369828,346
4951,OTPK_exists,64369899,145
4952,session_builder,64384964,350
4952,OTPK_exists,64385036,142
4953,session_builder,64395496,380
4953,OTPK_exists,64395559,136
4954,session_builder,64409989,696
4954,OTPK_exists,64410064,136
4955,session_builder,64423498,699
4955,OTPK_exists,64423570,134
4956,session_builder,64435080,346
4956,OTPK_exists,64435153,136
4957,session_builder,64450267,369
4957,OTPK_exists,64450340,137
4958,session_builder,64465405,352
4958,OTPK_exists,64465478,144
4959,session_builder,64480543,357
4959,OTPK_exists,64480615,143
4960,session_builder,64495681,357
4960,OTPK_exists,64495754,144
4961,session_builder,64509343,399
4961,OTPK_exists,64509417,142
4962,session_builder,64521519,355
4962,OTPK_exists,64521593,145
4963,session_builder,64536657,358
4963,OTPK_exists,64536731,147
4964,session_builder,64551795,353
4964,OTPK_exists,64551868,145
4965,session_builder,64566933,353
4965,OTPK_exists,64567006,145
4966,session_builder,64582071,353
4966,OTPK_exists,64582144,147
4967,session_builder,64592589,250
4967,OTPK_exists,64592623,90