sample,label,timestamp_us,delta
0,session_builder,74,27
0,OTPK_exists,144,24
1,session_builder,12697,348
1,OTPK_exists,12780,148
2,session_builder,23321,351
2,OTPK_exists,23398,146
3,session_builder,33518,150
3,OTPK_exists,33544,51
4,session_builder,45880,223
4,OTPK_exists,45918,87
5,session_builder,56319,353
5,OTPK_exists,56400,147
6,session_builder,68250,353
6,OTPK_exists,68332,145
7,session_builder,80768,361
7,OTPK_exists,80850,162
8,session_builder,91358,359
8,OTPK_exists,91439,145
9,session_builder,101897,249
9,OTPK_exists,101941,98
10,session_builder,114499,14845
10,OTPK_exists,114581,152
11,session_builder,127205,351
11,OTPK_exists,127286,148
12,session_builder,138421,289
12,OTPK_exists,138503,116
13,session_builder,149241,218
13,OTPK_exists,149275,105
14,session_builder,160406,359
14,OTPK_exists,160486,147
15,session_builder,172314,285
15,OTPK_exists,172370,112
16,session_builder,184931,363
16,OTPK_exists,185014,151
17,session_builder,195445,359
17,OTPK_exists,195503,150
18,session_builder,205860,4006
18,OTPK_exists,205915,115
19,session_builder,217796,367
19,OTPK_exists,217862,144
20,session_builder,228206,267
20,OTPK_exists,228236,98
21,session_builder,238610,187
21,OTPK_exists,238642,42
22,session_builder,249232,193
22,OTPK_exists,249260,44
23,session_builder,260105,348
23,OTPK_exists,260187,162
24,session_builder,270622,357
24,OTPK_exists,270689,148
25,session_builder,280927,258
25,OTPK_exists,280959,39
26,session_builder,290985,238
26,OTPK_exists,291033,73
27,session_builder,301296,184
27,OTPK_exists,301327,43
28,session_builder,313866,253
28,OTPK_exists,313897,79
29,session_builder,323987,256
29,OTPK_exists,324017,95
30,session_builder,335081,353
30,OTPK_exists,335164,147
31,session_builder,347721,296
31,OTPK_exists,347783,87
32,session_builder,359750,353
32,OTPK_exists,359833,145
33,session_builder,371764,263
33,OTPK_exists,371813,440
34,session_builder,384386,367
34,OTPK_exists,384470,151
35,session_builder,396651,355
35,OTPK_exists,396711,145
36,session_builder,409293,363
36,OTPK_exists,409376,146
37,session_builder,419685,279
37,OTPK_exists,419725,125
38,session_builder,429987,753
38,OTPK_exists,430021,89
39,session_builder,440551,235
39,OTPK_exists,440575,85
40,session_builder,451236,233
40,OTPK_exists,451254,423
41,session_builder,463829,349
41,OTPK_exists,463913,155
42,session_builder,474967,359
42,OTPK_exists,475048,165
43,session_builder,486319,343
43,OTPK_exists,486399,144
44,session_builder,498233,227
44,OTPK_exists,498260,84
45,session_builder,508665,223
45,OTPK_exists,508700,83
46,session_builder,521178,154
46,OTPK_exists,521203,33
47,session_builder,531452,358
47,OTPK_exists,531533,172
48,session_builder,542582,251
48,OTPK_exists,542603,97
49,session_builder,553268,106
49,OTPK_exists,553336,54
50,session_builder,565893,359
50,OTPK_exists,565934,148
51,session_builder,576311,347
51,OTPK_exists,576391,188
52,session_builder,586855,358
52,OTPK_exists,586937,148
53,session_builder,598394,385
53,OTPK_exists,598458,81
54,session_builder,610167,171
54,OTPK_exists,610239,87
55,session_builder,621629,345
55,OTPK_exists,621691,145
56,session_builder,633916,356
56,OTPK_exists,633997,148
57,session_builder,644169,696
57,OTPK_exists,644230,145
58,session_builder,655103,393
58,OTPK_exists,655187,162
59,session_builder,665789,353
59,OTPK_exists,665873,148
60,session_builder,676190,350
60,OTPK_exists,676271,147
61,session_builder,686790,352
61,OTPK_exists,686873,147
62,session_builder,699268,348
62,OTPK_exists,699350,150
63,session_builder,711842,353
63,OTPK_exists,711914,149
64,session_builder,723351,391
64,OTPK_exists,723425,148
65,session_builder,733846,372
65,OTPK_exists,733927,187
66,session_builder,746504,359
66,OTPK_exists,746586,149
67,session_builder,757176,353
67,OTPK_exists,757250,146
68,session_builder,767481,352
68,OTPK_exists,767562,146
69,session_builder,778822,353
69,OTPK_exists,778902,464
70,session_builder,789998,358
70,OTPK_exists,790081,152
71,session_builder,801962,346
71,OTPK_exists,802049,150
72,session_builder,813365,355
72,OTPK_exists,813438,146
73,session_builder,825759,289
73,OTPK_exists,825803,108
74,session_builder,836821,350
74,OTPK_exists,836887,148
75,session_builder,849238,276
75,OTPK_exists,849326,115
76,session_builder,859598,378
76,OTPK_exists,859674,151
77,session_builder,871265,286
77,OTPK_exists,871313,122
78,session_builder,881771,715
78,OTPK_exists,881836,147
79,session_builder,892118,358
79,OTPK_exists,892183,151
80,session_builder,902690,353
80,OTPK_exists,902767,148
81,session_builder,913948,417
81,OTPK_exists,914031,164
82,session_builder,925096,378
82,OTPK_exists,925179,153
83,session_builder,936767,282
83,OTPK_exists,936833,110
84,session_builder,947601,350
84,OTPK_exists,947681,148
85,session_builder,959621,350
85,OTPK_exists,959695,159
86,session_builder,972165,432
86,OTPK_exists,972231,189
87,session_builder,982389,375
87,OTPK_exists,982456,148
88,session_builder,993568,440
88,OTPK_exists,993636,160
89,session_builder,1003831,292
89,OTPK_exists,1003887,108
90,session_builder,1015763,296
90,OTPK_exists,1015821,108
91,session_builder,1026331,344
91,OTPK_exists,1026411,148
92,session_builder,1036819,356
92,OTPK_exists,1036902,144
93,session_builder,1049314,355
93,OTPK_exists,1049382,147
94,session_builder,1061832,375
94,OTPK_exists,1061913,145
95,session_builder,1074303,282
95,OTPK_exists,1074363,478
96,session_builder,1084426,366
96,OTPK_exists,1084493,150
97,session_builder,1095287,351
97,OTPK_exists,1095352,151
98,session_builder,1105804,408
98,OTPK_exists,1105878,150
99,session_builder,1117021,373
99,OTPK_exists,1117088,193
100,session_builder,1127546,355
100,OTPK_exists,1127629,151
101,session_builder,1138842,278
101,OTPK_exists,1138900,110
102,session_builder,1150840,352
102,OTPK_exists,1150951,147
103,session_builder,1161336,347
103,OTPK_exists,1161406,148
104,session_builder,1172491,347
104,OTPK_exists,1172560,148
105,session_builder,1183784,369
105,OTPK_exists,1183856,149
106,session_builder,1196415,352
106,OTPK_exists,1196486,145
107,session_builder,1207040,346
107,OTPK_exists,1207102,153
108,session_builder,1218088,317
108,OTPK_exists,1218124,111
109,session_builder,1228579,445
109,OTPK_exists,1228651,146
110,session_builder,1239253,323
110,OTPK_exists,1239305,108
111,session_builder,1251852,368
111,OTPK_exists,1251921,149
112,session_builder,1262110,363
112,OTPK_exists,1262182,146
113,session_builder,1274597,277
113,OTPK_exists,1274634,112
114,session_builder,1285152,344
114,OTPK_exists,1285221,153
115,session_builder,1296517,365
115,OTPK_exists,1296570,145
116,session_builder,1309180,358
116,OTPK_exists,1309252,149
117,session_builder,1319674,237
117,OTPK_exists,1319696,86
118,session_builder,1332272,208
118,OTPK_exists,1332300,85
119,session_builder,1342598,252
119,OTPK_exists,1342639,95
120,session_builder,1354081,231
120,OTPK_exists,1354106,83
121,session_builder,1365767,101
121,OTPK_exists,1365788,452
122,session_builder,1377462,70
122,OTPK_exists,1377486,35
123,session_builder,1389528,79
123,OTPK_exists,1389548,48
124,session_builder,1400963,150
124,OTPK_exists,1400986,33
125,session_builder,1413539,172
125,OTPK_exists,1413567,32
126,session_builder,1426121,57
126,OTPK_exists,1426137,29
127,session_builder,1436735,79
127,OTPK_exists,1436770,28
128,session_builder,1449264,206
128,OTPK_exists,1449284,75
129,session_builder,1459643,83
129,OTPK_exists,1459659,35
130,session_builder,1471583,249
130,OTPK_exists,1471609,75
131,session_builder,1484128,180
131,OTPK_exists,1484154,32
132,session_builder,1496234,146
132,OTPK_exists,1496262,48
133,session_builder,1508804,223
133,OTPK_exists,1508836,83
134,session_builder,1519432,175
134,OTPK_exists,1519450,34
135,session_builder,1530638,190
135,OTPK_exists,1530659,49
136,session_builder,1541681,188
136,OTPK_exists,1541704,31
137,session_builder,1552344,233
137,OTPK_exists,1552363,30
138,session_builder,1563070,178
138,OTPK_exists,1563091,33
139,session_builder,1575148,225
139,OTPK_exists,1575174,79
140,session_builder,1585277,62
140,OTPK_exists,1585294,30
141,session_builder,1596210,228
141,OTPK_exists,1596230,46
142,session_builder,1606467,223
142,OTPK_exists,1606490,81
143,session_builder,1619026,217
143,OTPK_exists,1619045,79
144,session_builder,1629150,144
144,OTPK_exists,1629172,39
145,session_builder,1639254,257
145,OTPK_exists,1639285,74
146,session_builder,1649373,222
146,OTPK_exists,1649392,81
147,session_builder,1659445,177
147,OTPK_exists,1659465,120
148,session_builder,1669639,264
148,OTPK_exists,1669668,103
149,session_builder,1680989,221
149,OTPK_exists,1681010,100
150,session_builder,1691217,218
150,OTPK_exists,1691235,81
151,session_builder,1701418,228
151,OTPK_exists,1701456,100
152,session_builder,1711789,218
152,OTPK_exists,1711813,80
153,session_builder,1724345,224
153,OTPK_exists,1724377,79
154,session_builder,1735184,238
154,OTPK_exists,1735205,74
155,session_builder,1745623,275
155,OTPK_exists,1745647,140
156,session_builder,1757432,239
156,OTPK_exists,1757457,80
157,session_builder,1767601,235
157,OTPK_exists,1767617,85
158,session_builder,1779253,223
158,OTPK_exists,1779277,83
159,session_builder,1789375,217
159,OTPK_exists,1789393,74
160,session_builder,1801871,253
160,OTPK_exists,1801945,94
161,session_builder,1813125,222
161,OTPK_exists,1813148,78
162,session_builder,1824996,239
162,OTPK_exists,1825012,100
163,session_builder,1835097,211
163,OTPK_exists,1835120,73
164,session_builder,1845155,259
164,OTPK_exists,1845180,74
165,session_builder,1855368,206
165,OTPK_exists,1855387,76
166,session_builder,1865441,163
166,OTPK_exists,1865458,41
167,session_builder,1877544,218
167,OTPK_exists,1877562,74
168,session_builder,1888049,227
168,OTPK_exists,1888067,78
169,session_builder,1898674,224
169,OTPK_exists,1898691,81
170,session_builder,1908786,238
170,OTPK_exists,1908812,83
171,session_builder,1919320,230
171,OTPK_exists,1919339,79
172,session_builder,1929477,217
172,OTPK_exists,1929494,84
173,session_builder,1942010,226
173,OTPK_exists,1942036,81
174,session_builder,1952350,229
174,OTPK_exists,1952368,80
175,session_builder,1964927,348
175,OTPK_exists,1964977,145
176,session_builder,1975641,247
176,OTPK_exists,1975684,95
177,session_builder,1987873,302
177,OTPK_exists,1987920,118
178,session_builder,1997972,246
178,OTPK_exists,1997996,84
179,session_builder,2009072,195
179,OTPK_exists,2009097,94
180,session_builder,2019125,119
180,OTPK_exists,2019141,32
181,session_builder,2031674,253
181,OTPK_exists,2031728,130
182,session_builder,2043759,359
182,OTPK_exists,2043809,145
183,session_builder,2053989,381
183,OTPK_exists,2054062,170
184,session_builder,2066626,361
184,OTPK_exists,2066698,150
185,session_builder,2076742,254
185,OTPK_exists,2076783,95
186,session_builder,2087854,662
186,OTPK_exists,2087921,148
187,session_builder,2099243,334
187,OTPK_exists,2099293,122
188,session_builder,2111868,359
188,OTPK_exists,2111932,153
189,session_builder,2122308,718
189,OTPK_exists,2122379,145
190,session_builder,2134906,350
190,OTPK_exists,2134989,148
191,session_builder,2145573,284
191,OTPK_exists,2145606,110
192,session_builder,2158168,358
192,OTPK_exists,2158238,152
193,session_builder,2169545,355
193,OTPK_exists,2169617,146
194,session_builder,2181468,384
194,OTPK_exists,2181529,150
195,session_builder,2193801,279
195,OTPK_exists,2193839,109
196,session_builder,2205339,279
196,OTPK_exists,2205387,108
197,session_builder,2217120,346
197,OTPK_exists,2217191,150
198,session_builder,2229755,350
198,OTPK_exists,2229893,149
199,session_builder,2240708,279
199,OTPK_exists,2240749,110
200,session_builder,2253358,353
200,OTPK_exists,2253426,153
201,session_builder,2264976,694
201,OTPK_exists,2265041,154
202,session_builder,2277605,367
202,OTPK_exists,2277678,153
203,session_builder,2290231,368
203,OTPK_exists,2290287,154
204,session_builder,2302519,398
204,OTPK_exists,2302593,474
205,session_builder,2314182,349
205,OTPK_exists,2314254,144
206,session_builder,2325561,362
206,OTPK_exists,2325634,147
207,session_builder,2335850,954
207,OTPK_exists,2335921,148
208,session_builder,2347333,285
208,OTPK_exists,2347377,141
209,session_builder,2359934,352
209,OTPK_exists,2360005,153
210,session_builder,2370698,281
210,OTPK_exists,2370748,109
211,session_builder,2383356,348
211,OTPK_exists,2383426,148
212,session_builder,2395659,240
212,OTPK_exists,2395682,89
213,session_builder,2405709,245
213,OTPK_exists,2405745,95
214,session_builder,2417004,225
214,OTPK_exists,2417025,86
215,session_builder,2427863,195
215,OTPK_exists,2427887,88
216,session_builder,2438128,231
216,OTPK_exists,2438154,84
217,session_builder,2450663,269
217,OTPK_exists,2450688,80
218,session_builder,2463093,170
218,OTPK_exists,2463115,45
219,session_builder,2475185,247
219,OTPK_exists,2475210,94
220,session_builder,2486741,330
220,OTPK_exists,2486761,104
221,session_builder,2499231,224
221,OTPK_exists,2499255,78
222,session_builder,2511160,227
222,OTPK_exists,2511185,29
223,session_builder,2521500,209
223,OTPK_exists,2521516,72
224,session_builder,2531551,228
224,OTPK_exists,2531579,101
225,session_builder,2542036,217
225,OTPK_exists,2542058,31
226,session_builder,2552349,192
226,OTPK_exists,2552364,27
227,session_builder,2564218,226
227,OTPK_exists,2564246,81
228,session_builder,2576778,219
228,OTPK_exists,2576802,77
229,session_builder,2587803,224
229,OTPK_exists,2587824,82
230,session_builder,2597899,196
230,OTPK_exists,2597918,31
231,session_builder,2608687,211
231,OTPK_exists,2608726,25
232,session_builder,2619182,213
232,OTPK_exists,2619195,73
233,session_builder,2630370,215
233,OTPK_exists,2630387,74
234,session_builder,2641589,206
234,OTPK_exists,2641610,75
235,session_builder,2652158,208
235,OTPK_exists,2652177,76
236,session_builder,2663661,208
236,OTPK_exists,2663683,75
237,session_builder,2676201,215
237,OTPK_exists,2676224,77
238,session_builder,2686298,162
238,OTPK_exists,2686317,81
239,session_builder,2698839,219
239,OTPK_exists,2698859,81
240,session_builder,2710115,243
240,OTPK_exists,2710142,127
241,session_builder,2722664,219
241,OTPK_exists,2722685,81
242,session_builder,2735206,195
242,OTPK_exists,2735230,81
243,session_builder,2746993,223
243,OTPK_exists,2747013,81
244,session_builder,2758661,201
244,OTPK_exists,2758688,33
245,session_builder,2769915,226
245,OTPK_exists,2769936,84
246,session_builder,2780414,222
246,OTPK_exists,2780434,79
247,session_builder,2791047,194
247,OTPK_exists,2791066,81
248,session_builder,2803240,239
248,OTPK_exists,2803262,101
249,session_builder,2814934,112
249,OTPK_exists,2814958,79
250,session_builder,2827394,215
250,OTPK_exists,2827412,78
251,session_builder,2839929,215
251,OTPK_exists,2839945,75
252,session_builder,2851653,220
252,OTPK_exists,2851676,81
253,session_builder,2864195,205
253,OTPK_exists,2864216,75
254,session_builder,2874336,201
254,OTPK_exists,2874353,42
255,session_builder,2884534,192
255,OTPK_exists,2884554,80
256,session_builder,2897102,249
256,OTPK_exists,2897123,103
257,session_builder,2908076,228
257,OTPK_exists,2908107,420
258,session_builder,2919270,199
258,OTPK_exists,2919291,79
259,session_builder,2931812,142
259,OTPK_exists,2931837,91
260,session_builder,2942436,280
260,OTPK_exists,2942455,78
261,session_builder,2954502,213
261,OTPK_exists,2954564,75
262,session_builder,2967056,205
262,OTPK_exists,2967072,426
263,session_builder,2979620,97
263,OTPK_exists,2979637,26
264,session_builder,2989727,206
264,OTPK_exists,2989749,76
265,session_builder,2999771,206
265,OTPK_exists,2999791,75
266,session_builder,3010017,219
266,OTPK_exists,3010043,82
267,session_builder,3022623,229
267,OTPK_exists,3022645,81
268,session_builder,3033179,226
268,OTPK_exists,3033191,78
269,session_builder,3045757,227
269,OTPK_exists,3045778,79
270,session_builder,3056210,186
270,OTPK_exists,3056232,24
271,session_builder,3066801,210
271,OTPK_exists,3066813,112
272,session_builder,3077703,207
272,OTPK_exists,3077721,72
273,session_builder,3087811,215
273,OTPK_exists,3087833,79
274,session_builder,3099230,240
274,OTPK_exists,3099250,82
275,session_builder,3109331,226
275,OTPK_exists,3109358,95
276,session_builder,3119536,224
276,OTPK_exists,3119556,81
277,session_builder,3131867,224
277,OTPK_exists,3131889,80
278,session_builder,3142076,288
278,OTPK_exists,3142096,81
279,session_builder,3152272,263
279,OTPK_exists,3152355,82
280,session_builder,3162578,264
280,OTPK_exists,3162609,81
281,session_builder,3174483,220
281,OTPK_exists,3174511,84
282,session_builder,3186742,226
282,OTPK_exists,3186765,90
283,session_builder,3199231,241
283,OTPK_exists,3199250,98
284,session_builder,3209270,263
284,OTPK_exists,3209312,86
285,session_builder,3220278,201
285,OTPK_exists,3220302,80
286,session_builder,3230604,229
286,OTPK_exists,3230623,81
287,session_builder,3241216,231
287,OTPK_exists,3241242,79
288,session_builder,3253710,223
288,OTPK_exists,3253733,95
289,session_builder,3265752,220
289,OTPK_exists,3265782,81
290,session_builder,3276259,226
290,OTPK_exists,3276282,79
291,session_builder,3286765,527
291,OTPK_exists,3286788,79
292,session_builder,3299235,538
292,OTPK_exists,3299261,96
293,session_builder,3309668,163
293,OTPK_exists,3309693,81
294,session_builder,3320433,226
294,OTPK_exists,3320446,81
295,session_builder,3332446,157
295,OTPK_exists,3332469,112
296,session_builder,3342515,156
296,OTPK_exists,3342543,81
297,session_builder,3354959,247
297,OTPK_exists,3354987,104
298,session_builder,3367376,216
298,OTPK_exists,3367395,83
299,session_builder,3377681,226
299,OTPK_exists,3377719,82
300,session_builder,3387927,264
300,OTPK_exists,3387948,79
301,session_builder,3399259,259
301,OTPK_exists,3399329,80
302,session_builder,3411494,240
302,OTPK_exists,3411525,115
303,session_builder,3421562,222
303,OTPK_exists,3421605,78
304,session_builder,3431702,219
304,OTPK_exists,3431728,81
305,session_builder,3442957,232
305,OTPK_exists,3442988,84
306,session_builder,3455548,138
306,OTPK_exists,3455569,95
307,session_builder,3465776,57
307,OTPK_exists,3465792,27
308,session_builder,3478362,100
308,OTPK_exists,3478378,35
309,session_builder,3488502,145
309,OTPK_exists,3488522,75
310,session_builder,3499229,99
310,OTPK_exists,3499245,27
311,session_builder,3511760,53
311,OTPK_exists,3511775,27
312,session_builder,3523703,78
312,OTPK_exists,3523719,38
313,session_builder,3535025,110
313,OTPK_exists,3535041,27
314,session_builder,3546135,110
314,OTPK_exists,3546153,31
315,session_builder,3558686,145
315,OTPK_exists,3558707,25
316,session_builder,3570380,240
316,OTPK_exists,3570398,57
317,session_builder,3580447,196
317,OTPK_exists,3580462,79
318,session_builder,3591124,217
318,OTPK_exists,3591142,78
319,session_builder,3603587,220
319,OTPK_exists,3603609,82
320,session_builder,3615732,257
320,OTPK_exists,3615757,80
321,session_builder,3626062,217
321,OTPK_exists,3626081,32
322,session_builder,3636400,226
322,OTPK_exists,3636418,79
323,session_builder,3646770,224
323,OTPK_exists,3646791,80
324,session_builder,3658821,257
324,OTPK_exists,3658875,96
325,session_builder,3670357,346
325,OTPK_exists,3670429,147
326,session_builder,3681289,503
326,OTPK_exists,3681441,156
327,session_builder,3693214,255
327,OTPK_exists,3693239,95
328,session_builder,3703306,367
328,OTPK_exists,3703380,164
329,session_builder,3715099,361
329,OTPK_exists,3715169,151
330,session_builder,3726348,389
330,OTPK_exists,3726418,184
331,session_builder,3737068,353
331,OTPK_exists,3737137,410
332,session_builder,3749242,223
332,OTPK_exists,3749267,89
333,session_builder,3760103,249
333,OTPK_exists,3760130,86
334,session_builder,3771055,286
334,OTPK_exists,3771106,107
335,session_builder,3783607,368
335,OTPK_exists,3783663,451
336,session_builder,3794817,289
336,OTPK_exists,3794857,113
337,session_builder,3805161,353
337,OTPK_exists,3805224,147
338,session_builder,3815580,358
338,OTPK_exists,3815652,149
339,session_builder,3825715,257
339,OTPK_exists,3825742,96
340,session_builder,3837758,314
340,OTPK_exists,3837784,108
341,session_builder,3850248,362
341,OTPK_exists,3850315,145
342,session_builder,3861349,406
342,OTPK_exists,3861419,147
343,session_builder,3872574,353
343,OTPK_exists,3872648,146
344,session_builder,3884240,367
344,OTPK_exists,3884295,144
345,session_builder,3895893,352
345,OTPK_exists,3895960,149
346,session_builder,3908531,360
346,OTPK_exists,3908603,151
347,session_builder,3921167,350
347,OTPK_exists,3921239,148
348,session_builder,3932060,354
348,OTPK_exists,3932118,148
349,session_builder,3943567,352
349,OTPK_exists,3943637,154
350,session_builder,3954628,428
350,OTPK_exists,3954698,150
351,session_builder,3965946,361
351,OTPK_exists,3966001,150
352,session_builder,3976046,281
352,OTPK_exists,3976086,109
353,session_builder,3986458,369
353,OTPK_exists,3986513,151
354,session_builder,3997113,358
354,OTPK_exists,3997171,153
355,session_builder,4007601,520
355,OTPK_exists,4007670,148
356,session_builder,4018845,363
356,OTPK_exists,4018915,151
357,session_builder,4030005,401
357,OTPK_exists,4030076,144
358,session_builder,4041803,275
358,OTPK_exists,4041840,109
359,session_builder,4052611,282
359,OTPK_exists,4052656,110
360,session_builder,4064711,424
360,OTPK_exists,4064776,148
361,session_builder,4076712,265
361,OTPK_exists,4076766,151
362,session_builder,4087017,1443
362,OTPK_exists,4087074,183
363,session_builder,4099307,351
363,OTPK_exists,4099376,153
364,session_builder,4111976,352
364,OTPK_exists,4112046,148
365,session_builder,4122189,351
365,OTPK_exists,4122237,148
366,session_builder,4134804,349
366,OTPK_exists,4134876,146
367,session_builder,4147214,350
367,OTPK_exists,4147285,148
368,session_builder,4157474,350
368,OTPK_exists,4157542,147
369,session_builder,4169279,352
369,OTPK_exists,4169351,143
370,session_builder,4181996,368
370,OTPK_exists,4182066,143
371,session_builder,4194600,115
371,OTPK_exists,4194623,34
372,session_builder,4206059,227
372,OTPK_exists,4206094,84
373,session_builder,4218647,351
373,OTPK_exists,4218718,148
374,session_builder,4231283,346
374,OTPK_exists,4231356,147
375,session_builder,4243927,349
375,OTPK_exists,4243999,151
376,session_builder,4256057,370
376,OTPK_exists,4256130,144
377,session_builder,4266609,254
377,OTPK_exists,4266636,95
378,session_builder,4278242,274
378,OTPK_exists,4278264,50
379,session_builder,4289956,228
379,OTPK_exists,4289978,87
380,session_builder,4302571,223
380,OTPK_exists,4302609,99
381,session_builder,4314570,349
381,OTPK_exists,4314642,145
382,session_builder,4327206,353
382,OTPK_exists,4327279,148
383,session_builder,4337646,293
383,OTPK_exists,4337677,107
384,session_builder,4349246,348
384,OTPK_exists,4349311,148
385,session_builder,4359473,377
385,OTPK_exists,4359546,151
386,session_builder,4372191,282
386,OTPK_exists,4372240,106
387,session_builder,4384811,352
387,OTPK_exists,4384884,151
388,session_builder,4397516,382
388,OTPK_exists,4397587,145
389,session_builder,4410200,378
389,OTPK_exists,4410270,150
390,session_builder,4420464,651
390,OTPK_exists,4420497,109
391,session_builder,4430680,359
391,OTPK_exists,4430754,159
392,session_builder,4442011,356
392,OTPK_exists,4442082,146
393,session_builder,4453860,379
393,OTPK_exists,4453932,143
394,session_builder,4465829,355
394,OTPK_exists,4465902,148
395,session_builder,4478476,355
395,OTPK_exists,4478548,147
396,session_builder,4491113,354
396,OTPK_exists,4491184,146
397,session_builder,4503088,352
397,OTPK_exists,4503158,146
398,session_builder,4515749,350
398,OTPK_exists,4515820,148
399,session_builder,4528385,352
399,OTPK_exists,4528457,147
400,session_builder,4540000,356
400,OTPK_exists,4540070,160
401,session_builder,4550375,418
401,OTPK_exists,4550445,149
402,session_builder,4563008,360
402,OTPK_exists,4563080,151
403,session_builder,4573324,360
403,OTPK_exists,4573392,151
404,session_builder,4583790,357
404,OTPK_exists,4583861,147
405,session_builder,4596426,360
405,OTPK_exists,4596498,150
406,session_builder,4606565,645
406,OTPK_exists,4606612,107
407,session_builder,4619169,348
407,OTPK_exists,4619241,147
408,session_builder,4629547,351
408,OTPK_exists,4629591,149
409,session_builder,4639818,358
409,OTPK_exists,4639892,155
410,session_builder,4652458,358
410,OTPK_exists,4652529,151
411,session_builder,4664759,358
411,OTPK_exists,4664829,146
412,session_builder,4677393,361
412,OTPK_exists,4677465,153
413,session_builder,4690023,369
413,OTPK_exists,4690093,152
414,session_builder,4702656,362
414,OTPK_exists,4702728,156
415,session_builder,4715293,360
415,OTPK_exists,4715365,151
416,session_builder,4727929,361
416,OTPK_exists,4728001,152
417,session_builder,4740565,361
417,OTPK_exists,4740637,148
418,session_builder,4753201,359
418,OTPK_exists,4753273,152
419,session_builder,4765816,311
419,OTPK_exists,4765867,125
420,session_builder,4778426,361
420,OTPK_exists,4778498,150
421,session_builder,4789026,380
421,OTPK_exists,4789097,145
422,session_builder,4801606,354
422,OTPK_exists,4801677,147
423,session_builder,4812787,396
423,OTPK_exists,4812858,153
424,session_builder,4824265,354
424,OTPK_exists,4824336,151
425,session_builder,4836789,346
425,OTPK_exists,4836860,150
426,session_builder,4849321,346
426,OTPK_exists,4849391,147
427,session_builder,4861956,352
427,OTPK_exists,4862027,148
428,session_builder,4874558,347
428,OTPK_exists,4874630,145
429,session_builder,4886901,403
429,OTPK_exists,4886972,147
430,session_builder,4899268,349
430,OTPK_exists,4899339,149
431,session_builder,4911904,349
431,OTPK_exists,4911976,149
432,session_builder,4924541,352
432,OTPK_exists,4924613,151
433,session_builder,4936781,349
433,OTPK_exists,4936863,150
434,session_builder,4949268,348
434,OTPK_exists,4949340,146
435,session_builder,4961777,699
435,OTPK_exists,4961848,149
436,session_builder,4972913,279
436,OTPK_exists,4972963,110
437,session_builder,4985070,347
437,OTPK_exists,4985140,145
438,session_builder,4996761,352
438,OTPK_exists,4996826,148
439,session_builder,5009380,351
439,OTPK_exists,5009452,150
440,session_builder,5019939,352
440,OTPK_exists,5020011,151
441,session_builder,5032625,349
441,OTPK_exists,5032696,145
442,session_builder,5043095,348
442,OTPK_exists,5043167,143
443,session_builder,5055731,352
443,OTPK_exists,5055802,145
444,session_builder,5068367,357
444,OTPK_exists,5068438,150
445,session_builder,5081002,353
445,OTPK_exists,5081073,149
446,session_builder,5093668,750
446,OTPK_exists,5093735,148
447,session_builder,5104773,353
447,OTPK_exists,5104844,153
448,session_builder,5117408,353
448,OTPK_exists,5117480,148
449,session_builder,5127962,390
449,OTPK_exists,5128033,150
450,session_builder,5138129,353
450,OTPK_exists,5138201,149
451,session_builder,5149232,253
451,OTPK_exists,5149263,96
452,session_builder,5159544,72
452,OTPK_exists,5159565,37
453,session_builder,5171435,241
453,OTPK_exists,5171460,137
454,session_builder,5183487,369
454,OTPK_exists,5183559,144
455,session_builder,5196153,254
455,OTPK_exists,5196217,96
456,session_builder,5208782,359
456,OTPK_exists,5208901,145
457,session_builder,5221017,344
457,OTPK_exists,5221090,151
458,session_builder,5233654,354
458,OTPK_exists,5233725,148
459,session_builder,5244406,283
459,OTPK_exists,5244442,111
460,session_builder,5256517,349
460,OTPK_exists,5256589,150
461,session_builder,5269157,351
461,OTPK_exists,5269228,146
462,session_builder,5281799,351
462,OTPK_exists,5281870,147
463,session_builder,5294435,349
463,OTPK_exists,5294507,148
464,session_builder,5304906,698
464,OTPK_exists,5304977,144
465,session_builder,5316550,351
465,OTPK_exists,5316623,146
466,session_builder,5328915,345
466,OTPK_exists,5328985,151
467,session_builder,5339972,287
467,OTPK_exists,5340008,109
468,session_builder,5350723,257
468,OTPK_exists,5350758,94
469,session_builder,5363312,352
469,OTPK_exists,5363383,149
470,session_builder,5375458,310
470,OTPK_exists,5375509,109
471,session_builder,5386870,413
471,OTPK_exists,5386943,180
472,session_builder,5399245,361
472,OTPK_exists,5399293,149
473,session_builder,5411863,358
473,OTPK_exists,5411935,151
474,session_builder,5424551,349
474,OTPK_exists,5424622,145
475,session_builder,5436783,350
475,OTPK_exists,5436881,150
476,session_builder,5449314,279
476,OTPK_exists,5449361,123
477,session_builder,5461918,353
477,OTPK_exists,5461990,147
478,session_builder,5474602,349
478,OTPK_exists,5474671,153
479,session_builder,5486786,352
479,OTPK_exists,5486858,146
480,session_builder,5499279,255
480,OTPK_exists,5499313,94
481,session_builder,5511853,232
481,OTPK_exists,5511926,87
482,session_builder,5524488,350
482,OTPK_exists,5524559,149
483,session_builder,5536784,350
483,OTPK_exists,5536857,148
484,session_builder,5549296,283
484,OTPK_exists,5549336,109
485,session_builder,5561502,350
485,OTPK_exists,5561574,152
486,session_builder,5574138,352
486,OTPK_exists,5574209,149
487,session_builder,5586786,350
487,OTPK_exists,5586860,148
488,session_builder,5599269,354
488,OTPK_exists,5599339,148
489,session_builder,5611903,355
489,OTPK_exists,5611975,148
490,session_builder,5624542,349
490,OTPK_exists,5624614,429
491,session_builder,5636795,355
491,OTPK_exists,5636868,151
492,session_builder,5649269,350
492,OTPK_exists,5649340,146
493,session_builder,5661904,352
493,OTPK_exists,5661975,149
494,session_builder,5674538,354
494,OTPK_exists,5674609,148
495,session_builder,5686791,350
495,OTPK_exists,5686862,147
496,session_builder,5699265,256
496,OTPK_exists,5699296,96
497,session_builder,5711900,259
497,OTPK_exists,5711962,109
498,session_builder,5724520,356
498,OTPK_exists,5724590,150
499,session_builder,5735853,350
499,OTPK_exists,5735922,148
500,session_builder,5746065,280
500,OTPK_exists,5746109,108
501,session_builder,5758667,366
501,OTPK_exists,5758740,156
502,session_builder,5771244,439
502,OTPK_exists,5771409,154
503,session_builder,5784015,360
503,OTPK_exists,5784088,151
504,session_builder,5796651,350
504,OTPK_exists,5796722,148
505,session_builder,5809287,351
505,OTPK_exists,5809358,148
506,session_builder,5821424,411
506,OTPK_exists,5821497,193
507,session_builder,5834060,355
507,OTPK_exists,5834132,150
508,session_builder,5846696,358
508,OTPK_exists,5846767,151
509,session_builder,5859089,375
509,OTPK_exists,5859160,152
510,session_builder,5871424,349
510,OTPK_exists,5871495,146
511,session_builder,5881728,380
511,OTPK_exists,5881799,145
512,session_builder,5894366,347
512,OTPK_exists,5894438,150
513,session_builder,5905274,380
513,OTPK_exists,5905347,167
514,session_builder,5915791,354
514,OTPK_exists,5915862,149
515,session_builder,5928427,351
515,OTPK_exists,5928497,148
516,session_builder,5941063,348
516,OTPK_exists,5941134,151
517,session_builder,5951542,370
517,OTPK_exists,5951613,161
518,session_builder,5964178,356
518,OTPK_exists,5964250,149
519,session_builder,5974682,241
519,OTPK_exists,5974706,88
520,session_builder,5987259,359
520,OTPK_exists,5987331,151
521,session_builder,5999389,407
521,OTPK_exists,5999458,162
522,session_builder,6009499,255
522,OTPK_exists,6009533,94
523,session_builder,6022039,362
523,OTPK_exists,6022112,149
524,session_builder,6034481,355
524,OTPK_exists,6034552,147
525,session_builder,6044766,248
525,OTPK_exists,6044833,108
526,session_builder,6057389,348
526,OTPK_exists,6057460,147
527,session_builder,6070024,354
527,OTPK_exists,6070095,148
528,session_builder,6082660,352
528,OTPK_exists,6082731,148
529,session_builder,6095347,373
529,OTPK_exists,6095418,146
530,session_builder,6108002,358
530,OTPK_exists,6108073,152
531,session_builder,6119687,350
531,OTPK_exists,6119759,147
532,session_builder,6132327,358
532,OTPK_exists,6132399,149
533,session_builder,6142583,350
533,OTPK_exists,6142654,149
534,session_builder,6155219,350
534,OTPK_exists,6155290,149
535,session_builder,6165791,352
535,OTPK_exists,6165861,147
536,session_builder,6176422,354
536,OTPK_exists,6176493,149
537,session_builder,6188293,348
537,OTPK_exists,6188363,146
538,session_builder,6199023,236
538,OTPK_exists,6199056,97
539,session_builder,6211311,238
539,OTPK_exists,6211343,418
540,session_builder,6221608,229
540,OTPK_exists,6221632,84
541,session_builder,6234155,229
541,OTPK_exists,6234177,82
542,session_builder,6246700,196
542,OTPK_exists,6246732,81
543,session_builder,6256876,225
543,OTPK_exists,6256905,32
544,session_builder,6268699,223
544,OTPK_exists,6268713,420
545,session_builder,6279014,228
545,OTPK_exists,6279034,79
546,session_builder,6289080,195
546,OTPK_exists,6289104,80
547,session_builder,6301646,221
547,OTPK_exists,6301672,82
548,session_builder,6313668,226
548,OTPK_exists,6313698,81
549,session_builder,6324043,225
549,OTPK_exists,6324062,82
550,session_builder,6336597,223
550,OTPK_exists,6336620,79
551,session_builder,6348625,277
551,OTPK_exists,6348646,78
552,session_builder,6361169,223
552,OTPK_exists,6361199,78
553,session_builder,6372181,233
553,OTPK_exists,6372203,80
554,session_builder,6382247,220
554,OTPK_exists,6382267,81
555,session_builder,6394794,242
555,OTPK_exists,6394827,114
556,session_builder,6405537,236
556,OTPK_exists,6405569,88
557,session_builder,6415769,284
557,OTPK_exists,6415822,111
558,session_builder,6425919,279
558,OTPK_exists,6425963,113
559,session_builder,6437524,258
559,OTPK_exists,6437571,104
560,session_builder,6449230,229
560,OTPK_exists,6449250,82
561,session_builder,6460762,225
561,OTPK_exists,6460791,81
562,session_builder,6471484,170
562,OTPK_exists,6471529,78
563,session_builder,6482658,157
563,OTPK_exists,6482670,47
564,session_builder,6494597,229
564,OTPK_exists,6494635,97
565,session_builder,6504956,229
565,OTPK_exists,6504981,120
566,session_builder,6515743,223
566,OTPK_exists,6515766,87
567,session_builder,6525828,222
567,OTPK_exists,6525851,83
568,session_builder,6537609,405
568,OTPK_exists,6537667,182
569,session_builder,6550212,265
569,OTPK_exists,6550280,97
570,session_builder,6562843,364
570,OTPK_exists,6562916,150
571,session_builder,6575001,290
571,OTPK_exists,6575047,113
572,session_builder,6586789,352
572,OTPK_exists,6586861,146
573,session_builder,6599265,382
573,OTPK_exists,6599325,149
574,session_builder,6609387,287
574,OTPK_exists,6609475,110
575,session_builder,6622079,346
575,OTPK_exists,6622148,148
576,session_builder,6634715,353
576,OTPK_exists,6634787,150
577,session_builder,6645548,279
577,OTPK_exists,6645595,108
578,session_builder,6658152,355
578,OTPK_exists,6658223,151
579,session_builder,6670787,358
579,OTPK_exists,6670859,148
580,session_builder,6683424,351
580,OTPK_exists,6683495,148
581,session_builder,6693804,350
581,OTPK_exists,6693856,148
582,session_builder,6705762,352
582,OTPK_exists,6705833,146
583,session_builder,6717844,350
583,OTPK_exists,6717914,148
584,session_builder,6730203,352
584,OTPK_exists,6730274,146
585,session_builder,6741694,286
585,OTPK_exists,6741725,110
586,session_builder,6754277,165
586,OTPK_exists,6754318,80
587,session_builder,6766880,358
587,OTPK_exists,6766951,150
588,session_builder,6779521,359
588,OTPK_exists,6779593,151
589,session_builder,6790657,352
589,OTPK_exists,6790707,149
590,session_builder,6803269,354
590,OTPK_exists,6803340,150
591,session_builder,6815201,349
591,OTPK_exists,6815270,150
592,session_builder,6827835,349
592,OTPK_exists,6827906,149
593,session_builder,6839175,360
593,OTPK_exists,6839233,149
594,session_builder,6849367,106
594,OTPK_exists,6849399,53
595,session_builder,6861955,358
595,OTPK_exists,6862027,150
596,session_builder,6872133,365
596,OTPK_exists,6872201,148
597,session_builder,6884041,283
597,OTPK_exists,6884076,105
598,session_builder,6894356,287
598,OTPK_exists,6894408,82
599,session_builder,6905424,407
599,OTPK_exists,6905500,177
600,session_builder,6918067,358
600,OTPK_exists,6918139,151
601,session_builder,6930703,358
601,OTPK_exists,6930776,153
602,session_builder,6940938,297
602,OTPK_exists,6940977,113
603,session_builder,6952951,299
603,OTPK_exists,6953002,110
604,session_builder,6965560,364
604,OTPK_exists,6965632,153
605,session_builder,6975928,284
605,OTPK_exists,6976042,113
606,session_builder,6987088,363
606,OTPK_exists,6987149,150
607,session_builder,6999252,86
607,OTPK_exists,6999275,41
608,session_builder,7011223,231
608,OTPK_exists,7011273,92
609,session_builder,7022543,343
609,OTPK_exists,7022612,148
610,session_builder,7034018,343
610,OTPK_exists,7034069,146
611,session_builder,7044687,297
611,OTPK_exists,7044722,78
612,session_builder,7056292,426
612,OTPK_exists,7056362,153
613,session_builder,7067570,361
613,OTPK_exists,7067639,145
614,session_builder,7078152,537
614,OTPK_exists,7078223,149
615,session_builder,7088818,355
615,OTPK_exists,7088878,148
616,session_builder,7098967,182
616,OTPK_exists,7099013,85
617,session_builder,7111586,350
617,OTPK_exists,7111658,148
618,session_builder,7124253,363
618,OTPK_exists,7124308,153
619,session_builder,7136764,307
619,OTPK_exists,7136824,145
620,session_builder,7149380,272
620,OTPK_exists,7149404,93
621,session_builder,7160772,283
621,OTPK_exists,7160815,112
622,session_builder,7172713,363
622,OTPK_exists,7172786,148
623,session_builder,7184558,416
623,OTPK_exists,7184632,151
624,session_builder,7195311,352
624,OTPK_exists,7195358,145
625,session_builder,7207121,284
625,OTPK_exists,7207172,111
626,session_builder,7219731,361
626,OTPK_exists,7219802,148
627,session_builder,7230675,349
627,OTPK_exists,7230748,150
628,session_builder,7241099,296
628,OTPK_exists,7241134,142
629,session_builder,7253219,242
629,OTPK_exists,7253247,55
630,session_builder,7265781,347
630,OTPK_exists,7265853,148
631,session_builder,7278431,649
631,OTPK_exists,7278504,111
632,session_builder,7289956,364
632,OTPK_exists,7290009,145
633,session_builder,7302597,345
633,OTPK_exists,7302668,151
634,session_builder,7314794,349
634,OTPK_exists,7314866,147
635,session_builder,7326653,801
635,OTPK_exists,7326707,147
636,session_builder,7339061,350
636,OTPK_exists,7339113,145
637,session_builder,7349257,350
637,OTPK_exists,7349311,146
638,session_builder,7360870,352
638,OTPK_exists,7360931,146
639,session_builder,7372907,485
639,OTPK_exists,7372983,167
640,session_builder,7383376,359
640,OTPK_exists,7383428,146
641,session_builder,7394996,370
641,OTPK_exists,7395037,113
642,session_builder,7405081,384
642,OTPK_exists,7405151,152
643,session_builder,7415786,347
643,OTPK_exists,7415861,152
644,session_builder,7427912,354
644,OTPK_exists,7427968,148
645,session_builder,7439582,292
645,OTPK_exists,7439627,109
646,session_builder,7450509,237
646,OTPK_exists,7450531,50
647,session_builder,7461281,261
647,OTPK_exists,7461326,98
648,session_builder,7471420,256
648,OTPK_exists,7471448,98
649,session_builder,7482281,249
649,OTPK_exists,7482318,97
650,session_builder,7493071,281
650,OTPK_exists,7493123,113
651,session_builder,7505705,358
651,OTPK_exists,7505778,148
652,session_builder,7515879,693
652,OTPK_exists,7515910,84
653,session_builder,7527697,355
653,OTPK_exists,7527771,441
654,session_builder,7539635,387
654,OTPK_exists,7539707,160
655,session_builder,7552140,350
655,OTPK_exists,7552201,149
656,session_builder,7563347,347
656,OTPK_exists,7563407,150
657,session_builder,7574962,376
657,OTPK_exists,7575053,193
658,session_builder,7586766,578
658,OTPK_exists,7586821,148
659,session_builder,7599262,358
659,OTPK_exists,7599316,162
660,session_builder,7609505,257
660,OTPK_exists,7609540,95
661,session_builder,7619613,353
661,OTPK_exists,7619667,145
662,session_builder,7630383,343
662,OTPK_exists,7630436,145
663,session_builder,7641334,278
663,OTPK_exists,7641381,111
664,session_builder,7653358,348
664,OTPK_exists,7653419,146
665,session_builder,7665761,296
665,OTPK_exists,7665805,148
666,session_builder,7675859,279
666,OTPK_exists,7675925,106
667,session_builder,7686233,363
667,OTPK_exists,7686304,150
668,session_builder,7698628,352
668,OTPK_exists,7698700,150
669,session_builder,7711290,347
669,OTPK_exists,7711352,146
670,session_builder,7723090,290
670,OTPK_exists,7723129,107
671,session_builder,7735691,358
671,OTPK_exists,7735763,152
672,session_builder,7747102,350
672,OTPK_exists,7747151,412
673,session_builder,7759713,351
673,OTPK_exists,7759785,149
674,session_builder,7771924,344
674,OTPK_exists,7771996,147
675,session_builder,7783730,354
675,OTPK_exists,7783802,147
676,session_builder,7794323,279
676,OTPK_exists,7794374,107
677,session_builder,7804454,306
677,OTPK_exists,7804504,110
678,session_builder,7815847,395
678,OTPK_exists,7815897,147
679,session_builder,7828467,355
679,OTPK_exists,7828539,149
680,session_builder,7839789,287
680,OTPK_exists,7839838,113
681,session_builder,7852401,473
681,OTPK_exists,7852472,150
682,session_builder,7865044,345
682,OTPK_exists,7865115,148
683,session_builder,7876725,280
683,OTPK_exists,7876824,107
684,session_builder,7886899,355
684,OTPK_exists,7886973,145
685,session_builder,7899533,15208
685,OTPK_exists,7899604,148
686,session_builder,7909845,684
686,OTPK_exists,7909896,113
687,session_builder,7922448,280
687,OTPK_exists,7922550,107
688,session_builder,7935115,358
688,OTPK_exists,7935187,146
689,session_builder,7945272,301
689,OTPK_exists,7945306,107
690,session_builder,7956126,442
690,OTPK_exists,7956201,148
691,session_builder,7968336,362
691,OTPK_exists,7968389,147
692,session_builder,7979495,381
692,OTPK_exists,7979557,147
693,session_builder,7990033,358
693,OTPK_exists,7990102,144
694,session_builder,8002094,358
694,OTPK_exists,8002156,151
695,session_builder,8013239,353
695,OTPK_exists,8013313,145
696,session_builder,8023755,347
696,OTPK_exists,8023824,149
697,session_builder,8035356,353
697,OTPK_exists,8035405,149
698,session_builder,8045697,360
698,OTPK_exists,8045769,148
699,session_builder,8056139,359
699,OTPK_exists,8056211,151
700,session_builder,8068779,348
700,OTPK_exists,8068850,150
701,session_builder,8079967,378
701,OTPK_exists,8080036,151
702,session_builder,8092072,369
702,OTPK_exists,8092124,145
703,session_builder,8103274,353
703,OTPK_exists,8103337,381
704,session_builder,8115796,349
704,OTPK_exists,8115869,147
705,session_builder,8128438,348
705,OTPK_exists,8128509,151
706,session_builder,8140047,406
706,OTPK_exists,8140125,145
707,session_builder,8151223,274
707,OTPK_exists,8151264,114
708,session_builder,8163816,225
708,OTPK_exists,8163840,52
709,session_builder,8176013,228
709,OTPK_exists,8176043,85
710,session_builder,8187071,226
710,OTPK_exists,8187097,75
711,session_builder,8199272,279
711,OTPK_exists,8199323,111
712,session_builder,8210513,277
712,OTPK_exists,8210563,106
713,session_builder,8222899,353
713,OTPK_exists,8222973,155
714,session_builder,8235539,350
714,OTPK_exists,8235610,149
715,session_builder,8248160,355
715,OTPK_exists,8248212,148
716,session_builder,8260052,238
716,OTPK_exists,8260076,82
717,session_builder,8272077,240
717,OTPK_exists,8272100,84
718,session_builder,8282393,223
718,OTPK_exists,8282414,83
719,session_builder,8292648,196
719,OTPK_exists,8292668,34
720,session_builder,8305198,202
720,OTPK_exists,8305221,81
721,session_builder,8315737,226
721,OTPK_exists,8315774,84
722,session_builder,8328301,199
722,OTPK_exists,8328324,82
723,session_builder,8340105,225
723,OTPK_exists,8340136,79
724,session_builder,8350580,230
724,OTPK_exists,8350600,80
725,session_builder,8360664,193
725,OTPK_exists,8360687,33
726,session_builder,8372974,195
726,OTPK_exists,8372999,31
727,session_builder,8385251,365
727,OTPK_exists,8385301,143
728,session_builder,8395863,485
728,OTPK_exists,8395933,189
729,session_builder,8406846,355
729,OTPK_exists,8406917,148
730,session_builder,8419380,237
730,OTPK_exists,8419415,103
731,session_builder,8430617,208
731,OTPK_exists,8430648,33
732,session_builder,8441166,222
732,OTPK_exists,8441197,83
733,session_builder,8452216,229
733,OTPK_exists,8452243,82
734,session_builder,8463236,228
734,OTPK_exists,8463266,84
735,session_builder,8475716,227
735,OTPK_exists,8475748,81
736,session_builder,8487917,230
736,OTPK_exists,8487941,79
737,session_builder,8499260,115
737,OTPK_exists,8499282,79
738,session_builder,8510229,115
738,OTPK_exists,8510259,98
739,session_builder,8520803,140
739,OTPK_exists,8520841,84
740,session_builder,8532207,56
740,OTPK_exists,8532228,61
741,session_builder,8543299,2163
741,OTPK_exists,8543341,103
742,session_builder,8555487,112
742,OTPK_exists,8555511,36
743,session_builder,8565734,97
743,OTPK_exists,8565759,58
744,session_builder,8577638,147
744,OTPK_exists,8577704,72
745,session_builder,8589773,98
745,OTPK_exists,8589789,24
746,session_builder,8600728,47
746,OTPK_exists,8600746,25
747,session_builder,8611444,210
747,OTPK_exists,8611509,75
748,session_builder,8623321,267
748,OTPK_exists,8623346,98
749,session_builder,8633747,356
749,OTPK_exists,8633800,171
750,session_builder,8644241,255
750,OTPK_exists,8644295,96
751,session_builder,8656862,709
751,OTPK_exists,8656935,151
752,session_builder,8667047,386
752,OTPK_exists,8667100,148
753,session_builder,8678205,273
753,OTPK_exists,8678235,95
754,session_builder,8690488,185
754,OTPK_exists,8690508,68
755,session_builder,8703028,174
755,OTPK_exists,8703045,34
756,session_builder,8715387,117
756,OTPK_exists,8715425,45
757,session_builder,8727964,173
757,OTPK_exists,8728025,33
758,session_builder,8740348,283
758,OTPK_exists,8740400,107
759,session_builder,8751743,290
759,OTPK_exists,8751793,77
760,session_builder,8764360,369
760,OTPK_exists,8764472,151
761,session_builder,8775170,277
761,OTPK_exists,8775202,94
762,session_builder,8786775,360
762,OTPK_exists,8786833,148
763,session_builder,8799386,15296
763,OTPK_exists,8799457,150
764,session_builder,8809542,327
764,OTPK_exists,8809591,105
765,session_builder,8822148,355
765,OTPK_exists,8822220,151
766,session_builder,8833270,361
766,OTPK_exists,8833342,169
767,session_builder,8844204,258
767,OTPK_exists,8844231,92
768,session_builder,8856645,360
768,OTPK_exists,8856715,165
769,session_builder,8868093,363
769,OTPK_exists,8868148,167
770,session_builder,8878454,293
770,OTPK_exists,8878506,105
771,session_builder,8889906,375
771,OTPK_exists,8889976,149
772,session_builder,8902414,377
772,OTPK_exists,8902480,150
773,session_builder,8912537,343
773,OTPK_exists,8912590,126
774,session_builder,8923775,232
774,OTPK_exists,8923798,86
775,session_builder,8935414,227
775,OTPK_exists,8935471,87
776,session_builder,8946337,267
776,OTPK_exists,8946368,84
777,session_builder,8956876,232
777,OTPK_exists,8956903,81
778,session_builder,8967647,353
778,OTPK_exists,8967718,148
779,session_builder,8979927,238
779,OTPK_exists,8979966,88
780,session_builder,8992164,696
780,OTPK_exists,8992219,145
781,session_builder,9002736,352
781,OTPK_exists,9002807,147
782,session_builder,9013804,360
782,OTPK_exists,9013873,146
783,session_builder,9024050,350
783,OTPK_exists,9024115,147
784,session_builder,9034176,351
784,OTPK_exists,9034246,152
785,session_builder,9045968,282
785,OTPK_exists,9046006,108
786,session_builder,9058562,354
786,OTPK_exists,9058633,146
787,session_builder,9070038,353
787,OTPK_exists,9070108,144
788,session_builder,9080699,283
788,OTPK_exists,9080746,112
789,session_builder,9092913,353
789,OTPK_exists,9092963,146
790,session_builder,9105526,350
790,OTPK_exists,9105597,145
791,session_builder,9115790,351
791,OTPK_exists,9115862,146
792,session_builder,9128427,353
792,OTPK_exists,9128498,148
793,session_builder,9140698,375
793,OTPK_exists,9140771,150
794,session_builder,9153293,358
794,OTPK_exists,9153363,150
795,session_builder,9165873,356
795,OTPK_exists,9165944,150
796,session_builder,9178508,358
796,OTPK_exists,9178580,150
797,session_builder,9191144,355
797,OTPK_exists,9191216,152
798,session_builder,9203770,358
798,OTPK_exists,9203840,150
799,session_builder,9215775,286
799,OTPK_exists,9215867,112
800,session_builder,9226137,356
800,OTPK_exists,9226200,389
801,session_builder,9238763,355
801,OTPK_exists,9238835,150
802,session_builder,9249268,352
802,OTPK_exists,9249340,146
803,session_builder,9259582,352
803,OTPK_exists,9259653,151
804,session_builder,9271328,256
804,OTPK_exists,9271362,96
805,session_builder,9282909,270
805,OTPK_exists,9282941,418
806,session_builder,9295037,355
806,OTPK_exists,9295108,151
807,session_builder,9306289,374
807,OTPK_exists,9306359,145
808,session_builder,9316828,355
808,OTPK_exists,9316918,148
809,session_builder,9327263,284
809,OTPK_exists,9327310,110
810,session_builder,9339469,281
810,OTPK_exists,9339520,112
811,session_builder,9349621,349
811,OTPK_exists,9349684,148
812,session_builder,9362248,352
812,OTPK_exists,9362386,443
813,session_builder,9374205,382
813,OTPK_exists,9374267,149
814,session_builder,9385048,352
814,OTPK_exists,9385117,145
815,session_builder,9396186,361
815,OTPK_exists,9396255,149
816,session_builder,9407761,352
816,OTPK_exists,9407823,164
817,session_builder,9419576,356
817,OTPK_exists,9419629,150
818,session_builder,9430699,355
818,OTPK_exists,9430760,143
819,session_builder,9441373,369
819,OTPK_exists,9441425,187
820,session_builder,9453096,366
820,OTPK_exists,9453165,148
821,session_builder,9465821,291
821,OTPK_exists,9465864,125
822,session_builder,9477437,255
822,OTPK_exists,9477489,135
823,session_builder,9490058,231
823,OTPK_exists,9490080,82
824,session_builder,9502633,351
824,OTPK_exists,9502705,149
825,session_builder,9515278,349
825,OTPK_exists,9515350,148
826,session_builder,9527915,349
826,OTPK_exists,9527987,147
827,session_builder,9540450,480
827,OTPK_exists,9540526,164
828,session_builder,9553094,349
828,OTPK_exists,9553165,148
829,session_builder,9564659,348
829,OTPK_exists,9564731,147
830,session_builder,9575283,287
830,OTPK_exists,9575332,108
831,session_builder,9586792,351
831,OTPK_exists,9586863,146
832,session_builder,9599298,350
832,OTPK_exists,9599352,145
833,session_builder,9610816,353
833,OTPK_exists,9610886,147
834,session_builder,9621335,373
834,OTPK_exists,9621405,492
835,session_builder,9632953,350
835,OTPK_exists,9633005,145
836,session_builder,9644439,292
836,OTPK_exists,9644474,111
837,session_builder,9655112,424
837,OTPK_exists,9655185,162
838,session_builder,9666342,363
838,OTPK_exists,9666413,148
839,session_builder,9677593,379
839,OTPK_exists,9677665,146
840,session_builder,9688935,337
840,OTPK_exists,9688971,111
841,session_builder,9700285,372
841,OTPK_exists,9700361,144
842,session_builder,9710411,288
842,OTPK_exists,9710457,113
843,session_builder,9723003,368
843,OTPK_exists,9723056,150
844,session_builder,9735620,368
844,OTPK_exists,9735692,151
845,session_builder,9748228,240
845,OTPK_exists,9748252,85
846,session_builder,9760640,174
846,OTPK_exists,9760668,83
847,session_builder,9771815,281
847,OTPK_exists,9771867,108
848,session_builder,9782725,270
848,OTPK_exists,9782750,126
849,session_builder,9793739,234
849,OTPK_exists,9793778,85
850,session_builder,9805069,237
850,OTPK_exists,9805090,83
851,session_builder,9816387,255
851,OTPK_exists,9816410,103
852,session_builder,9828964,360
852,OTPK_exists,9829036,150
853,session_builder,9841083,281
853,OTPK_exists,9841164,128
854,session_builder,9852189,232
854,OTPK_exists,9852216,86
855,session_builder,9864774,225
855,OTPK_exists,9864826,14022
856,session_builder,9876091,286
856,OTPK_exists,9876154,111
857,session_builder,9886830,360
857,OTPK_exists,9886899,150
858,session_builder,9897262,272
858,OTPK_exists,9897288,92
859,session_builder,9907785,236
859,OTPK_exists,9907807,84
860,session_builder,9918817,225
860,OTPK_exists,9918838,87
861,session_builder,9931359,66
861,OTPK_exists,9931378,33
862,session_builder,9943937,118
862,OTPK_exists,9943960,49
863,session_builder,9956462,62
863,OTPK_exists,9956480,30
864,session_builder,9968348,53
864,OTPK_exists,9968407,25
865,session_builder,9978798,235
865,OTPK_exists,9978836,81
866,session_builder,9991390,367
866,OTPK_exists,9991463,152
867,session_builder,10004017,364
867,OTPK_exists,10004089,148
868,session_builder,10016198,284
868,OTPK_exists,10016234,107
869,session_builder,10026498,349
869,OTPK_exists,10026552,153
870,session_builder,10037073,359
870,OTPK_exists,10037144,142
871,session_builder,10049599,381
871,OTPK_exists,10049672,144
872,session_builder,10060843,375
872,OTPK_exists,10060911,148
873,session_builder,10071233,362
873,OTPK_exists,10071305,152
874,session_builder,10082902,581
874,OTPK_exists,10082954,150
875,session_builder,10093846,354
875,OTPK_exists,10093915,430
876,session_builder,10105106,352
876,OTPK_exists,10105175,144
877,session_builder,10116252,355
877,OTPK_exists,10116322,152
878,session_builder,10127598,419
878,OTPK_exists,10127668,151
879,session_builder,10138856,354
879,OTPK_exists,10138925,145
880,session_builder,10151218,240
880,OTPK_exists,10151249,101
881,session_builder,10161756,309
881,OTPK_exists,10161814,146
882,session_builder,10174172,540
882,OTPK_exists,10174250,180
883,session_builder,10185701,227
883,OTPK_exists,10185723,84
884,session_builder,10198243,72
884,OTPK_exists,10198262,36
885,session_builder,10209141,118
885,OTPK_exists,10209160,46
886,session_builder,10219878,67
886,OTPK_exists,10219895,33
887,session_builder,10232412,63
887,OTPK_exists,10232428,31
888,session_builder,10243784,53
888,OTPK_exists,10243802,27
889,session_builder,10256364,48
889,OTPK_exists,10256378,24
890,session_builder,10266578,53
890,OTPK_exists,10266592,26
891,session_builder,10276654,276
891,OTPK_exists,10276689,84
892,session_builder,10288611,315
892,OTPK_exists,10288662,115
893,session_builder,10301220,354
893,OTPK_exists,10301291,148
894,session_builder,10311811,252
894,OTPK_exists,10311845,94
895,session_builder,10324271,620
895,OTPK_exists,10324344,145
896,session_builder,10336784,361
896,OTPK_exists,10336863,145
897,session_builder,10349268,266
897,OTPK_exists,10349309,83
898,session_builder,10359404,218
898,OTPK_exists,10359434,53
899,session_builder,10371607,352
899,OTPK_exists,10371680,146
900,session_builder,10384248,252
900,OTPK_exists,10384319,96
901,session_builder,10396884,353
901,OTPK_exists,10396954,144
902,session_builder,10408155,361
902,OTPK_exists,10408226,145
903,session_builder,10420099,349
903,OTPK_exists,10420169,148
904,session_builder,10431872,282
904,OTPK_exists,10431897,92
905,session_builder,10441957,119
905,OTPK_exists,10441977,51
906,session_builder,10453713,68
906,OTPK_exists,10453733,34
907,session_builder,10465736,67
907,OTPK_exists,10465754,34
908,session_builder,10477469,69
908,OTPK_exists,10477501,34
909,session_builder,10487689,64
909,OTPK_exists,10487705,31
910,session_builder,10499228,52
910,OTPK_exists,10499242,27
911,session_builder,10510623,51
911,OTPK_exists,10510689,29
912,session_builder,10521223,205
912,OTPK_exists,10521257,74
913,session_builder,10533436,351
913,OTPK_exists,10533489,150
914,session_builder,10545889,279
914,OTPK_exists,10545939,109
915,session_builder,10556020,347
915,OTPK_exists,10556081,149
916,session_builder,10566215,353
916,OTPK_exists,10566267,148
917,session_builder,10577959,279
917,OTPK_exists,10578005,109
918,session_builder,10589020,322
918,OTPK_exists,10589055,111
919,session_builder,10599269,696
919,OTPK_exists,10599340,146
920,session_builder,10611727,254
920,OTPK_exists,10611763,91
921,session_builder,10622922,370
921,OTPK_exists,10622975,480
922,session_builder,10635529,361
922,OTPK_exists,10635601,149
923,session_builder,10646588,250
923,OTPK_exists,10646617,95
924,session_builder,10656939,409
924,OTPK_exists,10657006,159
925,session_builder,10668455,352
925,OTPK_exists,10668514,148
926,session_builder,10678638,265
926,OTPK_exists,10678679,99
927,session_builder,10691076,230
927,OTPK_exists,10691098,98
928,session_builder,10702214,354
928,OTPK_exists,10702278,148
929,session_builder,10712617,273
929,OTPK_exists,10712660,109
930,session_builder,10724462,368
930,OTPK_exists,10724521,166
931,session_builder,10735083,355
931,OTPK_exists,10735152,150
932,session_builder,10745483,274
932,OTPK_exists,10745522,104
933,session_builder,10757795,478
933,OTPK_exists,10757871,143
934,session_builder,10768819,730
934,OTPK_exists,10768888,153
935,session_builder,10779813,260
935,OTPK_exists,10779857,96
936,session_builder,10790047,350
936,OTPK_exists,10790117,144
937,session_builder,10802572,726
937,OTPK_exists,10802642,161
938,session_builder,10813754,258
938,OTPK_exists,10813798,92
939,session_builder,10825065,371
939,OTPK_exists,10825136,145
940,session_builder,10837702,367
940,OTPK_exists,10837775,149
941,session_builder,10850048,315
941,OTPK_exists,10850099,110
942,session_builder,10860538,360
942,OTPK_exists,10860608,203
943,session_builder,10872735,398
943,OTPK_exists,10872807,145
944,session_builder,10883388,292
944,OTPK_exists,10883466,108
945,session_builder,10896025,358
945,OTPK_exists,10896096,149
946,session_builder,10908392,364
946,OTPK_exists,10908462,150
947,session_builder,10921043,263
947,OTPK_exists,10921118,412
948,session_builder,10932607,350
948,OTPK_exists,10932677,151
949,session_builder,10942764,298
949,OTPK_exists,10942813,110
950,session_builder,10954080,355
950,OTPK_exists,10954143,148
951,session_builder,10965965,354
951,OTPK_exists,10965999,148
952,session_builder,10976091,288
952,OTPK_exists,10976139,127
953,session_builder,10986771,279
953,OTPK_exists,10986860,112
954,session_builder,10999268,353
954,OTPK_exists,10999340,151
955,session_builder,11009452,333
955,OTPK_exists,11009499,125
956,session_builder,11020668,295
956,OTPK_exists,11020720,110
957,session_builder,11031734,279
957,OTPK_exists,11031786,127
958,session_builder,11041928,430
958,OTPK_exists,11042001,148
959,session_builder,11054558,348
959,OTPK_exists,11054618,444
960,session_builder,11065781,348
960,OTPK_exists,11065853,150
961,session_builder,11076035,346
961,OTPK_exists,11076102,149
962,session_builder,11086889,353
962,OTPK_exists,11086956,149
963,session_builder,11099520,350
963,OTPK_exists,11099592,150
964,session_builder,11111674,351
964,OTPK_exists,11111744,148
965,session_builder,11124330,351
965,OTPK_exists,11124401,148
966,session_builder,11136965,353
966,OTPK_exists,11137037,147
967,session_builder,11149355,351
967,OTPK_exists,11149425,149
968,session_builder,11161988,352
968,OTPK_exists,11162060,150
969,session_builder,11173638,523
969,OTPK_exists,11173704,150
970,session_builder,11186265,352
970,OTPK_exists,11186337,150
971,session_builder,11196402,348
971,OTPK_exists,11196472,153
972,session_builder,11207396,348
972,OTPK_exists,11207465,145
973,session_builder,11218763,359
973,OTPK_exists,11218832,148
974,session_builder,11230533,351
974,OTPK_exists,11230581,150
975,session_builder,11241942,279
975,OTPK_exists,11241994,108
976,session_builder,11252545,381
976,OTPK_exists,11252614,149
977,session_builder,11263790,290
977,OTPK_exists,11263839,108
978,session_builder,11274783,354
978,OTPK_exists,11274901,149
979,session_builder,11286517,371
979,OTPK_exists,11286558,145
980,session_builder,11297579,527
980,OTPK_exists,11297648,150
981,session_builder,11308480,369
981,OTPK_exists,11308547,150
982,session_builder,11321111,367
982,OTPK_exists,11321184,150
983,session_builder,11333749,365
983,OTPK_exists,11333821,149
984,session_builder,11346388,363
984,OTPK_exists,11346461,150
985,session_builder,11359027,366
985,OTPK_exists,11359099,154
986,session_builder,11371664,366
986,OTPK_exists,11371737,150
987,session_builder,11384303,367
987,OTPK_exists,11384376,150
988,session_builder,11396942,366
988,OTPK_exists,11397015,151
989,session_builder,11409581,365
989,OTPK_exists,11409654,150
990,session_builder,11421063,372
990,OTPK_exists,11421137,148
991,session_builder,11433701,369
991,OTPK_exists,11433772,149
992,session_builder,11443830,283
992,OTPK_exists,11443864,110
993,session_builder,11455257,491
993,OTPK_exists,11455328,151
994,session_builder,11465785,352
994,OTPK_exists,11465860,148
995,session_builder,11476092,281
995,OTPK_exists,11476142,111
996,session_builder,11488251,351
996,OTPK_exists,11488324,143
997,session_builder,11499269,350
997,OTPK_exists,11499339,148
998,session_builder,11511057,301
998,OTPK_exists,11511107,106
999,session_builder,11522821,368
999,OTPK_exists,11522873,148
1000,session_builder,11533992,426
1000,OTPK_exists,11534046,427
1001,session_builder,11544613,279
1001,OTPK_exists,11544641,111
1002,session_builder,11555975,369
1002,OTPK_exists,11556047,150
1003,session_builder,11568270,427
1003,OTPK_exists,11568330,151
1004,session_builder,11579056,286
1004,OTPK_exists,11579085,94
1005,session_builder,11590127,362
1005,OTPK_exists,11590572,142
1006,session_builder,11602084,346
1006,OTPK_exists,11602147,154
1007,session_builder,11612534,377
1007,OTPK_exists,11612603,145
1008,session_builder,11623674,347
1008,OTPK_exists,11623745,148
1009,session_builder,11635747,348
1009,OTPK_exists,11635801,146
1010,session_builder,11646954,351
1010,OTPK_exists,11647007,150
1011,session_builder,11657989,353
1011,OTPK_exists,11658049,149
1012,session_builder,11669175,351
1012,OTPK_exists,11669224,150
1013,session_builder,11680384,349
1013,OTPK_exists,11680433,150
1014,session_builder,11692997,350
1014,OTPK_exists,11693068,148
1015,session_builder,11705634,351
1015,OTPK_exists,11705705,153
1016,session_builder,11715791,350
1016,OTPK_exists,11715863,151
1017,session_builder,11728482,365
1017,OTPK_exists,11728554,144
1018,session_builder,11741066,355
1018,OTPK_exists,11741138,147
1019,session_builder,11751292,464
1019,OTPK_exists,11751367,145
1020,session_builder,11763932,350
1020,OTPK_exists,11764004,148
1021,session_builder,11775643,346
1021,OTPK_exists,11775714,148
1022,session_builder,11786792,352
1022,OTPK_exists,11786862,147
1023,session_builder,11799269,347
1023,OTPK_exists,11799341,146
1024,session_builder,11810025,281
1024,OTPK_exists,11810075,111
1025,session_builder,11822633,355
1025,OTPK_exists,11822705,147
1026,session_builder,11835270,351
1026,OTPK_exists,11835341,147
1027,session_builder,11847905,352
1027,OTPK_exists,11847976,146
1028,session_builder,11860238,361
1028,OTPK_exists,11860312,148
1029,session_builder,11871538,314
1029,OTPK_exists,11871574,109
1030,session_builder,11882229,413
1030,OTPK_exists,11882297,152
1031,session_builder,11894296,294
1031,OTPK_exists,11894334,107
1032,session_builder,11905040,432
1032,OTPK_exists,11905111,151
1033,session_builder,11916583,263
1033,OTPK_exists,11916610,57
1034,session_builder,11928483,284
1034,OTPK_exists,11928538,106
1035,session_builder,11939467,359
1035,OTPK_exists,11939521,143
1036,session_builder,11950031,304
1036,OTPK_exists,11950079,110
1037,session_builder,11960445,345
1037,OTPK_exists,11960515,149
1038,session_builder,11973126,360
1038,OTPK_exists,11973187,147
1039,session_builder,11985006,399
1039,OTPK_exists,11985077,181
1040,session_builder,11995246,296
1040,OTPK_exists,11995279,407
1041,session_builder,12006287,353
1041,OTPK_exists,12006356,148
1042,session_builder,12017523,353
1042,OTPK_exists,12017592,150
1043,session_builder,12028792,361
1043,OTPK_exists,12028860,150
1044,session_builder,12040075,343
1044,OTPK_exists,12040146,150
1045,session_builder,12051985,344
1045,OTPK_exists,12052047,146
1046,session_builder,12062752,358
1046,OTPK_exists,12062816,148
1047,session_builder,12075322,385
1047,OTPK_exists,12075379,153
1048,session_builder,12087945,363
1048,OTPK_exists,12088017,151
1049,session_builder,12100581,356
1049,OTPK_exists,12100654,151
1050,session_builder,12113207,353
1050,OTPK_exists,12113278,150
1051,session_builder,12125843,353
1051,OTPK_exists,12125916,150
1052,session_builder,12138480,359
1052,OTPK_exists,12138552,149
1053,session_builder,12151118,359
1053,OTPK_exists,12151189,150
1054,session_builder,12163837,351
1054,OTPK_exists,12163905,151
1055,session_builder,12175896,347
1055,OTPK_exists,12175956,150
1056,session_builder,12186771,373
1056,OTPK_exists,12186823,146
1057,session_builder,12199298,353
1057,OTPK_exists,12199353,145
1058,session_builder,12210485,358
1058,OTPK_exists,12210554,143
1059,session_builder,12221380,354
1059,OTPK_exists,12221433,148
1060,session_builder,12231568,359
1060,OTPK_exists,12231627,145
1061,session_builder,12242565,353
1061,OTPK_exists,12242636,149
1062,session_builder,12253903,347
1062,OTPK_exists,12253968,150
1063,session_builder,12265009,355
1063,OTPK_exists,12265079,146
1064,session_builder,12275510,353
1064,OTPK_exists,12275581,149
1065,session_builder,12287073,571
1065,OTPK_exists,12287143,156
1066,session_builder,12299248,369
1066,OTPK_exists,12299301,157
1067,session_builder,12310324,311
1067,OTPK_exists,12310370,125
1068,session_builder,12322562,355
1068,OTPK_exists,12322633,169
1069,session_builder,12333318,398
1069,OTPK_exists,12333372,153
1070,session_builder,12345154,362
1070,OTPK_exists,12345238,150
1071,session_builder,12355416,355
1071,OTPK_exists,12355481,146
1072,session_builder,12365830,349
1072,OTPK_exists,12365907,147
1073,session_builder,12377390,286
1073,OTPK_exists,12377437,113
1074,session_builder,12388946,443
1074,OTPK_exists,12389000,147
1075,session_builder,12401053,294
1075,OTPK_exists,12401100,108
1076,session_builder,12411473,292
1076,OTPK_exists,12411522,108
1077,session_builder,12422547,370
1077,OTPK_exists,12422617,143
1078,session_builder,12435186,357
1078,OTPK_exists,12435258,150
1079,session_builder,12446518,257
1079,OTPK_exists,12446544,95
1080,session_builder,12458887,356
1080,OTPK_exists,12458950,145
1081,session_builder,12469015,303
1081,OTPK_exists,12469056,108
1082,session_builder,12481499,659
1082,OTPK_exists,12481527,94
1083,session_builder,12492715,354
1083,OTPK_exists,12492768,150
1084,session_builder,12502840,394
1084,OTPK_exists,12502909,162
1085,session_builder,12513511,257
1085,OTPK_exists,12513547,98
1086,session_builder,12525615,357
1086,OTPK_exists,12525670,149
1087,session_builder,12535757,358
1087,OTPK_exists,12535810,146
1088,session_builder,12546056,288
1088,OTPK_exists,12546103,112
1089,session_builder,12557982,352
1089,OTPK_exists,12558041,147
1090,session_builder,12569170,354
1090,OTPK_exists,12569218,146
1091,session_builder,12579645,580
1091,OTPK_exists,12579685,92
1092,session_builder,12592270,351
1092,OTPK_exists,12592342,147
1093,session_builder,12603112,352
1093,OTPK_exists,12603184,147
1094,session_builder,12613630,283
1094,OTPK_exists,12613678,112
1095,session_builder,12625694,352
1095,OTPK_exists,12625764,147
1096,session_builder,12638328,355
1096,OTPK_exists,12638399,148
1097,session_builder,12649255,276
1097,OTPK_exists,12649307,108
1098,session_builder,12660472,354
1098,OTPK_exists,12660543,145
1099,session_builder,12673106,352
1099,OTPK_exists,12673178,150
1100,session_builder,12685736,282
1100,OTPK_exists,12685825,109
1101,session_builder,12698389,692
1101,OTPK_exists,12698460,146
1102,session_builder,12708975,29449
1102,OTPK_exists,12709053,681
1103,session_builder,12721620,364
1103,OTPK_exists,12721692,149
1104,session_builder,12734257,352
1104,OTPK_exists,12734329,149
1105,session_builder,12746893,352
1105,OTPK_exists,12746963,148
1106,session_builder,12759112,344
1106,OTPK_exists,12759183,150
1107,session_builder,12771793,412
1107,OTPK_exists,12771851,145
1108,session_builder,12783242,352
1108,OTPK_exists,12783293,149
1109,session_builder,12793891,402
1109,OTPK_exists,12793963,148
1110,session_builder,12805055,360
1110,OTPK_exists,12805125,148
1111,session_builder,12816302,283
1111,OTPK_exists,12816352,110
1112,session_builder,12827393,385
1112,OTPK_exists,12827466,172
1113,session_builder,12838028,366
1113,OTPK_exists,12838100,150
1114,session_builder,12849255,286
1114,OTPK_exists,12849306,109
1115,session_builder,12860608,283
1115,OTPK_exists,12860660,108
1116,session_builder,12872719,356
1116,OTPK_exists,12872793,216
1117,session_builder,12885342,362
1117,OTPK_exists,12885464,175
1118,session_builder,12895681,346
1118,OTPK_exists,12895709,88
1119,session_builder,12906176,510
1119,OTPK_exists,12906220,100
1120,session_builder,12917151,271
1120,OTPK_exists,12917192,116
1121,session_builder,12927955,240
1121,OTPK_exists,12927999,87
1122,session_builder,12938097,231
1122,OTPK_exists,12938126,84
1123,session_builder,12950895,244
1123,OTPK_exists,12950920,123
1124,session_builder,12963231,347
1124,OTPK_exists,12963296,148
1125,session_builder,12973766,349
1125,OTPK_exists,12973834,150
1126,session_builder,12984462,240
1126,OTPK_exists,12984497,87
1127,session_builder,12995714,280
1127,OTPK_exists,12995739,146
1128,session_builder,13006586,266
1128,OTPK_exists,13006612,83
1129,session_builder,13018645,255
1129,OTPK_exists,13018685,111
1130,session_builder,13030167,355
1130,OTPK_exists,13030226,159
1131,session_builder,13040862,372
1131,OTPK_exists,13040910,156
1132,session_builder,13051506,249
1132,OTPK_exists,13051548,109
1133,session_builder,13064164,358
1133,OTPK_exists,13064238,143
1134,session_builder,13076127,381
1134,OTPK_exists,13076198,165
1135,session_builder,13087858,345
1135,OTPK_exists,13087927,145
1136,session_builder,13099260,314
1136,OTPK_exists,13099314,151
1137,session_builder,13110844,301
1137,OTPK_exists,13110889,500
1138,session_builder,13123446,350
1138,OTPK_exists,13123516,149
1139,session_builder,13136131,350
1139,OTPK_exists,13136202,149
1140,session_builder,13147205,343
1140,OTPK_exists,13147324,113
1141,session_builder,13159704,357
1141,OTPK_exists,13159776,153
1142,session_builder,13171865,300
1142,OTPK_exists,13171920,113
1143,session_builder,13184462,356
1143,OTPK_exists,13184519,149
1144,session_builder,13197083,363
1144,OTPK_exists,13197155,152
1145,session_builder,13209709,361
1145,OTPK_exists,13209779,152
1146,session_builder,13222450,373
1146,OTPK_exists,13222520,144
1147,session_builder,13232857,350
1147,OTPK_exists,13232905,146
1148,session_builder,13244875,281
1148,OTPK_exists,13244908,107
1149,session_builder,13255924,354
1149,OTPK_exists,13256007,145
1150,session_builder,13266198,418
1150,OTPK_exists,13266268,148
1151,session_builder,13276576,280
1151,OTPK_exists,13276636,109
1152,session_builder,13287409,297
1152,OTPK_exists,13287443,93
1153,session_builder,13300005,361
1153,OTPK_exists,13300076,154
1154,session_builder,13311122,285
1154,OTPK_exists,13311171,109
1155,session_builder,13322196,218
1155,OTPK_exists,13322223,86
1156,session_builder,13333652,361
1156,OTPK_exists,13333724,145
1157,session_builder,13346291,259
1157,OTPK_exists,13346317,93
1158,session_builder,13356398,346
1158,OTPK_exists,13356452,120
1159,session_builder,13367462,249
1159,OTPK_exists,13367487,41
1160,session_builder,13377862,279
1160,OTPK_exists,13377894,52
1161,session_builder,13388304,252
1161,OTPK_exists,13388338,95
1162,session_builder,13399239,285
1162,OTPK_exists,13399270,111
1163,session_builder,13410032,352
1163,OTPK_exists,13410103,148
1164,session_builder,13420959,193
1164,OTPK_exists,13420999,50
1165,session_builder,13433554,349
1165,OTPK_exists,13433625,151
1166,session_builder,13445388,278
1166,OTPK_exists,13445439,113
1167,session_builder,13456213,722
1167,OTPK_exists,13456286,153
1168,session_builder,13468353,349
1168,OTPK_exists,13468426,152
1169,session_builder,13480020,307
1169,OTPK_exists,13480068,104
1170,session_builder,13491208,356
1170,OTPK_exists,13491265,78
1171,session_builder,13501382,354
1171,OTPK_exists,13501457,159
1172,session_builder,13511942,234
1172,OTPK_exists,13511978,83
1173,session_builder,13523305,225
1173,OTPK_exists,13523357,85
1174,session_builder,13534976,350
1174,OTPK_exists,13535027,113
1175,session_builder,13547407,361
1175,OTPK_exists,13547462,149
1176,session_builder,13560017,348
1176,OTPK_exists,13560083,150
1177,session_builder,13571689,349
1177,OTPK_exists,13571762,145
1178,session_builder,13584328,350
1178,OTPK_exists,13584401,151
1179,session_builder,13594559,349
1179,OTPK_exists,13594609,152
1180,session_builder,13607172,356
1180,OTPK_exists,13607243,149
1181,session_builder,13619814,355
1181,OTPK_exists,13619885,148
1182,session_builder,13632449,352
1182,OTPK_exists,13632521,148
1183,session_builder,13643535,379
1183,OTPK_exists,13643605,143
1184,session_builder,13656163,282
1184,OTPK_exists,13656256,112
1185,session_builder,13668822,368
1185,OTPK_exists,13668895,148
1186,session_builder,13680882,286
1186,OTPK_exists,13680981,106
1187,session_builder,13693551,237
1187,OTPK_exists,13693618,88
1188,session_builder,13705875,343
1188,OTPK_exists,13705937,147
1189,session_builder,13716139,352
1189,OTPK_exists,13716192,147
1190,session_builder,13728365,346
1190,OTPK_exists,13728418,147
1191,session_builder,13739641,381
1191,OTPK_exists,13739700,147
1192,session_builder,13750014,358
1192,OTPK_exists,13750082,151
1193,session_builder,13761286,375
1193,OTPK_exists,13761352,146
1194,session_builder,13772535,368
1194,OTPK_exists,13772605,148
1195,session_builder,13782860,352
1195,OTPK_exists,13782930,147
1196,session_builder,13793107,279
1196,OTPK_exists,13793159,107
1197,session_builder,13805717,351
1197,OTPK_exists,13805789,145
1198,session_builder,13816322,273
1198,OTPK_exists,13816358,111
1199,session_builder,13828210,280
1199,OTPK_exists,13828246,111
1200,session_builder,13840822,379
1200,OTPK_exists,13840877,147
1201,session_builder,13851271,352
1201,OTPK_exists,13851340,146
1202,session_builder,13863397,371
1202,OTPK_exists,13863468,151
1203,session_builder,13874962,352
1203,OTPK_exists,13875036,148
1204,session_builder,13885145,423
1204,OTPK_exists,13885210,170
1205,session_builder,13897364,354
1205,OTPK_exists,13897439,176
1206,session_builder,13907529,353
1206,OTPK_exists,13907600,160
1207,session_builder,13919115,356
1207,OTPK_exists,13919164,149
1208,session_builder,13929570,361
1208,OTPK_exists,13929642,145
1209,session_builder,13940529,239
1209,OTPK_exists,13940560,88
1210,session_builder,13952914,224
1210,OTPK_exists,13952956,107
1211,session_builder,13963753,358
1211,OTPK_exists,13963822,167
1212,session_builder,13975353,426
1212,OTPK_exists,13975402,210
1213,session_builder,13986151,351
1213,OTPK_exists,13986211,89
1214,session_builder,13998775,346
1214,OTPK_exists,13998846,148
1215,session_builder,14010372,357
1215,OTPK_exists,14010441,145
1216,session_builder,14020506,295
1216,OTPK_exists,14020552,80
1217,session_builder,14031278,359
1217,OTPK_exists,14031347,145
1218,session_builder,14043734,282
1218,OTPK_exists,14043775,112
1219,session_builder,14053937,223
1219,OTPK_exists,14053973,58
1220,session_builder,14065795,398
1220,OTPK_exists,14065859,150
1221,session_builder,14077088,349
1221,OTPK_exists,14077149,147
1222,session_builder,14087355,228
1222,OTPK_exists,14087408,109
1223,session_builder,14099248,355
1223,OTPK_exists,14099299,145
1224,session_builder,14110462,355
1224,OTPK_exists,14110528,145
1225,session_builder,14121900,357
1225,OTPK_exists,14121971,150
1226,session_builder,14132539,384
1226,OTPK_exists,14132609,145
1227,session_builder,14143691,971
1227,OTPK_exists,14143770,148
1228,session_builder,14154104,347
1228,OTPK_exists,14154176,147
1229,session_builder,14165793,353
1229,OTPK_exists,14165866,151
1230,session_builder,14176794,418
1230,OTPK_exists,14176865,145
1231,session_builder,14187068,398
1231,OTPK_exists,14187164,151
1232,session_builder,14199790,366
1232,OTPK_exists,14199863,147
1233,session_builder,14211191,384
1233,OTPK_exists,14211261,154
1234,session_builder,14222745,353
1234,OTPK_exists,14222801,148
1235,session_builder,14235356,343
1235,OTPK_exists,14235408,150
1236,session_builder,14246163,417
1236,OTPK_exists,14246215,147
1237,session_builder,14256265,386
1237,OTPK_exists,14256333,151
1238,session_builder,14267519,355
1238,OTPK_exists,14267589,144
1239,session_builder,14278261,293
1239,OTPK_exists,14278311,109
1240,session_builder,14289105,376
1240,OTPK_exists,14289167,115
1241,session_builder,14301725,436
1241,OTPK_exists,14301756,52
1242,session_builder,14312535,417
1242,OTPK_exists,14312605,151
1243,session_builder,14323788,364
1243,OTPK_exists,14323859,146
1244,session_builder,14335010,352
1244,OTPK_exists,14335079,173
1245,session_builder,14345310,283
1245,OTPK_exists,14345358,111
1246,session_builder,14357532,380
1246,OTPK_exists,14357603,153
1247,session_builder,14368794,372
1247,OTPK_exists,14368863,145
1248,session_builder,14380051,361
1248,OTPK_exists,14380121,152
1249,session_builder,14391444,300
1249,OTPK_exists,14391471,95
1250,session_builder,14402731,349
1250,OTPK_exists,14402795,148
1251,session_builder,14414224,253
1251,OTPK_exists,14414259,102
1252,session_builder,14426858,539
1252,OTPK_exists,14426930,145
1253,session_builder,14437292,281
1253,OTPK_exists,14437330,106
1254,session_builder,14449239,255
1254,OTPK_exists,14449303,96
1255,session_builder,14460166,358
1255,OTPK_exists,14460239,149
1256,session_builder,14470335,349
1256,OTPK_exists,14470388,152
1257,session_builder,14481114,284
1257,OTPK_exists,14481229,114
1258,session_builder,14493803,286
1258,OTPK_exists,14493840,110
1259,session_builder,14503905,342
1259,OTPK_exists,14503974,145
1260,session_builder,14515759,280
1260,OTPK_exists,14515803,133
1261,session_builder,14526930,367
1261,OTPK_exists,14526991,144
1262,session_builder,14537539,425
1262,OTPK_exists,14537610,165
1263,session_builder,14547974,285
1263,OTPK_exists,14548024,114
1264,session_builder,14560670,359
1264,OTPK_exists,14560737,149
1265,session_builder,14572583,358
1265,OTPK_exists,14572641,154
1266,session_builder,14585206,366
1266,OTPK_exists,14585280,151
1267,session_builder,14597846,347
1267,OTPK_exists,14597917,145
1268,session_builder,14610410,351
1268,OTPK_exists,14610480,145
1269,session_builder,14623099,350
1269,OTPK_exists,14623173,146
1270,session_builder,14635744,350
1270,OTPK_exists,14635817,148
1271,session_builder,14648381,350
1271,OTPK_exists,14648452,148
1272,session_builder,14660096,350
1272,OTPK_exists,14660168,148
1273,session_builder,14672462,477
1273,OTPK_exists,14672538,155
1274,session_builder,14685134,351
1274,OTPK_exists,14685201,147
1275,session_builder,14695339,352
1275,OTPK_exists,14695390,145
1276,session_builder,14706986,349
1276,OTPK_exists,14707049,145
1277,session_builder,14717820,367
1277,OTPK_exists,14717869,145
1278,session_builder,14729553,347
1278,OTPK_exists,14729608,147
1279,session_builder,14740355,354
1279,OTPK_exists,14740406,147
1280,session_builder,14751393,346
1280,OTPK_exists,14751458,145
1281,session_builder,14763299,595
1281,OTPK_exists,14763360,148
1282,session_builder,14774543,421
1282,OTPK_exists,14774607,145
1283,session_builder,14786425,284
1283,OTPK_exists,14786465,106
1284,session_builder,14797576,355
1284,OTPK_exists,14797671,148
1285,session_builder,14808379,350
1285,OTPK_exists,14808442,147
1286,session_builder,14819815,307
1286,OTPK_exists,14819854,107
1287,session_builder,14831025,280
1287,OTPK_exists,14831063,108
1288,session_builder,14842785,362
1288,OTPK_exists,14842878,146
1289,session_builder,14852981,401
1289,OTPK_exists,14853054,146
1290,session_builder,14863989,371
1290,OTPK_exists,14864062,142
1291,session_builder,14876176,722
1291,OTPK_exists,14876230,150
1292,session_builder,14886312,388
1292,OTPK_exists,14886366,161
1293,session_builder,14896424,283
1293,OTPK_exists,14896471,114
1294,session_builder,14908834,357
1294,OTPK_exists,14908900,150
1295,session_builder,14919346,298
1295,OTPK_exists,14919398,107
1296,session_builder,14930748,242
1296,OTPK_exists,14930776,86
1297,session_builder,14941825,373
1297,OTPK_exists,14941893,158
1298,session_builder,14952799,240
1298,OTPK_exists,14952845,77
1299,session_builder,14965408,367
1299,OTPK_exists,14965482,155
1300,session_builder,14977349,364
1300,OTPK_exists,14977421,509
1301,session_builder,14989985,366
1301,OTPK_exists,14990059,154
1302,session_builder,15002624,371
1302,OTPK_exists,15002697,151
1303,session_builder,15015263,368
1303,OTPK_exists,15015337,157
1304,session_builder,15027902,350
1304,OTPK_exists,15027973,148
1305,session_builder,15040003,351
1305,OTPK_exists,15040074,151
1306,session_builder,15051845,432
1306,OTPK_exists,15051921,175
1307,session_builder,15064526,356
1307,OTPK_exists,15064598,143
1308,session_builder,15074984,367
1308,OTPK_exists,15075056,149
1309,session_builder,15086791,350
1309,OTPK_exists,15086862,147
1310,session_builder,15099269,352
1310,OTPK_exists,15099340,148
1311,session_builder,15110732,391
1311,OTPK_exists,15110803,148
1312,session_builder,15123366,352
1312,OTPK_exists,15123439,152
1313,session_builder,15136002,352
1313,OTPK_exists,15136073,150
1314,session_builder,15148638,357
1314,OTPK_exists,15148710,150
1315,session_builder,15161273,349
1315,OTPK_exists,15161345,151
1316,session_builder,15173910,349
1316,OTPK_exists,15173981,148
1317,session_builder,15184807,350
1317,OTPK_exists,15184877,151
1318,session_builder,15197442,355
1318,OTPK_exists,15197513,151
1319,session_builder,15207746,354
1319,OTPK_exists,15207814,147
1320,session_builder,15220379,351
1320,OTPK_exists,15220449,146
1321,session_builder,15233014,351
1321,OTPK_exists,15233086,152
1322,session_builder,15244150,347
1322,OTPK_exists,15244221,148
1323,session_builder,15256221,358
1323,OTPK_exists,15256293,150
1324,session_builder,15268858,350
1324,OTPK_exists,15268930,147
1325,session_builder,15279388,347
1325,OTPK_exists,15279457,147
1326,session_builder,15290031,355
1326,OTPK_exists,15290102,148
1327,session_builder,15302652,715
1327,OTPK_exists,15302706,88
1328,session_builder,15315239,351
1328,OTPK_exists,15315311,146
1329,session_builder,15327896,347
1329,OTPK_exists,15327961,151
1330,session_builder,15340075,432
1330,OTPK_exists,15340135,145
1331,session_builder,15352701,347
1331,OTPK_exists,15362941,146
1332,session_builder,15374736,405
1332,OTPK_exists,15384262,145
1333,session_builder,15396850,570
1333,OTPK_exists,15404173,84
1334,session_builder,15415790,256
1334,OTPK_exists,15440763,93
1335,session_builder,15450839,251
1335,OTPK_exists,15450863,95
1336,session_builder,15463416,349
1336,OTPK_exists,15463487,148
1337,session_builder,15475048,354
1337,OTPK_exists,15475117,151
1338,session_builder,15486916,390
1338,OTPK_exists,15486985,148
1339,session_builder,15499518,240
1339,OTPK_exists,15499559,87
1340,session_builder,15511343,355
1340,OTPK_exists,15511407,152
1341,session_builder,15523970,355
1341,OTPK_exists,15524041,154
1342,session_builder,15536606,363
1342,OTPK_exists,15536678,151
1343,session_builder,15548364,279
1343,OTPK_exists,15548415,153
1344,session_builder,15560837,352
1344,OTPK_exists,15560908,166
1345,session_builder,15572519,360
1345,OTPK_exists,15572589,153
1346,session_builder,15583142,354
1346,OTPK_exists,15583212,147
1347,session_builder,15593399,283
1347,OTPK_exists,15593437,110
1348,session_builder,15605942,347
1348,OTPK_exists,15606014,143
1349,session_builder,15617870,343
1349,OTPK_exists,15617923,148
1350,session_builder,15628773,353
1350,OTPK_exists,15628842,145
1351,session_builder,15640626,283
1351,OTPK_exists,15640669,118
1352,session_builder,15652938,372
1352,OTPK_exists,15653068,151
1353,session_builder,15664010,359
1353,OTPK_exists,15664110,144
1354,session_builder,15674582,349
1354,OTPK_exists,15674639,145
1355,session_builder,15686786,731
1355,OTPK_exists,15686854,171
1356,session_builder,15696903,418
1356,OTPK_exists,15696976,147
1357,session_builder,15708402,418
1357,OTPK_exists,15708472,151
1358,session_builder,15719472,357
1358,OTPK_exists,15719525,148
1359,session_builder,15730732,347
1359,OTPK_exists,15730785,145
1360,session_builder,15741800,365
1360,OTPK_exists,15741854,147
1361,session_builder,15752919,347
1361,OTPK_exists,15752979,146
1362,session_builder,15764118,348
1362,OTPK_exists,15764179,148
1363,session_builder,15776742,353
1363,OTPK_exists,15776839,152
1364,session_builder,15789473,370
1364,OTPK_exists,15789546,149
1365,session_builder,15802146,353
1365,OTPK_exists,15802219,148
1366,session_builder,15813610,282
1366,OTPK_exists,15813661,111
1367,session_builder,15826218,352
1367,OTPK_exists,15826289,148
1368,session_builder,15836841,355
1368,OTPK_exists,15836913,149
1369,session_builder,15847621,287
1369,OTPK_exists,15847671,111
1370,session_builder,15860229,347
1370,OTPK_exists,15860301,148
1371,session_builder,15872644,355
1371,OTPK_exists,15872717,145
1372,session_builder,15885281,352
1372,OTPK_exists,15885352,148
1373,session_builder,15897964,350
1373,OTPK_exists,15898037,148
1374,session_builder,15910151,359
1374,OTPK_exists,15910222,150
1375,session_builder,15922538,349
1375,OTPK_exists,15922608,145
1376,session_builder,15932729,374
1376,OTPK_exists,15932784,156
1377,session_builder,15942862,412
1377,OTPK_exists,15942932,150
1378,session_builder,15955539,366
1378,OTPK_exists,15955612,151
1379,session_builder,15965952,374
1379,OTPK_exists,15965985,153
1380,session_builder,15977491,359
1380,OTPK_exists,15977561,150
1381,session_builder,15988786,392
1381,OTPK_exists,15988855,150
1382,session_builder,15999268,348
1382,OTPK_exists,15999340,148
1383,session_builder,16009455,348
1383,OTPK_exists,16009525,151
1384,session_builder,16022096,349
1384,OTPK_exists,16022167,148
1385,session_builder,16034727,285
1385,OTPK_exists,16034820,111
1386,session_builder,16045505,400
1386,OTPK_exists,16045565,145
1387,session_builder,16056237,282
1387,OTPK_exists,16056288,106
1388,session_builder,16067524,383
1388,OTPK_exists,16067595,146
1389,session_builder,16078023,374
1389,OTPK_exists,16078094,179
1390,session_builder,16090046,357
1390,OTPK_exists,16090116,151
1391,session_builder,16102055,357
1391,OTPK_exists,16102117,150
1392,session_builder,16113289,378
1392,OTPK_exists,16113352,148
1393,session_builder,16124083,743
1393,OTPK_exists,16124133,172
1394,session_builder,16135850,358
1394,OTPK_exists,16135905,143
1395,session_builder,16147842,363
1395,OTPK_exists,16147891,404
1396,session_builder,16158326,391
1396,OTPK_exists,16158393,147
1397,session_builder,16169085,388
1397,OTPK_exists,16169134,150
1398,session_builder,16179862,280
1398,OTPK_exists,16179908,112
1399,session_builder,16190260,389
1399,OTPK_exists,16190331,153
1400,session_builder,16201725,347
1400,OTPK_exists,16201791,149
1401,session_builder,16212266,282
1401,OTPK_exists,16212314,108
1402,session_builder,16224876,350
1402,OTPK_exists,16224947,146
1403,session_builder,16237069,405
1403,OTPK_exists,16237128,144
1404,session_builder,16249265,254
1404,OTPK_exists,16249301,95
1405,session_builder,16259571,349
1405,OTPK_exists,16259633,148
1406,session_builder,16269927,369
1406,OTPK_exists,16269997,151
1407,session_builder,16281071,262
1407,OTPK_exists,16281113,95
1408,session_builder,16292546,386
1408,OTPK_exists,16292619,170
1409,session_builder,16304592,392
1409,OTPK_exists,16304655,150
1410,session_builder,16315791,281
1410,OTPK_exists,16315837,106
1411,session_builder,16326574,346
1411,OTPK_exists,16326624,147
1412,session_builder,16338281,368
1412,OTPK_exists,16338339,143
1413,session_builder,16348396,254
1413,OTPK_exists,16348437,91
1414,session_builder,16360098,411
1414,OTPK_exists,16360173,145
1415,session_builder,16372726,365
1415,OTPK_exists,16372787,147
1416,session_builder,16383032,265
1416,OTPK_exists,16383063,96
1417,session_builder,16393765,356
1417,OTPK_exists,16393834,144
1418,session_builder,16405038,364
1418,OTPK_exists,16405112,152
1419,session_builder,16415767,257
1419,OTPK_exists,16415808,94
1420,session_builder,16428044,349
1420,OTPK_exists,16428101,145
1421,session_builder,16439612,406
1421,OTPK_exists,16439672,149
1422,session_builder,16450529,646
1422,OTPK_exists,16450574,110
1423,session_builder,16461412,493
1423,OTPK_exists,16461485,153
1424,session_builder,16473300,352
1424,OTPK_exists,16473354,144
1425,session_builder,16485490,358
1425,OTPK_exists,16485559,147
1426,session_builder,16495670,354
1426,OTPK_exists,16495726,151
1427,session_builder,16506783,354
1427,OTPK_exists,16506844,151
1428,session_builder,16517835,281
1428,OTPK_exists,16517869,111
1429,session_builder,16528131,358
1429,OTPK_exists,16528204,146
1430,session_builder,16540170,360
1430,OTPK_exists,16540223,147
1431,session_builder,16551257,361
1431,OTPK_exists,16551326,159
1432,session_builder,16561487,403
1432,OTPK_exists,16561559,145
1433,session_builder,16574152,347
1433,OTPK_exists,16574204,151
1434,session_builder,16585748,352
1434,OTPK_exists,16585800,146
1435,session_builder,16596984,344
1435,OTPK_exists,16597036,145
1436,session_builder,16608379,478
1436,OTPK_exists,16608450,150
1437,session_builder,16618748,351
1437,OTPK_exists,16618818,162
1438,session_builder,16630022,412
1438,OTPK_exists,16630091,148
1439,session_builder,16641461,276
1439,OTPK_exists,16641507,111
1440,session_builder,16653687,291
1440,OTPK_exists,16653732,109
1441,session_builder,16663858,260
1441,OTPK_exists,16663944,89
1442,session_builder,16674186,277
1442,OTPK_exists,16674223,182
1443,session_builder,16686751,241
1443,OTPK_exists,16686796,93
1444,session_builder,16699235,211
1444,OTPK_exists,16699255,84
1445,session_builder,16711700,227
1445,OTPK_exists,16711730,432
1446,session_builder,16722424,277
1446,OTPK_exists,16722445,101
1447,session_builder,16734636,224
1447,OTPK_exists,16734655,83
1448,session_builder,16745379,227
1448,OTPK_exists,16745396,81
1449,session_builder,16755928,299
1449,OTPK_exists,16755952,110
1450,session_builder,16766013,258
1450,OTPK_exists,16766042,84
1451,session_builder,16776717,352
1451,OTPK_exists,16776765,147
1452,session_builder,16787013,349
1452,OTPK_exists,16787076,148
1453,session_builder,16799250,368
1453,OTPK_exists,16799298,151
1454,session_builder,16811518,286
1454,OTPK_exists,16811585,108
1455,session_builder,16821772,377
1455,OTPK_exists,16821842,167
1456,session_builder,16834405,363
1456,OTPK_exists,16834476,153
1457,session_builder,16844817,453
1457,OTPK_exists,16844883,148
1458,session_builder,16856144,679
1458,OTPK_exists,16856217,173
1459,session_builder,16868782,359
1459,OTPK_exists,16868891,152
1460,session_builder,16879786,288
1460,OTPK_exists,16879822,111
1461,session_builder,16890582,381
1461,OTPK_exists,16890652,144
1462,session_builder,16903256,348
1462,OTPK_exists,16903328,146
1463,session_builder,16915765,283
1463,OTPK_exists,16915815,111
1464,session_builder,16928373,348
1464,OTPK_exists,16928444,149
1465,session_builder,16940736,374
1465,OTPK_exists,16940788,152
1466,session_builder,16953352,352
1466,OTPK_exists,16953423,148
1467,session_builder,16965818,355
1467,OTPK_exists,16965893,144
1468,session_builder,16978447,357
1468,OTPK_exists,16978516,148
1469,session_builder,16991067,361
1469,OTPK_exists,16991136,149
1470,session_builder,17003700,358
1470,OTPK_exists,17003772,149
1471,session_builder,17016337,360
1471,OTPK_exists,17016408,152
1472,session_builder,17028023,389
1472,OTPK_exists,17028093,165
1473,session_builder,17039501,364
1473,OTPK_exists,17039568,152
1474,session_builder,17052133,361
1474,OTPK_exists,17052204,151
1475,session_builder,17064816,372
1475,OTPK_exists,17064888,145
1476,session_builder,17077452,348
1476,OTPK_exists,17077523,145
1477,session_builder,17087828,352
1477,OTPK_exists,17087899,149
1478,session_builder,17098572,178
1478,OTPK_exists,17098617,85
1479,session_builder,17110783,351
1479,OTPK_exists,17110851,148
1480,session_builder,17123414,357
1480,OTPK_exists,17123486,148
1481,session_builder,17136049,352
1481,OTPK_exists,17136121,152
1482,session_builder,17146801,347
1482,OTPK_exists,17146867,148
1483,session_builder,17159250,711
1483,OTPK_exists,17159321,144
1484,session_builder,17169650,357
1484,OTPK_exists,17169708,150
1485,session_builder,17180293,255
1485,OTPK_exists,17180323,96
1486,session_builder,17190853,345
1486,OTPK_exists,17190920,146
1487,session_builder,17203484,347
1487,OTPK_exists,17203555,148
1488,session_builder,17215817,666
1488,OTPK_exists,17215889,147
1489,session_builder,17226126,347
1489,OTPK_exists,17226196,148
1490,session_builder,17236790,350
1490,OTPK_exists,17236864,148
1491,session_builder,17249236,250
1491,OTPK_exists,17249267,96
1492,session_builder,17260878,361
1492,OTPK_exists,17260950,151
1493,session_builder,17273515,356
1493,OTPK_exists,17273587,150
1494,session_builder,17283684,284
1494,OTPK_exists,17283731,109
1495,session_builder,17295316,378
1495,OTPK_exists,17295391,148
1496,session_builder,17305664,291
1496,OTPK_exists,17305711,128
1497,session_builder,17316096,209
1497,OTPK_exists,17316118,52
1498,session_builder,17328569,226
1498,OTPK_exists,17328594,84
1499,session_builder,17341117,228
1499,OTPK_exists,17341138,82
1500,session_builder,17351314,234
1500,OTPK_exists,17351337,80
1501,session_builder,17361750,189
1501,OTPK_exists,17361782,78
1502,session_builder,17372569,231
1502,OTPK_exists,17372590,83
1503,session_builder,17383796,239
1503,OTPK_exists,17383818,82
1504,session_builder,17395895,351
1504,OTPK_exists,17395950,86
1505,session_builder,17407003,350
1505,OTPK_exists,17407075,148
1506,session_builder,17417391,253
1506,OTPK_exists,17417435,95
1507,session_builder,17428655,282
1507,OTPK_exists,17428701,109
1508,session_builder,17441298,354
1508,OTPK_exists,17441368,147
1509,session_builder,17452238,277
1509,OTPK_exists,17452282,110
1510,session_builder,17464146,290
1510,OTPK_exists,17464194,106
1511,session_builder,17475756,286
1511,OTPK_exists,17475795,108
1512,session_builder,17486793,67
1512,OTPK_exists,17486831,34
1513,session_builder,17497960,284
1513,OTPK_exists,17498013,54
1514,session_builder,17508261,197
1514,OTPK_exists,17508297,82
1515,session_builder,17518454,106
1515,OTPK_exists,17518490,55
1516,session_builder,17528775,112
1516,OTPK_exists,17530386,54
1517,session_builder,17542948,358
1517,OTPK_exists,17553890,147
1518,session_builder,17565766,284
1518,OTPK_exists,17565831,109
1519,session_builder,17578084,352
1519,OTPK_exists,17578176,151
1520,session_builder,17590749,350
1520,OTPK_exists,17590832,148
1521,session_builder,17603398,285
1521,OTPK_exists,17603499,111
1522,session_builder,17615791,283
1522,OTPK_exists,17615848,111
1523,session_builder,17626244,348
1523,OTPK_exists,17626327,154
1524,session_builder,17636792,352
1524,OTPK_exists,17636875,147
1525,session_builder,17649271,285
1525,OTPK_exists,17649326,108
1526,session_builder,17661888,354
1526,OTPK_exists,17661970,151
1527,session_builder,17674474,355
1527,OTPK_exists,17674558,500
1528,session_builder,17687151,347
1528,OTPK_exists,17687216,149
1529,session_builder,17698995,756
1529,OTPK_exists,17699058,152
1530,session_builder,17710085,350
1530,OTPK_exists,17710161,145
1531,session_builder,17721932,164
1531,OTPK_exists,17721968,107
1532,session_builder,17732478,343
1532,OTPK_exists,17732559,145
1533,session_builder,17744054,346
1533,OTPK_exists,17744113,148
1534,session_builder,17755021,396
1534,OTPK_exists,17755105,194
1535,session_builder,17765868,366
1535,OTPK_exists,17765937,151
1536,session_builder,17777830,374
1536,OTPK_exists,17777894,155
1537,session_builder,17789129,367
1537,OTPK_exists,17789198,173
1538,session_builder,17799264,365
1538,OTPK_exists,17799338,150
1539,session_builder,17811498,397
1539,OTPK_exists,17811586,152
1540,session_builder,17824152,354
1540,OTPK_exists,17824237,159
1541,session_builder,17835345,409
1541,OTPK_exists,17835413,150
1542,session_builder,17846075,278
1542,OTPK_exists,17846118,60
1543,session_builder,17858587,362
1543,OTPK_exists,17858658,147
1544,session_builder,17869973,279
1544,OTPK_exists,17870019,111
1545,session_builder,17880866,281
1545,OTPK_exists,17880937,113
1546,session_builder,17891122,284
1546,OTPK_exists,17891164,108
1547,session_builder,17901843,272
1547,OTPK_exists,17901885,111
1548,session_builder,17914416,284
1548,OTPK_exists,17914464,112
1549,session_builder,17924597,389
1549,OTPK_exists,17924658,150
1550,session_builder,17936864,367
1550,OTPK_exists,17936922,146
1551,session_builder,17949275,289
1551,OTPK_exists,17949315,110
1552,session_builder,17961909,366
1552,OTPK_exists,17961982,152
1553,session_builder,17972288,285
1553,OTPK_exists,17972323,114
1554,session_builder,17982861,191
1554,OTPK_exists,17982892,111
1555,session_builder,17994514,24117
1555,OTPK_exists,17994565,111
1556,session_builder,18005343,287
1556,OTPK_exists,18005387,108
1557,session_builder,18015884,454
1557,OTPK_exists,18015918,148
1558,session_builder,18026520,266
1558,OTPK_exists,18026573,467
1559,session_builder,18036767,360
1559,OTPK_exists,18036821,148
1560,session_builder,18049236,270
1560,OTPK_exists,18049267,111
1561,session_builder,18061832,284
1561,OTPK_exists,18061877,111
1562,session_builder,18074377,317
1562,OTPK_exists,18074414,110
1563,session_builder,18086779,291
1563,OTPK_exists,18086807,98
1564,session_builder,18099263,228
1564,OTPK_exists,18099286,83
1565,session_builder,18111647,234
1565,OTPK_exists,18111671,83
1566,session_builder,18124220,243
1566,OTPK_exists,18124242,84
1567,session_builder,18136740,227
1567,OTPK_exists,18136767,82
1568,session_builder,18149233,233
1568,OTPK_exists,18149254,83
1569,session_builder,18161205,228
1569,OTPK_exists,18161235,79
1570,session_builder,18172233,145
1570,OTPK_exists,18172251,48
1571,session_builder,18182950,199
1571,OTPK_exists,18182968,29
1572,session_builder,18195523,139
1572,OTPK_exists,18195538,66
1573,session_builder,18205573,187
1573,OTPK_exists,18205587,26
1574,session_builder,18216166,325
1574,OTPK_exists,18216222,85
1575,session_builder,18227483,345
1575,OTPK_exists,18227553,145
1576,session_builder,18238778,373
1576,OTPK_exists,18238848,148
1577,session_builder,18250020,281
1577,OTPK_exists,18250069,112
1578,session_builder,18262616,353
1578,OTPK_exists,18262688,151
1579,session_builder,18274228,359
1579,OTPK_exists,18274300,153
1580,session_builder,18286852,365
1580,OTPK_exists,18286925,145
1581,session_builder,18299460,70
1581,OTPK_exists,18299480,37
1582,session_builder,18311692,71
1582,OTPK_exists,18311712,35
1583,session_builder,18323689,67
1583,OTPK_exists,18323709,35
1584,session_builder,18336268,109
1584,OTPK_exists,18336286,46
1585,session_builder,18346464,532
1585,OTPK_exists,18346533,148
1586,session_builder,18359096,351
1586,OTPK_exists,18359168,146
1587,session_builder,18371462,347
1587,OTPK_exists,18371535,153
1588,session_builder,18384109,352
1588,OTPK_exists,18384181,151
1589,session_builder,18396582,406
1589,OTPK_exists,18396633,148
1590,session_builder,18407526,377
1590,OTPK_exists,18407599,148
1591,session_builder,18417933,361
1591,OTPK_exists,18418008,143
1592,session_builder,18429224,350
1592,OTPK_exists,18429294,148
1593,session_builder,18441940,358
1593,OTPK_exists,18442000,148
1594,session_builder,18453511,320
1594,OTPK_exists,18453568,115
1595,session_builder,18463788,359
1595,OTPK_exists,18463859,153
1596,session_builder,18474261,387
1596,OTPK_exists,18474335,153
1597,session_builder,18486819,411
1597,OTPK_exists,18486876,150
1598,session_builder,18498808,412
1598,OTPK_exists,18498879,148
1599,session_builder,18510499,356
1599,OTPK_exists,18510570,166
1600,session_builder,18520701,390
1600,OTPK_exists,18520757,149
1601,session_builder,18531274,350
1601,OTPK_exists,18531343,145
1602,session_builder,18543061,357
1602,OTPK_exists,18543118,146
1603,session_builder,18553772,710
1603,OTPK_exists,18553842,150
1604,session_builder,18564612,347
1604,OTPK_exists,18564685,150
1605,session_builder,18574925,353
1605,OTPK_exists,18574997,150
1606,session_builder,18586834,361
1606,OTPK_exists,18586905,162
1607,session_builder,18598794,357
1607,OTPK_exists,18598864,147
1608,session_builder,18611293,351
1608,OTPK_exists,18611363,143
1609,session_builder,18621431,459
1609,OTPK_exists,18621492,164
1610,session_builder,18632548,386
1610,OTPK_exists,18632620,162
1611,session_builder,18643769,409
1611,OTPK_exists,18643839,151
1612,session_builder,18656090,356
1612,OTPK_exists,18656156,149
1613,session_builder,18667590,353
1613,OTPK_exists,18667648,148
1614,session_builder,18679655,355
1614,OTPK_exists,18679709,151
1615,session_builder,18689969,357
1615,OTPK_exists,18690026,148
1616,session_builder,18700522,286
1616,OTPK_exists,18700566,110
1617,session_builder,18713068,350
1617,OTPK_exists,18713131,144
1618,session_builder,18724563,354
1618,OTPK_exists,18724612,150
1619,session_builder,18736794,350
1619,OTPK_exists,18736865,149
1620,session_builder,18749253,353
1620,OTPK_exists,18749303,151
1621,session_builder,18760515,274
1621,OTPK_exists,18760558,112
1622,session_builder,18772341,276
1622,OTPK_exists,18772393,110
1623,session_builder,18784957,350
1623,OTPK_exists,18785028,148
1624,session_builder,18797593,351
1624,OTPK_exists,18797664,149
1625,session_builder,18808649,367
1625,OTPK_exists,18808721,423
1626,session_builder,18821297,361
1626,OTPK_exists,18821367,151
1627,session_builder,18833289,287
1627,OTPK_exists,18833353,113
1628,session_builder,18845616,351
1628,OTPK_exists,18845694,145
1629,session_builder,18856002,396
1629,OTPK_exists,18856064,145
1630,session_builder,18868628,345
1630,OTPK_exists,18868698,146
1631,session_builder,18879226,347
1631,OTPK_exists,18879298,148
1632,session_builder,18889862,350
1632,OTPK_exists,18889915,86
1633,session_builder,18902470,350
1633,OTPK_exists,18902541,148
1634,session_builder,18913000,389
1634,OTPK_exists,18913075,152
1635,session_builder,18925686,361
1635,OTPK_exists,18925741,170
1636,session_builder,18936834,395
1636,OTPK_exists,18936894,153
1637,session_builder,18948593,295
1637,OTPK_exists,18948640,110
1638,session_builder,18958799,280
1638,OTPK_exists,18958848,113
1639,session_builder,18970020,352
1639,OTPK_exists,18970089,164
1640,session_builder,18981239,286
1640,OTPK_exists,18981286,110
1641,session_builder,18993130,255
1641,OTPK_exists,18993156,93
1642,session_builder,19003221,119
1642,OTPK_exists,19003242,36
1643,session_builder,19015737,236
1643,OTPK_exists,19015764,85
1644,session_builder,19027630,243
1644,OTPK_exists,19027669,83
1645,session_builder,19039961,233
1645,OTPK_exists,19039986,419
1646,session_builder,19051370,231
1646,OTPK_exists,19051400,102
1647,session_builder,19062933,220
1647,OTPK_exists,19062957,82
1648,session_builder,19074466,114
1648,OTPK_exists,19074486,48
1649,session_builder,19086821,219
1649,OTPK_exists,19086850,80
1650,session_builder,19099268,352
1650,OTPK_exists,19099339,147
1651,session_builder,19110850,341
1651,OTPK_exists,19110922,145
1652,session_builder,19121471,254
1652,OTPK_exists,19121560,95
1653,session_builder,19134089,66
1653,OTPK_exists,19134109,31
1654,session_builder,19146455,242
1654,OTPK_exists,19146479,94
1655,session_builder,19159042,231
1655,OTPK_exists,19159073,81
1656,session_builder,19171672,347
1656,OTPK_exists,19171744,147
1657,session_builder,19181823,283
1657,OTPK_exists,19181868,114
1658,session_builder,19194392,70
1658,OTPK_exists,19194456,35
1659,session_builder,19207018,351
1659,OTPK_exists,19207091,148
1660,session_builder,19218628,272
1660,OTPK_exists,19218668,97
1661,session_builder,19231245,392
1661,OTPK_exists,19231319,154
1662,session_builder,19243884,361
1662,OTPK_exists,19243957,148
1663,session_builder,19255901,243
1663,OTPK_exists,19255954,89
1664,session_builder,19266337,354
1664,OTPK_exists,19266405,148
1665,session_builder,19278983,347
1665,OTPK_exists,19279053,148
1666,session_builder,19289910,237
1666,OTPK_exists,19289962,86
1667,session_builder,19300524,356
1667,OTPK_exists,19300595,189
1668,session_builder,19313155,426
1668,OTPK_exists,19313291,145
1669,session_builder,19325898,353
1669,OTPK_exists,19325962,150
1670,session_builder,19336827,650
1670,OTPK_exists,19336901,144
1671,session_builder,19348647,307
1671,OTPK_exists,19348696,110
1672,session_builder,19358904,248
1672,OTPK_exists,19358949,94
1673,session_builder,19369001,232
1673,OTPK_exists,19369028,98
1674,session_builder,19380426,238
1674,OTPK_exists,19380461,102
1675,session_builder,19391477,224
1675,OTPK_exists,19391510,84
1676,session_builder,19404058,202
1676,OTPK_exists,19404086,84
1677,session_builder,19415771,245
1677,OTPK_exists,19415805,84
1678,session_builder,19426618,194
1678,OTPK_exists,19426640,82
1679,session_builder,19436738,225
1679,OTPK_exists,19436764,98
1680,session_builder,19449268,257
1680,OTPK_exists,19449309,99
1681,session_builder,19461863,355
1681,OTPK_exists,19461935,146
1682,session_builder,19472343,350
1682,OTPK_exists,19472417,458
1683,session_builder,19482621,286
1683,OTPK_exists,19482667,114
1684,session_builder,19493589,226
1684,OTPK_exists,19493623,84
1685,session_builder,19504160,253
1685,OTPK_exists,19504210,88
1686,session_builder,19515779,353
1686,OTPK_exists,19515827,110
1687,session_builder,19527648,374
1687,OTPK_exists,19527719,148
1688,session_builder,19538148,358
1688,OTPK_exists,19538227,153
1689,session_builder,19550770,253
1689,OTPK_exists,19550809,95
1690,session_builder,19563379,750
1690,OTPK_exists,19563453,148
1691,session_builder,19576018,349
1691,OTPK_exists,19576089,146
1692,session_builder,19588708,365
1692,OTPK_exists,19588776,150
1693,session_builder,19601335,365
1693,OTPK_exists,19601408,151
1694,session_builder,19613942,341
1694,OTPK_exists,19614014,145
1695,session_builder,19626581,350
1695,OTPK_exists,19626653,148
1696,session_builder,19636875,381
1696,OTPK_exists,19636945,169
1697,session_builder,19649301,347
1697,OTPK_exists,19649368,146
1698,session_builder,19661926,356
1698,OTPK_exists,19661998,150
1699,session_builder,19674550,342
1699,OTPK_exists,19674620,148
1700,session_builder,19687184,349
1700,OTPK_exists,19687255,146
1701,session_builder,19699269,351
1701,OTPK_exists,19699341,149
1702,session_builder,19709436,351
1702,OTPK_exists,19709507,150
1703,session_builder,19719653,353
1703,OTPK_exists,19719727,150
1704,session_builder,19730233,355
1704,OTPK_exists,19730303,145
1705,session_builder,19742394,352
1705,OTPK_exists,19742464,145
1706,session_builder,19752664,257
1706,OTPK_exists,19752701,96
1707,session_builder,19765067,375
1707,OTPK_exists,19765139,145
1708,session_builder,19776414,285
1708,OTPK_exists,19776464,107
1709,session_builder,19788418,285
1709,OTPK_exists,19788465,112
1710,session_builder,19801029,358
1710,OTPK_exists,19801100,151
1711,session_builder,19813641,673
1711,OTPK_exists,19813710,145
1712,session_builder,19824181,352
1712,OTPK_exists,19824231,85
1713,session_builder,19836826,357
1713,OTPK_exists,19836884,153
1714,session_builder,19849243,284
1714,OTPK_exists,19849284,110
1715,session_builder,19859478,307
1715,OTPK_exists,19859529,126
1716,session_builder,19870312,349
1716,OTPK_exists,19870361,147
1717,session_builder,19880801,652
1717,OTPK_exists,19880872,148
1718,session_builder,19893020,359
1718,OTPK_exists,19893069,80
1719,session_builder,19903403,369
1719,OTPK_exists,19903475,144
1720,session_builder,19915990,302
1720,OTPK_exists,19916025,111
1721,session_builder,19926137,300
1721,OTPK_exists,19926185,123
1722,session_builder,19937175,350
1722,OTPK_exists,19937307,145
1723,session_builder,19949285,314
1723,OTPK_exists,19949335,113
1724,session_builder,19960703,377
1724,OTPK_exists,19960773,193
1725,session_builder,19971358,406
1725,OTPK_exists,19971411,151
1726,session_builder,19982429,282
1726,OTPK_exists,19982478,108
1727,session_builder,19992722,254
1727,OTPK_exists,19992799,129
1728,session_builder,20005401,363
1728,OTPK_exists,20005467,412
1729,session_builder,20015881,280
1729,OTPK_exists,20015903,110
1730,session_builder,20028320,366
1730,OTPK_exists,20028374,151
1731,session_builder,20039068,303
1731,OTPK_exists,20039094,94
1732,session_builder,20050327,232
1732,OTPK_exists,20050357,97
1733,session_builder,20061068,226
1733,OTPK_exists,20061112,85
1734,session_builder,20071340,225
1734,OTPK_exists,20071367,84
1735,session_builder,20081883,213
1735,OTPK_exists,20081916,106
1736,session_builder,20093754,352
1736,OTPK_exists,20093814,150
1737,session_builder,20106362,361
1737,OTPK_exists,20106431,148
1738,session_builder,20117668,316
1738,OTPK_exists,20117698,107
1739,session_builder,20128777,384
1739,OTPK_exists,20128848,155
1740,session_builder,20140699,299
1740,OTPK_exists,20140741,130
1741,session_builder,20151245,290
1741,OTPK_exists,20151296,119
1742,session_builder,20162544,363
1742,OTPK_exists,20162613,162
1743,session_builder,20174405,278
1743,OTPK_exists,20174447,112
1744,session_builder,20186784,373
1744,OTPK_exists,20186840,157
1745,session_builder,20199289,328
1745,OTPK_exists,20199335,108
1746,session_builder,20209640,287
1746,OTPK_exists,20209685,109
1747,session_builder,20219923,304
1747,OTPK_exists,20219964,111
1748,session_builder,20231672,423
1748,OTPK_exists,20231729,147
1749,session_builder,20242823,381
1749,OTPK_exists,20242902,150
1750,session_builder,20253846,389
1750,OTPK_exists,20253910,506
1751,session_builder,20265173,361
1751,OTPK_exists,20265238,143
1752,session_builder,20276541,356
1752,OTPK_exists,20276593,145
1753,session_builder,20287159,349
1753,OTPK_exists,20287218,309
1754,session_builder,20297388,351
1754,OTPK_exists,20297456,150
1755,session_builder,20308746,355
1755,OTPK_exists,20308815,153
1756,session_builder,20320829,346
1756,OTPK_exists,20320881,156
1757,session_builder,20331565,617
1757,OTPK_exists,20331616,142
1758,session_builder,20342836,356
1758,OTPK_exists,20342890,151
1759,session_builder,20353758,357
1759,OTPK_exists,20353828,150
1760,session_builder,20365002,361
1760,OTPK_exists,20365072,163
1761,session_builder,20376560,356
1761,OTPK_exists,20376610,152
1762,session_builder,20387696,376
1762,OTPK_exists,20387749,146
1763,session_builder,20399301,355
1763,OTPK_exists,20399354,143
1764,session_builder,20410009,405
1764,OTPK_exists,20410080,384
1765,session_builder,20421284,366
1765,OTPK_exists,20421355,166
1766,session_builder,20432499,389
1766,OTPK_exists,20432571,151
1767,session_builder,20444559,395
1767,OTPK_exists,20444616,144
1768,session_builder,20455018,341
1768,OTPK_exists,20455087,149
1769,session_builder,20465873,375
1769,OTPK_exists,20465929,145
1770,session_builder,20477430,239
1770,OTPK_exists,20477454,35
1771,session_builder,20487496,468
1771,OTPK_exists,20487517,85
1772,session_builder,20499230,231
1772,OTPK_exists,20499250,85
1773,session_builder,20511027,223
1773,OTPK_exists,20511051,82
1774,session_builder,20521220,222
1774,OTPK_exists,20521240,82
1775,session_builder,20533565,225
1775,OTPK_exists,20533585,85
1776,session_builder,20544895,230
1776,OTPK_exists,20544914,82
1777,session_builder,20555715,211
1777,OTPK_exists,20555746,97
1778,session_builder,20565819,572
1778,OTPK_exists,20565832,86
1779,session_builder,20578381,218
1779,OTPK_exists,20578404,79
1780,session_builder,20590952,219
1780,OTPK_exists,20590972,81
1781,session_builder,20603490,64
1781,OTPK_exists,20603507,32
1782,session_builder,20613837,84
1782,OTPK_exists,20613851,38
1783,session_builder,20626014,50
1783,OTPK_exists,20626028,24
1784,session_builder,20638543,52
1784,OTPK_exists,20638557,24
1785,session_builder,20649873,49
1785,OTPK_exists,20649887,25
1786,session_builder,20661887,52
1786,OTPK_exists,20661901,27
1787,session_builder,20672104,138
1787,OTPK_exists,20672122,60
1788,session_builder,20682255,208
1788,OTPK_exists,20682274,75
1789,session_builder,20694575,259
1789,OTPK_exists,20694587,74
1790,session_builder,20707122,452
1790,OTPK_exists,20707187,199
1791,session_builder,20718470,293
1791,OTPK_exists,20718559,109
1792,session_builder,20731143,366
1792,OTPK_exists,20731215,152
1793,session_builder,20743781,377
1793,OTPK_exists,20743853,151
1794,session_builder,20756440,346
1794,OTPK_exists,20756499,172
1795,session_builder,20769062,354
1795,OTPK_exists,20769133,152
1796,session_builder,20781124,343
1796,OTPK_exists,20781194,143
1797,session_builder,20792520,729
1797,OTPK_exists,20792591,183
1798,session_builder,20803692,323
1798,OTPK_exists,20803762,106
1799,session_builder,20814053,283
1799,OTPK_exists,20814118,107
1800,session_builder,20826433,451
1800,OTPK_exists,20826489,145
1801,session_builder,20836951,363
1801,OTPK_exists,20837026,146
1802,session_builder,20849270,286
1802,OTPK_exists,20849301,112
1803,session_builder,20860007,356
1803,OTPK_exists,20860077,151
1804,session_builder,20871597,361
1804,OTPK_exists,20871650,154
1805,session_builder,20882180,288
1805,OTPK_exists,20882227,137
1806,session_builder,20893347,355
1806,OTPK_exists,20893420,151
1807,session_builder,20905016,355
1807,OTPK_exists,20905086,145
1808,session_builder,20915783,345
1808,OTPK_exists,20915832,121
1809,session_builder,20926131,286
1809,OTPK_exists,20926180,115
1810,session_builder,20938732,361
1810,OTPK_exists,20938800,153
1811,session_builder,20949305,278
1811,OTPK_exists,20949351,109
1812,session_builder,20961269,346
1812,OTPK_exists,20961338,146
1813,session_builder,20972491,429
1813,OTPK_exists,20972560,148
1814,session_builder,20983197,278
1814,OTPK_exists,20983243,112
1815,session_builder,20993305,283
1815,OTPK_exists,20993357,107
1816,session_builder,21005914,350
1816,OTPK_exists,21005985,147
1817,session_builder,21016725,303
1817,OTPK_exists,21016773,109
1818,session_builder,21029329,352
1818,OTPK_exists,21029400,147
1819,session_builder,21039978,386
1819,OTPK_exists,21040048,148
1820,session_builder,21050153,287
1820,OTPK_exists,21050201,112
1821,session_builder,21060719,349
1821,OTPK_exists,21060790,143
1822,session_builder,21071449,363
1822,OTPK_exists,21071522,145
1823,session_builder,21083962,278
1823,OTPK_exists,21084011,121
1824,session_builder,21095530,352
1824,OTPK_exists,21095602,147
1825,session_builder,21106807,399
1825,OTPK_exists,21106878,172
1826,session_builder,21117119,130
1826,OTPK_exists,21117133,71
1827,session_builder,21129694,350
1827,OTPK_exists,21129765,148
1828,session_builder,21140692,470
1828,OTPK_exists,21140763,160
1829,session_builder,21152537,369
1829,OTPK_exists,21152586,108
1830,session_builder,21164268,383
1830,OTPK_exists,21164341,164
1831,session_builder,21176935,366
1831,OTPK_exists,21177008,153
1832,session_builder,21189619,359
1832,OTPK_exists,21189688,142
1833,session_builder,21200421,280
1833,OTPK_exists,21200460,115
1834,session_builder,21211613,283
1834,OTPK_exists,21211658,108
1835,session_builder,21222339,277
1835,OTPK_exists,21222373,125
1836,session_builder,21234948,282
1836,OTPK_exists,21235000,112
1837,session_builder,21247560,400
1837,OTPK_exists,21247667,389
1838,session_builder,21260238,256
1838,OTPK_exists,21260324,95
1839,session_builder,21272334,349
1839,OTPK_exists,21272410,146
1840,session_builder,21284448,300
1840,OTPK_exists,21284573,107
1841,session_builder,21297162,368
1841,OTPK_exists,21297235,154
1842,session_builder,21309902,367
1842,OTPK_exists,21309971,148
1843,session_builder,21321328,234
1843,OTPK_exists,21321351,417
1844,session_builder,21332796,372
1844,OTPK_exists,21332844,147
1845,session_builder,21343758,732
1845,OTPK_exists,21343828,148
1846,session_builder,21353965,350
1846,OTPK_exists,21354028,147
1847,session_builder,21365797,28345
1847,OTPK_exists,21365868,149
1848,session_builder,21377480,380
1848,OTPK_exists,21377551,148
1849,session_builder,21389898,359
1849,OTPK_exists,21389963,150
1850,session_builder,21400817,351
1850,OTPK_exists,21400879,397
1851,session_builder,21412092,369
1851,OTPK_exists,21412163,156
1852,session_builder,21423280,344
1852,OTPK_exists,21423333,147
1853,session_builder,21434534,355
1853,OTPK_exists,21434586,147
1854,session_builder,21445800,349
1854,OTPK_exists,21445853,145
1855,session_builder,21457031,355
1855,OTPK_exists,21457091,145
1856,session_builder,21469100,347
1856,OTPK_exists,21469154,143
1857,session_builder,21481569,281
1857,OTPK_exists,21481608,113
1858,session_builder,21491991,389
1858,OTPK_exists,21492048,147
1859,session_builder,21502860,368
1859,OTPK_exists,21502923,150
1860,session_builder,21514950,289
1860,OTPK_exists,21514995,109
1861,session_builder,21525094,361
1861,OTPK_exists,21525149,150
1862,session_builder,21536766,346
1862,OTPK_exists,21536820,153
1863,session_builder,21549270,278
1863,OTPK_exists,21549308,108
1864,session_builder,21560185,280
1864,OTPK_exists,21560228,110
1865,session_builder,21572077,280
1865,OTPK_exists,21572114,112
1866,session_builder,21582266,294
1866,OTPK_exists,21582314,112
1867,session_builder,21594871,352
1867,OTPK_exists,21594942,147
1868,session_builder,21605842,687
1868,OTPK_exists,21605913,154
1869,session_builder,21616514,280
1869,OTPK_exists,21616547,109
1870,session_builder,21629104,350
1870,OTPK_exists,21629174,146
1871,session_builder,21640878,349
1871,OTPK_exists,21640943,148
1872,session_builder,21651679,292
1872,OTPK_exists,21651791,115
1873,session_builder,21664361,350
1873,OTPK_exists,21664432,147
1874,session_builder,21674946,350
1874,OTPK_exists,21675019,150
1875,session_builder,21687259,283
1875,OTPK_exists,21687310,110
1876,session_builder,21699268,355
1876,OTPK_exists,21699339,150
1877,session_builder,21711954,376
1877,OTPK_exists,21712024,148
1878,session_builder,21724589,348
1878,OTPK_exists,21724660,146
1879,session_builder,21736795,353
1879,OTPK_exists,21736867,148
1880,session_builder,21749302,343
1880,OTPK_exists,21749358,145
1881,session_builder,21760707,354
1881,OTPK_exists,21760768,148
1882,session_builder,21772046,349
1882,OTPK_exists,21772102,146
1883,session_builder,21783504,293
1883,OTPK_exists,21783537,113
1884,session_builder,21793771,356
1884,OTPK_exists,21793840,161
1885,session_builder,21804585,349
1885,OTPK_exists,21804654,148
1886,session_builder,21816528,331
1886,OTPK_exists,21816569,130
1887,session_builder,21827840,363
1887,OTPK_exists,21827893,144
1888,session_builder,21839146,283
1888,OTPK_exists,21839189,107
1889,session_builder,21851093,406
1889,OTPK_exists,21851156,156
1890,session_builder,21861267,357
1890,OTPK_exists,21861337,150
1891,session_builder,21872513,490
1891,OTPK_exists,21872585,147
1892,session_builder,21882711,282
1892,OTPK_exists,21882758,107
1893,session_builder,21894938,363
1893,OTPK_exists,21895002,151
1894,session_builder,21906271,364
1894,OTPK_exists,21906342,153
1895,session_builder,21917526,282
1895,OTPK_exists,21917575,477
1896,session_builder,21928760,368
1896,OTPK_exists,21928830,153
1897,session_builder,21940776,350
1897,OTPK_exists,21940828,148
1898,session_builder,21951637,285
1898,OTPK_exists,21951678,108
1899,session_builder,21963290,352
1899,OTPK_exists,21963351,146
1900,session_builder,21974882,364
1900,OTPK_exists,21974943,160
1901,session_builder,21986771,252
1901,OTPK_exists,21986799,96
1902,session_builder,21996873,111
1902,OTPK_exists,21996892,61
1903,session_builder,22007505,380
1903,OTPK_exists,22007575,146
1904,session_builder,22017617,259
1904,OTPK_exists,22017643,96
1905,session_builder,22030002,704
1905,OTPK_exists,22030073,150
1906,session_builder,22040162,357
1906,OTPK_exists,22040229,150
1907,session_builder,22050972,280
1907,OTPK_exists,22051013,120
1908,session_builder,22062088,287
1908,OTPK_exists,22062137,111
1909,session_builder,22074694,354
1909,OTPK_exists,22074765,148
1910,session_builder,22086818,543
1910,OTPK_exists,22086870,108
1911,session_builder,22099428,350
1911,OTPK_exists,22099499,149
1912,session_builder,22110712,349
1912,OTPK_exists,22110782,148
1913,session_builder,22123347,353
1913,OTPK_exists,22123419,148
1914,session_builder,22133489,352
1914,OTPK_exists,22133560,145
1915,session_builder,22146185,358
1915,OTPK_exists,22146258,151
1916,session_builder,22158814,364
1916,OTPK_exists,22158884,151
1917,session_builder,22171448,361
1917,OTPK_exists,22171520,151
1918,session_builder,22183870,285
1918,OTPK_exists,22183915,108
1919,session_builder,22196459,348
1919,OTPK_exists,22196523,394
1920,session_builder,22209087,349
1920,OTPK_exists,22209158,149
1921,session_builder,22221636,367
1921,OTPK_exists,22221689,148
1922,session_builder,22232485,721
1922,OTPK_exists,22232556,152
1923,session_builder,22243762,712
1923,OTPK_exists,22243832,167
1924,session_builder,22255005,358
1924,OTPK_exists,22255073,145
1925,session_builder,22265939,352
1925,OTPK_exists,22265991,150
1926,session_builder,22278283,349
1926,OTPK_exists,22278339,147
1927,session_builder,22289145,328
1927,OTPK_exists,22289184,106
1928,session_builder,22300015,409
1928,OTPK_exists,22300086,144
1929,session_builder,22312502,345
1929,OTPK_exists,22312565,144
1930,session_builder,22323738,347
1930,OTPK_exists,22323808,155
1931,session_builder,22334645,372
1931,OTPK_exists,22334708,143
1932,session_builder,22344928,399
1932,OTPK_exists,22345001,156
1933,session_builder,22357224,284
1933,OTPK_exists,22357269,101
1934,session_builder,22394924,745
1934,OTPK_exists,22394997,105
1935,session_builder,22407560,359
1935,OTPK_exists,22407630,146
1936,session_builder,22420195,354
1936,OTPK_exists,22420267,151
1937,session_builder,22430666,384
1937,OTPK_exists,22430737,375
1938,session_builder,22443301,355
1938,OTPK_exists,22443372,148
1939,session_builder,22455936,350
1939,OTPK_exists,22456007,150
1940,session_builder,22468633,348
1940,OTPK_exists,22468704,145
1941,session_builder,22480768,346
1941,OTPK_exists,22480823,148
1942,session_builder,22491247,357
1942,OTPK_exists,22491319,217
1943,session_builder,22502446,374
1943,OTPK_exists,22502516,144
1944,session_builder,22515052,299
1944,OTPK_exists,22515130,106
1945,session_builder,22525323,395
1945,OTPK_exists,22525372,173
1946,session_builder,22536822,367
1946,OTPK_exists,22536881,155
1947,session_builder,22549285,355
1947,OTPK_exists,22549342,148
1948,session_builder,22559528,353
1948,OTPK_exists,22559589,145
1949,session_builder,22570727,344
1949,OTPK_exists,22570781,143
1950,session_builder,22582304,364
1950,OTPK_exists,22582367,148
1951,session_builder,22592502,362
1951,OTPK_exists,22592572,147
1952,session_builder,22603614,354
1952,OTPK_exists,22603682,150
1953,session_builder,22614988,603
1953,OTPK_exists,22615056,151
1954,session_builder,22627699,358
1954,OTPK_exists,22627756,149
1955,session_builder,22639006,347
1955,OTPK_exists,22639060,150
1956,session_builder,22649602,279
1956,OTPK_exists,22649647,123
1957,session_builder,22660031,357
1957,OTPK_exists,22660100,148
1958,session_builder,22671266,404
1958,OTPK_exists,22671337,153
1959,session_builder,22681970,368
1959,OTPK_exists,22682053,151
1960,session_builder,22693929,406
1960,OTPK_exists,22693982,151
1961,session_builder,22705002,357
1961,OTPK_exists,22705073,389
1962,session_builder,22715323,368
1962,OTPK_exists,22715398,145
1963,session_builder,22726278,395
1963,OTPK_exists,22726350,175
1964,session_builder,22738303,393
1964,OTPK_exists,22738376,159
1965,session_builder,22749254,345
1965,OTPK_exists,22749322,150
1966,session_builder,22759512,352
1966,OTPK_exists,22759584,426
1967,session_builder,22772141,353
1967,OTPK_exists,22772210,150
1968,session_builder,22782316,352
1968,OTPK_exists,22782382,150
1969,session_builder,22793093,358
1969,OTPK_exists,22793162,146
1970,session_builder,22805726,353
1970,OTPK_exists,22805797,148
1971,session_builder,22818361,351
1971,OTPK_exists,22818432,148
1972,session_builder,22830996,352
1972,OTPK_exists,22831067,150
1973,session_builder,22843631,354
1973,OTPK_exists,22843701,149
1974,session_builder,22856259,343
1974,OTPK_exists,22856328,147
1975,session_builder,22868891,357
1975,OTPK_exists,22868963,148
1976,session_builder,22881509,364
1976,OTPK_exists,22881580,383
1977,session_builder,22894145,353
1977,OTPK_exists,22894217,146
1978,session_builder,22906285,353
1978,OTPK_exists,22906356,461
1979,session_builder,22918920,356
1979,OTPK_exists,22918993,151
1980,session_builder,22931557,352
1980,OTPK_exists,22931628,150
1981,session_builder,22944192,352
1981,OTPK_exists,22944265,146
1982,session_builder,22954948,359
1982,OTPK_exists,22955010,147
1983,session_builder,22965843,348
1983,OTPK_exists,22965914,147
1984,session_builder,22978478,355
1984,OTPK_exists,22978549,147
1985,session_builder,22989519,395
1985,OTPK_exists,22989594,145
1986,session_builder,23002159,365
1986,OTPK_exists,23002232,153
1987,session_builder,23014794,364
1987,OTPK_exists,23014865,150
1988,session_builder,23027431,367
1988,OTPK_exists,23027504,150
1989,session_builder,23040056,353
1989,OTPK_exists,23040124,149
1990,session_builder,23052687,355
1990,OTPK_exists,23052758,149
1991,session_builder,23065322,357
1991,OTPK_exists,23065393,148
1992,session_builder,23077956,358
1992,OTPK_exists,23078027,150
1993,session_builder,23090590,358
1993,OTPK_exists,23090661,151
1994,session_builder,23103224,350
1994,OTPK_exists,23103295,148
1995,session_builder,23115535,359
1995,OTPK_exists,23115606,149
1996,session_builder,23128169,358
1996,OTPK_exists,23128241,153
1997,session_builder,23140736,363
1997,OTPK_exists,23140808,152
1998,session_builder,23151330,626
1998,OTPK_exists,23151398,150
1999,session_builder,23163965,355
1999,OTPK_exists,23164038,151
2000,session_builder,23176603,358
2000,OTPK_exists,23176674,150
2001,session_builder,23189238,356
2001,OTPK_exists,23189309,148
2002,session_builder,23201874,350
2002,OTPK_exists,23201945,146
2003,session_builder,23214540,357
2003,OTPK_exists,23214610,147
2004,session_builder,23227173,286
2004,OTPK_exists,23227264,109
2005,session_builder,23239146,386
2005,OTPK_exists,23239221,164
2006,session_builder,23251193,292
2006,OTPK_exists,23251242,108
2007,session_builder,23263799,349
2007,OTPK_exists,23263870,148
2008,session_builder,23274794,348
2008,OTPK_exists,23274866,156
2009,session_builder,23286765,284
2009,OTPK_exists,23286816,112
2010,session_builder,23299245,352
2010,OTPK_exists,23299313,148
2011,session_builder,23311876,350
2011,OTPK_exists,23311948,150
2012,session_builder,23324519,350
2012,OTPK_exists,23324590,151
2013,session_builder,23336833,528
2013,OTPK_exists,23336907,153
2014,session_builder,23349259,375
2014,OTPK_exists,23349329,281
2015,session_builder,23361210,349
2015,OTPK_exists,23361279,151
2016,session_builder,23371940,354
2016,OTPK_exists,23372006,152
2017,session_builder,23382361,350
2017,OTPK_exists,23382432,145
2018,session_builder,23394996,352
2018,OTPK_exists,23395066,148
2019,session_builder,23407630,349
2019,OTPK_exists,23407701,149
2020,session_builder,23420266,352
2020,OTPK_exists,23420337,148
2021,session_builder,23430668,357
2021,OTPK_exists,23430739,148
2022,session_builder,23443303,352
2022,OTPK_exists,23443374,148
2023,session_builder,23453777,367
2023,OTPK_exists,23453844,148
2024,session_builder,23466440,354
2024,OTPK_exists,23466491,152
2025,session_builder,23479056,348
2025,OTPK_exists,23479127,149
2026,session_builder,23491694,351
2026,OTPK_exists,23491765,150
2027,session_builder,23504421,367
2027,OTPK_exists,23504491,157
2028,session_builder,23516249,343
2028,OTPK_exists,23516302,149
2029,session_builder,23526546,348
2029,OTPK_exists,23526594,148
2030,session_builder,23536782,350
2030,OTPK_exists,23536852,150
2031,session_builder,23549244,345
2031,OTPK_exists,23549294,147
2032,session_builder,23559599,296
2032,OTPK_exists,23559655,118
2033,session_builder,23571720,272
2033,OTPK_exists,23571742,86
2034,session_builder,23582913,231
2034,OTPK_exists,23582938,83
2035,session_builder,23595489,237
2035,OTPK_exists,23595511,84
2036,session_builder,23605581,230
2036,OTPK_exists,23605611,86
2037,session_builder,23616263,226
2037,OTPK_exists,23616283,85
2038,session_builder,23627103,221
2038,OTPK_exists,23627117,83
2039,session_builder,23637257,232
2039,OTPK_exists,23637284,84
2040,session_builder,23649638,212
2040,OTPK_exists,23649665,83
2041,session_builder,23662214,220
2041,OTPK_exists,23662245,79
2042,session_builder,23672451,197
2042,OTPK_exists,23672473,81
2043,session_builder,23682511,236
2043,OTPK_exists,23682540,81
2044,session_builder,23694434,223
2044,OTPK_exists,23694466,79
2045,session_builder,23705634,189
2045,OTPK_exists,23705663,47
2046,session_builder,23715791,251
2046,OTPK_exists,23715827,132
2047,session_builder,23726413,219
2047,OTPK_exists,23726432,86
2048,session_builder,23736734,220
2048,OTPK_exists,23736753,79
2049,session_builder,23749228,201
2049,OTPK_exists,23749252,81
2050,session_builder,23761307,246
2050,OTPK_exists,23761338,82
2051,session_builder,23772248,191
2051,OTPK_exists,23772269,81
2052,session_builder,23783040,99
2052,OTPK_exists,23783061,24
2053,session_builder,23793666,174
2053,OTPK_exists,23793693,61
2054,session_builder,23806211,205
2054,OTPK_exists,23806237,71
2055,session_builder,23816369,190
2055,OTPK_exists,23816398,74
2056,session_builder,23828696,366
2056,OTPK_exists,23828742,147
2057,session_builder,23841315,350
2057,OTPK_exists,23841386,151
2058,session_builder,23852291,288
2058,OTPK_exists,23852340,108
2059,session_builder,23864896,354
2059,OTPK_exists,23864972,149
2060,session_builder,23875970,349
2060,OTPK_exists,23876040,150
2061,session_builder,23886881,273
2061,OTPK_exists,23886924,97
2062,session_builder,23899464,364
2062,OTPK_exists,23899534,144
2063,session_builder,23912098,367
2063,OTPK_exists,23912171,149
2064,session_builder,23922329,276
2064,OTPK_exists,23922376,112
2065,session_builder,23934933,352
2065,OTPK_exists,23935005,148
2066,session_builder,23947559,708
2066,OTPK_exists,23947627,149
2067,session_builder,23958034,316
2067,OTPK_exists,23958079,106
2068,session_builder,23970634,354
2068,OTPK_exists,23970706,151
2069,session_builder,23983002,361
2069,OTPK_exists,23983071,152
2070,session_builder,23995392,356
2070,OTPK_exists,23995464,155
2071,session_builder,24008028,360
2071,OTPK_exists,24008100,151
2072,session_builder,24018722,290
2072,OTPK_exists,24018769,112
2073,session_builder,24031325,351
2073,OTPK_exists,24031396,148
2074,session_builder,24043965,352
2074,OTPK_exists,24044036,385
2075,session_builder,24056499,255
2075,OTPK_exists,24056537,95
2076,session_builder,24069118,364
2076,OTPK_exists,24069190,149
2077,session_builder,24081754,367
2077,OTPK_exists,24081827,150
2078,session_builder,24094391,370
2078,OTPK_exists,24094439,176
2079,session_builder,24107002,365
2079,OTPK_exists,24107074,150
2080,session_builder,24117898,243
2080,OTPK_exists,24117921,85
2081,session_builder,24128615,207
2081,OTPK_exists,24128641,86
2082,session_builder,24140401,242
2082,OTPK_exists,24140448,113
2083,session_builder,24151788,257
2083,OTPK_exists,24151832,82
2084,session_builder,24164429,354
2084,OTPK_exists,24164492,148
2085,session_builder,24177081,350
2085,OTPK_exists,24177153,148
2086,session_builder,24188129,279
2086,OTPK_exists,24188189,109
2087,session_builder,24200754,364
2087,OTPK_exists,24200828,150
2088,session_builder,24213382,383
2088,OTPK_exists,24213452,160
2089,session_builder,24224820,274
2089,OTPK_exists,24224852,96
2090,session_builder,24236710,395
2090,OTPK_exists,24236780,151
2091,session_builder,24247825,355
2091,OTPK_exists,24247878,144
2092,session_builder,24258141,369
2092,OTPK_exists,24258203,153
2093,session_builder,24270288,368
2093,OTPK_exists,24270393,156
2094,session_builder,24282887,291
2094,OTPK_exists,24282926,116
2095,session_builder,24294504,286
2095,OTPK_exists,24294544,111
2096,session_builder,24307102,366
2096,OTPK_exists,24307175,154
2097,session_builder,24317726,279
2097,OTPK_exists,24317760,413
2098,session_builder,24327845,284
2098,OTPK_exists,24327884,111
2099,session_builder,24338545,301
2099,OTPK_exists,24338586,111
2100,session_builder,24349593,378
2100,OTPK_exists,24349661,147
2101,session_builder,24360111,365
2101,OTPK_exists,24360172,146
2102,session_builder,24371665,358
2102,OTPK_exists,24371718,179
2103,session_builder,24382075,356
2103,OTPK_exists,24382130,150
2104,session_builder,24392480,278
2104,OTPK_exists,24392529,113
2105,session_builder,24403736,354
2105,OTPK_exists,24403806,163
2106,session_builder,24415160,359
2106,OTPK_exists,24415226,150
2107,session_builder,24426140,358
2107,OTPK_exists,24426210,145
2108,session_builder,24436897,401
2108,OTPK_exists,24436966,165
2109,session_builder,24449258,352
2109,OTPK_exists,24449313,148
2110,session_builder,24461993,665
2110,OTPK_exists,24462061,148
2111,session_builder,24474625,350
2111,OTPK_exists,24474697,148
2112,session_builder,24486864,375
2112,OTPK_exists,24486934,152
2113,session_builder,24499497,351
2113,OTPK_exists,24499569,148
2114,session_builder,24512133,352
2114,OTPK_exists,24512205,148
2115,session_builder,24522543,342
2115,OTPK_exists,24522616,143
2116,session_builder,24535180,347
2116,OTPK_exists,24535251,146
2117,session_builder,24547815,352
2117,OTPK_exists,24547887,150
2118,session_builder,24560452,352
2118,OTPK_exists,24560523,148
2119,session_builder,24572310,356
2119,OTPK_exists,24572382,145
2120,session_builder,24583711,658
2120,OTPK_exists,24583782,152
2121,session_builder,24595364,387
2121,OTPK_exists,24595414,147
2122,session_builder,24607134,354
2122,OTPK_exists,24607195,148
2123,session_builder,24617996,299
2123,OTPK_exists,24618037,106
2124,session_builder,24628415,283
2124,OTPK_exists,24628458,112
2125,session_builder,24640411,358
2125,OTPK_exists,24640468,146
2126,session_builder,24651339,299
2126,OTPK_exists,24651385,108
2127,session_builder,24663068,279
2127,OTPK_exists,24663110,110
2128,session_builder,24674245,355
2128,OTPK_exists,24674318,150
2129,session_builder,24686766,356
2129,OTPK_exists,24686835,150
2130,session_builder,24699265,256
2130,OTPK_exists,24699304,96
2131,session_builder,24710409,123
2131,OTPK_exists,24710436,38
2132,session_builder,24721182,264
2132,OTPK_exists,24721225,95
2133,session_builder,24731854,307
2133,OTPK_exists,24731904,421
2134,session_builder,24742155,357
2134,OTPK_exists,24742208,151
2135,session_builder,24752920,305
2135,OTPK_exists,24752965,117
2136,session_builder,24765201,173
2136,OTPK_exists,24765230,85
2137,session_builder,24775875,361
2137,OTPK_exists,24775928,151
2138,session_builder,24786006,272
2138,OTPK_exists,24786052,106
2139,session_builder,24798635,370
2139,OTPK_exists,24798707,145
2140,session_builder,24808910,361
2140,OTPK_exists,24808980,144
2141,session_builder,24819971,251
2141,OTPK_exists,24820002,96
2142,session_builder,24831300,227
2142,OTPK_exists,24831322,84
2143,session_builder,24842670,323
2143,OTPK_exists,24842705,130
2144,session_builder,24852978,287
2144,OTPK_exists,24853025,113
2145,session_builder,24865247,376
2145,OTPK_exists,24865309,149
2146,session_builder,24876282,750
2146,OTPK_exists,24876351,151
2147,session_builder,24886798,296
2147,OTPK_exists,24886845,468
2148,session_builder,24899299,355
2148,OTPK_exists,24899353,163
2149,session_builder,24911329,518
2149,OTPK_exists,24911399,147
2150,session_builder,24921548,259
2150,OTPK_exists,24921573,104
2151,session_builder,24932557,360
2151,OTPK_exists,24932627,148
2152,session_builder,24943809,390
2152,OTPK_exists,24943878,151
2153,session_builder,24955813,261
2153,OTPK_exists,24955858,545
2154,session_builder,24966679,366
2154,OTPK_exists,24966735,145
2155,session_builder,24977176,348
2155,OTPK_exists,24977245,151
2156,session_builder,24987564,259
2156,OTPK_exists,24987605,96
2157,session_builder,25000026,351
2157,OTPK_exists,25000098,148
2158,session_builder,25011289,349
2158,OTPK_exists,25011357,148
2159,session_builder,25021948,255
2159,OTPK_exists,25021992,96
2160,session_builder,25032066,288
2160,OTPK_exists,25032112,112
2161,session_builder,25044667,360
2161,OTPK_exists,25044740,151
2162,session_builder,25055914,250
2162,OTPK_exists,25056007,104
2163,session_builder,25066744,281
2163,OTPK_exists,25066813,106
2164,session_builder,25079448,347
2164,OTPK_exists,25079504,149
2165,session_builder,25089642,259
2165,OTPK_exists,25089682,105
2166,session_builder,25101292,371
2166,OTPK_exists,25101361,146
2167,session_builder,25112389,282
2167,OTPK_exists,25112440,108
2168,session_builder,25122498,260
2168,OTPK_exists,25122537,95
2169,session_builder,25135091,360
2169,OTPK_exists,25135162,150
2170,session_builder,25147726,357
2170,OTPK_exists,25147798,153
2171,session_builder,25160331,250
2171,OTPK_exists,25160366,88
2172,session_builder,25172015,277
2172,OTPK_exists,25172067,113
2173,session_builder,25183987,360
2173,OTPK_exists,25184059,151
2174,session_builder,25196636,357
2174,OTPK_exists,25196707,150
2175,session_builder,25206922,386
2175,OTPK_exists,25206994,145
2176,session_builder,25217362,372
2176,OTPK_exists,25217436,150
2177,session_builder,25230008,350
2177,OTPK_exists,25230079,146
2178,session_builder,25241221,381
2178,OTPK_exists,25241292,143
2179,session_builder,25252066,280
2179,OTPK_exists,25252115,107
2180,session_builder,25264676,15132
2180,OTPK_exists,25264746,148
2181,session_builder,25274868,359
2181,OTPK_exists,25274938,150
2182,session_builder,25286793,286
2182,OTPK_exists,25286840,107
2183,session_builder,25299274,361
2183,OTPK_exists,25299346,149
2184,session_builder,25311912,352
2184,OTPK_exists,25311983,146
2185,session_builder,25322161,250
2185,OTPK_exists,25322193,94
2186,session_builder,25334746,352
2186,OTPK_exists,25334817,147
2187,session_builder,25347440,284
2187,OTPK_exists,25347492,118
2188,session_builder,25360034,281
2188,OTPK_exists,25360070,85
2189,session_builder,25371298,708
2189,OTPK_exists,25371368,152
2190,session_builder,25382549,406
2190,OTPK_exists,25382618,193
2191,session_builder,25393031,354
2191,OTPK_exists,25393097,147
2192,session_builder,25405708,372
2192,OTPK_exists,25405777,180
2193,session_builder,25416978,429
2193,OTPK_exists,25417201,200
2194,session_builder,25428372,346
2194,OTPK_exists,25428424,148
2195,session_builder,25438989,415
2195,OTPK_exists,25439042,147
2196,session_builder,25450838,384
2196,OTPK_exists,25450908,162
2197,session_builder,25461149,381
2197,OTPK_exists,25461213,152
2198,session_builder,25472533,352
2198,OTPK_exists,25472606,145
2199,session_builder,25483717,376
2199,OTPK_exists,25483793,169
2200,session_builder,25494036,349
2200,OTPK_exists,25494101,152
2201,session_builder,25506488,355
2201,OTPK_exists,25506551,147
2202,session_builder,25517073,395
2202,OTPK_exists,25517147,148
2203,session_builder,25528934,298
2203,OTPK_exists,25528968,114
2204,session_builder,25539968,276
2204,OTPK_exists,25540017,111
2205,session_builder,25550437,390
2205,OTPK_exists,25550511,196
2206,session_builder,25562972,281
2206,OTPK_exists,25563015,107
2207,session_builder,25573782,709
2207,OTPK_exists,25573852,144
2208,session_builder,25584023,384
2208,OTPK_exists,25584092,411
2209,session_builder,25596685,354
2209,OTPK_exists,25596740,152
2210,session_builder,25607555,408
2210,OTPK_exists,25607625,153
2211,session_builder,25618643,286
2211,OTPK_exists,25618693,112
2212,session_builder,25628855,287
2212,OTPK_exists,25628901,113
2213,session_builder,25641271,386
2213,OTPK_exists,25641341,164
2214,session_builder,25651971,280
2214,OTPK_exists,25652020,108
2215,session_builder,25664471,375
2215,OTPK_exists,25664548,150
2216,session_builder,25676712,358
2216,OTPK_exists,25676780,145
2217,session_builder,25687043,280
2217,OTPK_exists,25687075,114
2218,session_builder,25699254,347
2218,OTPK_exists,25699323,162
2219,session_builder,25709581,358
2219,OTPK_exists,25709648,151
2220,session_builder,25720075,299
2220,OTPK_exists,25720113,110
2221,session_builder,25732136,679
2221,OTPK_exists,25732189,148
2222,session_builder,25743293,369
2222,OTPK_exists,25743349,159
2223,session_builder,25754524,271
2223,OTPK_exists,25754577,100
2224,session_builder,25765756,235
2224,OTPK_exists,25765787,87
2225,session_builder,25776325,276
2225,OTPK_exists,25776347,51
2226,session_builder,25787315,521
2226,OTPK_exists,25787370,85
2227,session_builder,25799269,347
2227,OTPK_exists,25799341,150
2228,session_builder,25810243,282
2228,OTPK_exists,25810292,110
2229,session_builder,25820937,287
2229,OTPK_exists,25820982,114
2230,session_builder,25831462,354
2230,OTPK_exists,25831539,165
2231,session_builder,25842908,354
2231,OTPK_exists,25842980,151
2232,session_builder,25855106,352
2232,OTPK_exists,25855178,164
2233,session_builder,25867741,349
2233,OTPK_exists,25867812,146
2234,session_builder,25880386,352
2234,OTPK_exists,25880457,148
2235,session_builder,25892893,351
2235,OTPK_exists,25892965,148
2236,session_builder,25905103,362
2236,OTPK_exists,25905174,153
2237,session_builder,25917319,387
2237,OTPK_exists,25917392,145
2238,session_builder,25928985,353
2238,OTPK_exists,25929055,152
2239,session_builder,25939322,406
2239,OTPK_exists,25939391,153
2240,session_builder,25950772,707
2240,OTPK_exists,25950841,145
2241,session_builder,25963406,356
2241,OTPK_exists,25963478,152
2242,session_builder,25973801,377
2242,OTPK_exists,25973875,148
2243,session_builder,25985567,284
2243,OTPK_exists,25985618,108
2244,session_builder,25998175,350
2244,OTPK_exists,25998246,147
2245,session_builder,26008352,352
2245,OTPK_exists,26008423,153
2246,session_builder,26018908,309
2246,OTPK_exists,26018959,107
2247,session_builder,26031522,350
2247,OTPK_exists,26031593,146
2248,session_builder,26044158,351
2248,OTPK_exists,26044229,149
2249,session_builder,26055178,249
2249,OTPK_exists,26055266,96
2250,session_builder,26065980,364
2250,OTPK_exists,26066031,152
2251,session_builder,26078595,363
2251,OTPK_exists,26078668,145
2252,session_builder,26089868,277
2252,OTPK_exists,26089915,113
2253,session_builder,26100770,673
2253,OTPK_exists,26100840,147
2254,session_builder,26113404,352
2254,OTPK_exists,26113475,151
2255,session_builder,26125826,308
2255,OTPK_exists,26125865,122
2256,session_builder,26137937,557
2256,OTPK_exists,26138006,146
2257,session_builder,26149258,354
2257,OTPK_exists,26149311,148
2258,session_builder,26159580,280
2258,OTPK_exists,26159626,110
2259,session_builder,26170018,355
2259,OTPK_exists,26170087,152
2260,session_builder,26181260,352
2260,OTPK_exists,26181329,148
2261,session_builder,26192398,258
2261,OTPK_exists,26192437,95
2262,session_builder,26203787,363
2262,OTPK_exists,26203858,153
2263,session_builder,26215038,384
2263,OTPK_exists,26215108,147
2264,session_builder,26226365,315
2264,OTPK_exists,26226410,124
2265,session_builder,26236841,663
2265,OTPK_exists,26236911,151
2266,session_builder,26249321,356
2266,OTPK_exists,26249392,153
2267,session_builder,26259939,372
2267,OTPK_exists,26260032,167
2268,session_builder,26271956,710
2268,OTPK_exists,26272027,145
2269,session_builder,26284241,400
2269,OTPK_exists,26284356,147
2270,session_builder,26294469,346
2270,OTPK_exists,26294532,148
2271,session_builder,26307087,278
2271,OTPK_exists,26307179,110
2272,session_builder,26318093,358
2272,OTPK_exists,26318166,146
2273,session_builder,26328274,255
2273,OTPK_exists,26328313,95
2274,session_builder,26340875,356
2274,OTPK_exists,26340947,151
2275,session_builder,26351014,368
2275,OTPK_exists,26351087,145
2276,session_builder,26361355,349
2276,OTPK_exists,26361422,146
2277,session_builder,26372048,345
2277,OTPK_exists,26372120,148
2278,session_builder,26384391,379
2278,OTPK_exists,26384464,221
2279,session_builder,26394940,273
2279,OTPK_exists,26394985,112
2280,session_builder,26407541,351
2280,OTPK_exists,26407613,148
2281,session_builder,26418137,416
2281,OTPK_exists,26418202,151
2282,session_builder,26430667,369
2282,OTPK_exists,26430740,151
2283,session_builder,26443308,366
2283,OTPK_exists,26443380,152
2284,session_builder,26453847,274
2284,OTPK_exists,26453894,111
2285,session_builder,26465797,350
2285,OTPK_exists,26465871,148
2286,session_builder,26478438,347
2286,OTPK_exists,26478509,145
2287,session_builder,26488588,262
2287,OTPK_exists,26488625,133
2288,session_builder,26499270,351
2288,OTPK_exists,26499341,147
2289,session_builder,26511906,350
2289,OTPK_exists,26511978,152
2290,session_builder,26523380,278
2290,OTPK_exists,26523449,98
2291,session_builder,26535997,368
2291,OTPK_exists,26536069,183
2292,session_builder,26548633,359
2292,OTPK_exists,26548705,149
2293,session_builder,26559881,287
2293,OTPK_exists,26559933,124
2294,session_builder,26571950,388
2294,OTPK_exists,26572021,142
2295,session_builder,26584489,378
2295,OTPK_exists,26584636,154
2296,session_builder,26597210,352
2296,OTPK_exists,26597360,149
2297,session_builder,26609521,659
2297,OTPK_exists,26609583,149
2298,session_builder,26620791,309
2298,OTPK_exists,26620824,108
2299,session_builder,26632157,364
2299,OTPK_exists,26632220,148
2300,session_builder,26643085,280
2300,OTPK_exists,26643121,109
2301,session_builder,26653726,278
2301,OTPK_exists,26653770,108
2302,session_builder,26664947,358
2302,OTPK_exists,26664999,113
2303,session_builder,26677559,368
2303,OTPK_exists,26677632,151
2304,session_builder,26690192,362
2304,OTPK_exists,26690248,152
2305,session_builder,26702813,365
2305,OTPK_exists,26702886,151
2306,session_builder,26715452,372
2306,OTPK_exists,26715524,153
2307,session_builder,26726680,362
2307,OTPK_exists,26726753,170
2308,session_builder,26736850,280
2308,OTPK_exists,26736899,116
2309,session_builder,26749457,366
2309,OTPK_exists,26749530,156
2310,session_builder,26759971,281
2310,OTPK_exists,26760014,113
2311,session_builder,26772569,358
2311,OTPK_exists,26772641,150
2312,session_builder,26785029,360
2312,OTPK_exists,26785100,145
2313,session_builder,26796929,239
2313,OTPK_exists,26796966,85
2314,session_builder,26809511,231
2314,OTPK_exists,26809579,84
2315,session_builder,26821602,299
2315,OTPK_exists,26821650,112
2316,session_builder,26832868,489
2316,OTPK_exists,26832940,151
2317,session_builder,26844965,343
2317,OTPK_exists,26845034,148
2318,session_builder,26855290,257
2318,OTPK_exists,26855338,94
2319,session_builder,26865874,708
2319,OTPK_exists,26865931,146
2320,session_builder,26878426,347
2320,OTPK_exists,26878496,145
2321,session_builder,26890338,260
2321,OTPK_exists,26890384,96
2322,session_builder,26901912,368
2322,OTPK_exists,26901982,147
2323,session_builder,26914531,284
2323,OTPK_exists,26914575,110
2324,session_builder,26925511,274
2324,OTPK_exists,26925549,113
2325,session_builder,26937151,397
2325,OTPK_exists,26937215,150
2326,session_builder,26949281,287
2326,OTPK_exists,26949317,105
2327,session_builder,26960769,293
2327,OTPK_exists,26960816,112
2328,session_builder,26971540,290
2328,OTPK_exists,26971580,112
2329,session_builder,26982769,278
2329,OTPK_exists,26982807,110
2330,session_builder,26993195,256
2330,OTPK_exists,26993221,95
2331,session_builder,27003344,358
2331,OTPK_exists,27003412,170
2332,session_builder,27015814,361
2332,OTPK_exists,27015881,142
2333,session_builder,27025964,275
2333,OTPK_exists,27026004,107
2334,session_builder,27036809,493
2334,OTPK_exists,27037002,149
2335,session_builder,27049294,356
2335,OTPK_exists,27049350,150
2336,session_builder,27059440,475
2336,OTPK_exists,27059487,111
2337,session_builder,27071389,419
2337,OTPK_exists,27071439,147
2338,session_builder,27082934,352
2338,OTPK_exists,27082986,151
2339,session_builder,27093288,349
2339,OTPK_exists,27093341,148
2340,session_builder,27104536,347
2340,OTPK_exists,27104598,150
2341,session_builder,27115767,349
2341,OTPK_exists,27115830,145
2342,session_builder,27127057,347
2342,OTPK_exists,27127110,147
2343,session_builder,27138179,354
2343,OTPK_exists,27138232,148
2344,session_builder,27149257,348
2344,OTPK_exists,27149306,146
2345,session_builder,27160761,290
2345,OTPK_exists,27160810,107
2346,session_builder,27171788,676
2346,OTPK_exists,27171844,148
2347,session_builder,27182793,366
2347,OTPK_exists,27182841,155
2348,session_builder,27194054,694
2348,OTPK_exists,27194104,173
2349,session_builder,27204969,349
2349,OTPK_exists,27205040,145
2350,session_builder,27215959,352
2350,OTPK_exists,27215993,150
2351,session_builder,27227470,355
2351,OTPK_exists,27227539,148
2352,session_builder,27238400,282
2352,OTPK_exists,27238484,110
2353,session_builder,27249975,362
2353,OTPK_exists,27250058,147
2354,session_builder,27261237,463
2354,OTPK_exists,27261308,148
2355,session_builder,27272462,360
2355,OTPK_exists,27272532,146
2356,session_builder,27284840,374
2356,OTPK_exists,27284904,156
2357,session_builder,27295654,395
2357,OTPK_exists,27295708,145
2358,session_builder,27306246,409
2358,OTPK_exists,27306316,151
2359,session_builder,27317488,346
2359,OTPK_exists,27317557,386
2360,session_builder,27327877,349
2360,OTPK_exists,27327950,146
2361,session_builder,27338903,268
2361,OTPK_exists,27338952,111
2362,session_builder,27349270,351
2362,OTPK_exists,27349342,150
2363,session_builder,27360687,350
2363,OTPK_exists,27360760,142
2364,session_builder,27373323,351
2364,OTPK_exists,27373395,148
2365,session_builder,27385941,375
2365,OTPK_exists,27385982,122
2366,session_builder,27396112,282
2366,OTPK_exists,27396160,127
2367,session_builder,27408429,270
2367,OTPK_exists,27408475,105
2368,session_builder,27418632,409
2368,OTPK_exists,27418703,146
2369,session_builder,27430653,375
2369,OTPK_exists,27430717,144
2370,session_builder,27441365,353
2370,OTPK_exists,27441437,150
2371,session_builder,27451728,396
2371,OTPK_exists,27451800,144
2372,session_builder,27464389,355
2372,OTPK_exists,27464457,154
2373,session_builder,27475537,348
2373,OTPK_exists,27475593,143
2374,session_builder,27486756,291
2374,OTPK_exists,27486788,110
2375,session_builder,27499253,346
2375,OTPK_exists,27499307,151
2376,session_builder,27509524,364
2376,OTPK_exists,27509588,143
2377,session_builder,27520193,275
2377,OTPK_exists,27520227,108
2378,session_builder,27532017,351
2378,OTPK_exists,27532070,148
2379,session_builder,27542507,280
2379,OTPK_exists,27542554,111
2380,session_builder,27553223,285
2380,OTPK_exists,27553271,111
2381,session_builder,27564952,356
2381,OTPK_exists,27565020,150
2382,session_builder,27575714,279
2382,OTPK_exists,27575764,107
2383,session_builder,27588243,279
2383,OTPK_exists,27588281,106
2384,session_builder,27598749,347
2384,OTPK_exists,27598819,145
2385,session_builder,27609960,391
2385,OTPK_exists,27610029,148
2386,session_builder,27621286,300
2386,OTPK_exists,27621319,111
2387,session_builder,27632487,355
2387,OTPK_exists,27632557,150
2388,session_builder,27643734,361
2388,OTPK_exists,27643804,154
2389,session_builder,27655078,295
2389,OTPK_exists,27655123,122
2390,session_builder,27665793,355
2390,OTPK_exists,27665865,151
2391,session_builder,27677521,350
2391,OTPK_exists,27677590,147
2392,session_builder,27689290,294
2392,OTPK_exists,27689321,108
2393,session_builder,27699851,120
2393,OTPK_exists,27699877,50
2394,session_builder,27711921,364
2394,OTPK_exists,27711982,147
2395,session_builder,27723445,226
2395,OTPK_exists,27723467,53
2396,session_builder,27735119,256
2396,OTPK_exists,27735146,92
2397,session_builder,27745495,450
2397,OTPK_exists,27745542,194
2398,session_builder,27756029,273
2398,OTPK_exists,27756075,101
2399,session_builder,27767635,395
2399,OTPK_exists,27767688,147
2400,session_builder,27779408,347
2400,OTPK_exists,27779458,148
2401,session_builder,27789720,281
2401,OTPK_exists,27789866,112
2402,session_builder,27801320,511
2402,OTPK_exists,27801389,148
2403,session_builder,27813956,399
2403,OTPK_exists,27814027,159
2404,session_builder,27825436,286
2404,OTPK_exists,27825485,108
2405,session_builder,27836770,239
2405,OTPK_exists,27836795,87
2406,session_builder,27849229,232
2406,OTPK_exists,27849250,83
2407,session_builder,27859656,228
2407,OTPK_exists,27859728,83
2408,session_builder,27871360,115
2408,OTPK_exists,27871372,34
2409,session_builder,27881470,176
2409,OTPK_exists,27881490,80
2410,session_builder,27891628,224
2410,OTPK_exists,27891657,107
2411,session_builder,27902111,227
2411,OTPK_exists,27902136,96
2412,session_builder,27914660,231
2412,OTPK_exists,27914691,83
2413,session_builder,27927241,223
2413,OTPK_exists,27927267,95
2414,session_builder,27939787,193
2414,OTPK_exists,27939810,79
2415,session_builder,27951852,247
2415,OTPK_exists,27951872,80
2416,session_builder,27964449,172
2416,OTPK_exists,27964480,64
2417,session_builder,27974559,221
2417,OTPK_exists,27974591,81
2418,session_builder,27985213,224
2418,OTPK_exists,27985270,87
2419,session_builder,27997793,157
2419,OTPK_exists,27997821,95
2420,session_builder,28010338,147
2420,OTPK_exists,28010355,26
2421,session_builder,28020457,98
2421,OTPK_exists,28020474,58
2422,session_builder,28032989,53
2422,OTPK_exists,28033004,26
2423,session_builder,28045518,50
2423,OTPK_exists,28045532,27
2424,session_builder,28058004,84
2424,OTPK_exists,28058022,38
2425,session_builder,28068878,49
2425,OTPK_exists,28068895,64
2426,session_builder,28080621,213
2426,OTPK_exists,28080641,76
2427,session_builder,28091068,217
2427,OTPK_exists,28091111,77
2428,session_builder,28102764,354
2428,OTPK_exists,28102833,148
2429,session_builder,28115396,350
2429,OTPK_exists,28115468,150
2430,session_builder,28128047,247
2430,OTPK_exists,28128122,96
2431,session_builder,28140682,357
2431,OTPK_exists,28140753,148
2432,session_builder,28151737,359
2432,OTPK_exists,28151802,151
2433,session_builder,28164451,364
2433,OTPK_exists,28164525,153
2434,session_builder,28177090,359
2434,OTPK_exists,28177162,151
2435,session_builder,28188014,288
2435,OTPK_exists,28188062,112
2436,session_builder,28199270,350
2436,OTPK_exists,28199341,146
2437,session_builder,28211906,350
2437,OTPK_exists,28211977,146
2438,session_builder,28223272,286
2438,OTPK_exists,28223319,110
2439,session_builder,28233942,352
2439,OTPK_exists,28234013,149
2440,session_builder,28245152,351
2440,OTPK_exists,28245222,147
2441,session_builder,28255708,313
2441,OTPK_exists,28255756,108
2442,session_builder,28266799,364
2442,OTPK_exists,28266872,146
2443,session_builder,28278583,363
2443,OTPK_exists,28278656,149
2444,session_builder,28290106,287
2444,OTPK_exists,28290155,113
2445,session_builder,28302711,369
2445,OTPK_exists,28302784,151
2446,session_builder,28315349,366
2446,OTPK_exists,28315421,384
2447,session_builder,28325820,277
2447,OTPK_exists,28325869,106
2448,session_builder,28338146,314
2448,OTPK_exists,28338189,89
2449,session_builder,28350578,267
2449,OTPK_exists,28350614,89
2450,session_builder,28361945,361
2450,OTPK_exists,28362016,151
2451,session_builder,28374570,346
2451,OTPK_exists,28374641,147
2452,session_builder,28386917,350
2452,OTPK_exists,28386990,146
2453,session_builder,28399268,350
2453,OTPK_exists,28399339,146
2454,session_builder,28410389,367
2454,OTPK_exists,28410461,487
2455,session_builder,28420717,282
2455,OTPK_exists,28420764,111
2456,session_builder,28430978,349
2456,OTPK_exists,28431055,148
2457,session_builder,28441140,351
2457,OTPK_exists,28441205,147
2458,session_builder,28452243,368
2458,OTPK_exists,28452315,159
2459,session_builder,28464880,347
2459,OTPK_exists,28464952,148
2460,session_builder,28475795,356
2460,OTPK_exists,28475864,147
2461,session_builder,28486821,361
2461,OTPK_exists,28486897,151
2462,session_builder,28499270,350
2462,OTPK_exists,28499341,148
2463,session_builder,28511906,356
2463,OTPK_exists,28511977,147
2464,session_builder,28524542,352
2464,OTPK_exists,28524613,148
2465,session_builder,28536793,348
2465,OTPK_exists,28536863,152
2466,session_builder,28549269,348
2466,OTPK_exists,28549340,148
2467,session_builder,28561905,349
2467,OTPK_exists,28561976,150
2468,session_builder,28574544,348
2468,OTPK_exists,28574616,147
2469,session_builder,28586820,374
2469,OTPK_exists,28586891,387
2470,session_builder,28599321,347
2470,OTPK_exists,28599391,145
2471,session_builder,28611955,353
2471,OTPK_exists,28612027,149
2472,session_builder,28623356,292
2472,OTPK_exists,28623407,429
2473,session_builder,28635954,354
2473,OTPK_exists,28636024,151
2474,session_builder,28647480,378
2474,OTPK_exists,28647556,145
2475,session_builder,28660130,352
2475,OTPK_exists,28660200,150
2476,session_builder,28672769,353
2476,OTPK_exists,28672842,151
2477,session_builder,28685167,360
2477,OTPK_exists,28685239,149
2478,session_builder,28697812,349
2478,OTPK_exists,28697883,150
2479,session_builder,28710448,352
2479,OTPK_exists,28710519,148
2480,session_builder,28721471,276
2480,OTPK_exists,28721518,125
2481,session_builder,28732843,345
2481,OTPK_exists,28732914,149
2482,session_builder,28745479,347
2482,OTPK_exists,28745550,148
2483,session_builder,28756102,352
2483,OTPK_exists,28756174,149
2484,session_builder,28768737,352
2484,OTPK_exists,28768808,148
2485,session_builder,28781372,350
2485,OTPK_exists,28781444,149
2486,session_builder,28791510,418
2486,OTPK_exists,28791566,182
2487,session_builder,28804130,353
2487,OTPK_exists,28804206,148
2488,session_builder,28815789,351
2488,OTPK_exists,28815860,147
2489,session_builder,28828429,350
2489,OTPK_exists,28828501,148
2490,session_builder,28841070,352
2490,OTPK_exists,28841143,448
2491,session_builder,28852500,358
2491,OTPK_exists,28852573,146
2492,session_builder,28865137,354
2492,OTPK_exists,28865209,147
2493,session_builder,28877391,383
2493,OTPK_exists,28877465,164
2494,session_builder,28890090,361
2494,OTPK_exists,28890159,143
2495,session_builder,28902622,399
2495,OTPK_exists,28902696,164
2496,session_builder,28914439,367
2496,OTPK_exists,28914512,156
2497,session_builder,28927077,353
2497,OTPK_exists,28927148,148
2498,session_builder,28937196,350
2498,OTPK_exists,28937263,146
2499,session_builder,28949269,351
2499,OTPK_exists,28949340,147
2500,session_builder,28961912,350
2500,OTPK_exists,28961982,147
2501,session_builder,28974547,348
2501,OTPK_exists,28974618,151
2502,session_builder,28986821,352
2502,OTPK_exists,28986893,150
2503,session_builder,28999272,347
2503,OTPK_exists,28999344,148
2504,session_builder,29010416,367
2504,OTPK_exists,29010491,146
2505,session_builder,29023066,280
2505,OTPK_exists,29023188,114
2506,session_builder,29035750,359
2506,OTPK_exists,29035823,150
2507,session_builder,29048387,363
2507,OTPK_exists,29048459,148
2508,session_builder,29061029,357
2508,OTPK_exists,29061101,148
2509,session_builder,29073719,349
2509,OTPK_exists,29073790,193
2510,session_builder,29086034,352
2510,OTPK_exists,29086106,147
2511,session_builder,29098249,696
2511,OTPK_exists,29098320,146
2512,session_builder,29110884,356
2512,OTPK_exists,29110955,146
2513,session_builder,29123518,355
2513,OTPK_exists,29123590,148
2514,session_builder,29134675,713
2514,OTPK_exists,29134738,149
2515,session_builder,29145713,423
2515,OTPK_exists,29145784,153
2516,session_builder,29158392,359
2516,OTPK_exists,29158464,151
2517,session_builder,29171029,365
2517,OTPK_exists,29171101,153
2518,session_builder,29183666,360
2518,OTPK_exists,29183738,149
2519,session_builder,29196230,686
2519,OTPK_exists,29196301,171
2520,session_builder,29208382,647
2520,OTPK_exists,29208466,207
2521,session_builder,29218607,282
2521,OTPK_exists,29218657,120
2522,session_builder,29229983,380
2522,OTPK_exists,29230052,149
2523,session_builder,29241237,361
2523,OTPK_exists,29241306,150
2524,session_builder,29252817,433
2524,OTPK_exists,29252888,150
2525,session_builder,29263596,248
2525,OTPK_exists,29263633,95
2526,session_builder,29274456,350
2526,OTPK_exists,29288020,148
2527,session_builder,29299253,376
2527,OTPK_exists,29308589,153
2528,session_builder,29319762,366
2528,OTPK_exists,29327605,156
2529,session_builder,29337936,358
2529,OTPK_exists,29349679,147
2530,session_builder,29359809,345
2530,OTPK_exists,29359878,150
2531,session_builder,29371309,438
2531,OTPK_exists,29371382,145
2532,session_builder,29383947,364
2532,OTPK_exists,29384020,150
2533,session_builder,29396586,366
2533,OTPK_exists,29396658,151
2534,session_builder,29409229,359
2534,OTPK_exists,29409300,147
2535,session_builder,29420111,379
2535,OTPK_exists,29420184,144
2536,session_builder,29430850,354
2536,OTPK_exists,29430916,152
2537,session_builder,29443586,364
2537,OTPK_exists,29443658,205
2538,session_builder,29455148,289
2538,OTPK_exists,29455193,107
2539,session_builder,29465371,253
2539,OTPK_exists,29465410,97
2540,session_builder,29475491,67
2540,OTPK_exists,29475511,34
2541,session_builder,29486354,373
2541,OTPK_exists,29486425,160
2542,session_builder,29497344,356
2542,OTPK_exists,29497400,149
2543,session_builder,29507897,345
2543,OTPK_exists,29507968,148
2544,session_builder,29520178,407
2544,OTPK_exists,29520251,151
2545,session_builder,29532816,359
2545,OTPK_exists,29532888,149
2546,session_builder,29543439,352
2546,OTPK_exists,29543511,148
2547,session_builder,29555707,288
2547,OTPK_exists,29555755,150
2548,session_builder,29567680,401
2548,OTPK_exists,29567733,148
2549,session_builder,29579569,357
2549,OTPK_exists,29579625,145
2550,session_builder,29590492,273
2550,OTPK_exists,29590547,111
2551,session_builder,29601239,360
2551,OTPK_exists,29601310,171
2552,session_builder,29612496,390
2552,OTPK_exists,29612566,151
2553,session_builder,29623566,285
2553,OTPK_exists,29623616,112
2554,session_builder,29634957,421
2554,OTPK_exists,29635028,145
2555,session_builder,29647103,357
2555,OTPK_exists,29647163,147
2556,session_builder,29657340,289
2556,OTPK_exists,29657389,109
2557,session_builder,29669743,361
2557,OTPK_exists,29669798,159
2558,session_builder,29680785,355
2558,OTPK_exists,29680839,147
2559,session_builder,29691309,308
2559,OTPK_exists,29691344,150
2560,session_builder,29702487,363
2560,OTPK_exists,29702557,160
2561,session_builder,29713724,357
2561,OTPK_exists,29713793,147
2562,session_builder,29725002,289
2562,OTPK_exists,29725048,112
2563,session_builder,29736856,497
2563,OTPK_exists,29736922,155
2564,session_builder,29749258,366
2564,OTPK_exists,29749313,145
2565,session_builder,29759700,361
2565,OTPK_exists,29759764,145
2566,session_builder,29771283,279
2566,OTPK_exists,29771355,108
2567,session_builder,29782022,360
2567,OTPK_exists,29782075,145
2568,session_builder,29793160,360
2568,OTPK_exists,29793216,150
2569,session_builder,29803612,352
2569,OTPK_exists,29803681,148
2570,session_builder,29814950,351
2570,OTPK_exists,29815019,145
2571,session_builder,29826302,389
2571,OTPK_exists,29826377,154
2572,session_builder,29836853,350
2572,OTPK_exists,29836920,148
2573,session_builder,29849257,347
2573,OTPK_exists,29849312,150
2574,session_builder,29860313,407
2574,OTPK_exists,29860380,148
2575,session_builder,29871229,352
2575,OTPK_exists,29871298,167
2576,session_builder,29881759,344
2576,OTPK_exists,29881830,150
2577,session_builder,29893152,387
2577,OTPK_exists,29893220,148
2578,session_builder,29904885,354
2578,OTPK_exists,29904955,148
2579,session_builder,29915791,349
2579,OTPK_exists,29915862,150
2580,session_builder,29927439,375
2580,OTPK_exists,29927511,153
2581,session_builder,29939543,358
2581,OTPK_exists,29939613,142
2582,session_builder,29952178,349
2582,OTPK_exists,29952250,148
2583,session_builder,29964821,349
2583,OTPK_exists,29964893,146
2584,session_builder,29977508,755
2584,OTPK_exists,29977582,153
2585,session_builder,29989008,283
2585,OTPK_exists,29989056,113
2586,session_builder,29999268,353
2586,OTPK_exists,29999339,147
2587,session_builder,30011904,348
2587,OTPK_exists,30011974,148
2588,session_builder,30022321,284
2588,OTPK_exists,30022368,108
2589,session_builder,30034815,355
2589,OTPK_exists,30034886,147
2590,session_builder,30047450,351
2590,OTPK_exists,30047521,147
2591,session_builder,30060094,356
2591,OTPK_exists,30060166,148
2592,session_builder,30071739,368
2592,OTPK_exists,30071813,169
2593,session_builder,30084377,360
2593,OTPK_exists,30084449,152
2594,session_builder,30096231,384
2594,OTPK_exists,30096300,167
2595,session_builder,30108260,350
2595,OTPK_exists,30108324,187
2596,session_builder,30120518,357
2596,OTPK_exists,30120575,151
2597,session_builder,30130940,386
2597,OTPK_exists,30130998,151
2598,session_builder,30141312,331
2598,OTPK_exists,30141347,126
2599,session_builder,30152497,388
2599,OTPK_exists,30152567,149
2600,session_builder,30163727,631
2600,OTPK_exists,30163795,142
2601,session_builder,30175081,389
2601,OTPK_exists,30175146,148
2602,session_builder,30187249,352
2602,OTPK_exists,30187306,151
2603,session_builder,30199290,737
2603,OTPK_exists,30199344,148
2604,session_builder,30209442,361
2604,OTPK_exists,30209510,148
2605,session_builder,30219765,362
2605,OTPK_exists,30219829,168
2606,session_builder,30232451,361
2606,OTPK_exists,30232523,148
2607,session_builder,30242610,435
2607,OTPK_exists,30242668,159
2608,session_builder,30253461,360
2608,OTPK_exists,30253563,149
2609,session_builder,30265792,351
2609,OTPK_exists,30265863,149
2610,session_builder,30278430,350
2610,OTPK_exists,30278502,147
2611,session_builder,30290006,342
2611,OTPK_exists,30290076,148
2612,session_builder,30302660,350
2612,OTPK_exists,30302731,148
2613,session_builder,30314425,403
2613,OTPK_exists,30314499,166
2614,session_builder,30325553,617
2614,OTPK_exists,30325600,115
2615,session_builder,30336859,363
2615,OTPK_exists,30336929,150
2616,session_builder,30349586,364
2616,OTPK_exists,30349659,153
2617,session_builder,30362224,366
2617,OTPK_exists,30362298,155
2618,session_builder,30374864,368
2618,OTPK_exists,30374937,154
2619,session_builder,30387502,363
2619,OTPK_exists,30387574,154
2620,session_builder,30400130,416
2620,OTPK_exists,30400198,149
2621,session_builder,30411218,348
2621,OTPK_exists,30411288,145
2622,session_builder,30422438,348
2622,OTPK_exists,30422507,148
2623,session_builder,30433705,367
2623,OTPK_exists,30433773,148
2624,session_builder,30444978,701
2624,OTPK_exists,30445050,153
2625,session_builder,30455543,284
2625,OTPK_exists,30455592,112
2626,session_builder,30465758,310
2626,OTPK_exists,30465812,106
2627,session_builder,30476646,250
2627,OTPK_exists,30476719,103
2628,session_builder,30487371,285
2628,OTPK_exists,30487400,86
2629,session_builder,30497840,254
2629,OTPK_exists,30497865,101
2630,session_builder,30509035,226
2630,OTPK_exists,30509062,84
2631,session_builder,30520812,279
2631,OTPK_exists,30520852,84
2632,session_builder,30533356,185
2632,OTPK_exists,30533421,71
2633,session_builder,30544805,372
2633,OTPK_exists,30544870,150
2634,session_builder,30556605,300
2634,OTPK_exists,30556658,123
2635,session_builder,30569216,368
2635,OTPK_exists,30569288,154
2636,session_builder,30581049,368
2636,OTPK_exists,30581117,154
2637,session_builder,30591292,292
2637,OTPK_exists,30591365,116
2638,session_builder,30602606,410
2638,OTPK_exists,30602677,160
2639,session_builder,30614580,426
2639,OTPK_exists,30614648,147
2640,session_builder,30625074,346
2640,OTPK_exists,30625149,112
2641,session_builder,30636776,353
2641,OTPK_exists,30636833,146
2642,session_builder,30649234,309
2642,OTPK_exists,30649260,93
2643,session_builder,30659538,277
2643,OTPK_exists,30659583,123
2644,session_builder,30670272,386
2644,OTPK_exists,30670321,190
2645,session_builder,30682064,708
2645,OTPK_exists,30682118,148
2646,session_builder,30693378,284
2646,OTPK_exists,30693412,113
2647,session_builder,30704919,275
2647,OTPK_exists,30704962,108
2648,session_builder,30715763,353
2648,OTPK_exists,30715823,146
2649,session_builder,30726209,296
2649,OTPK_exists,30726264,518
2650,session_builder,30736843,355
2650,OTPK_exists,30736913,152
2651,session_builder,30749268,350
2651,OTPK_exists,30749339,148
2652,session_builder,30759591,363
2652,OTPK_exists,30759663,145
2653,session_builder,30771607,354
2653,OTPK_exists,30771656,148
2654,session_builder,30782728,383
2654,OTPK_exists,30782777,158
2655,session_builder,30793065,350
2655,OTPK_exists,30793138,148
2656,session_builder,30805674,753
2656,OTPK_exists,30805744,149
2657,session_builder,30818306,353
2657,OTPK_exists,30818378,148
2658,session_builder,30830700,372
2658,OTPK_exists,30830786,392
2659,session_builder,30843351,350
2659,OTPK_exists,30843422,148
2660,session_builder,30853879,372
2660,OTPK_exists,30853949,147
2661,session_builder,30865789,348
2661,OTPK_exists,30865860,146
2662,session_builder,30878424,350
2662,OTPK_exists,30878495,149
2663,session_builder,30890684,395
2663,OTPK_exists,30890757,150
2664,session_builder,30903320,358
2664,OTPK_exists,30903393,148
2665,session_builder,30915031,366
2665,OTPK_exists,30915101,147
2666,session_builder,30927665,356
2666,OTPK_exists,30927736,150
2667,session_builder,30938230,355
2667,OTPK_exists,30938302,148
2668,session_builder,30949269,350
2668,OTPK_exists,30949340,145
2669,session_builder,30961904,353
2669,OTPK_exists,30961975,147
2670,session_builder,30972377,348
2670,OTPK_exists,30972448,146
2671,session_builder,30982736,349
2671,OTPK_exists,30982807,148
2672,session_builder,30995373,354
2672,OTPK_exists,30995445,151
2673,session_builder,31008041,349
2673,OTPK_exists,31008107,147
2674,session_builder,31018718,357
2674,OTPK_exists,31018787,151
2675,session_builder,31029969,355
2675,OTPK_exists,31030039,166
2676,session_builder,31041215,355
2676,OTPK_exists,31041283,151
2677,session_builder,31053142,403
2677,OTPK_exists,31053210,151
2678,session_builder,31065765,355
2678,OTPK_exists,31065828,151
2679,session_builder,31076278,348
2679,OTPK_exists,31076335,150
2680,session_builder,31087684,367
2680,OTPK_exists,31087737,152
2681,session_builder,31099232,255
2681,OTPK_exists,31099253,52
2682,session_builder,31109441,227
2682,OTPK_exists,31109477,83
2683,session_builder,31119992,359
2683,OTPK_exists,31120059,148
2684,session_builder,31131186,232
2684,OTPK_exists,31131223,85
2685,session_builder,31142473,281
2685,OTPK_exists,31142508,78
2686,session_builder,31153757,361
2686,OTPK_exists,31153830,168
2687,session_builder,31165906,371
2687,OTPK_exists,31165937,151
2688,session_builder,31177006,361
2688,OTPK_exists,31177058,145
2689,session_builder,31187422,391
2689,OTPK_exists,31187499,163
2690,session_builder,31199241,287
2690,OTPK_exists,31199275,111
2691,session_builder,31209948,359
2691,OTPK_exists,31210018,146
2692,session_builder,31221618,301
2692,OTPK_exists,31221668,171
2693,session_builder,31232513,370
2693,OTPK_exists,31232585,143
2694,session_builder,31243523,347
2694,OTPK_exists,31243580,150
2695,session_builder,31255400,383
2695,OTPK_exists,31255471,165
2696,session_builder,31266129,352
2696,OTPK_exists,31266186,151
2697,session_builder,31277473,391
2697,OTPK_exists,31277543,150
2698,session_builder,31288730,719
2698,OTPK_exists,31288801,147
2699,session_builder,31299269,350
2699,OTPK_exists,31299340,147
2700,session_builder,31311789,359
2700,OTPK_exists,31311856,151
2701,session_builder,31322313,363
2701,OTPK_exists,31322382,147
2702,session_builder,31333739,388
2702,OTPK_exists,31333811,149
2703,session_builder,31344987,356
2703,OTPK_exists,31345057,151
2704,session_builder,31356219,354
2704,OTPK_exists,31356287,145
2705,session_builder,31367467,355
2705,OTPK_exists,31367537,150
2706,session_builder,31378733,375
2706,OTPK_exists,31378803,152
2707,session_builder,31390678,382
2707,OTPK_exists,31390737,143
2708,session_builder,31403309,365
2708,OTPK_exists,31403382,149
2709,session_builder,31415939,719
2709,OTPK_exists,31415989,151
2710,session_builder,31428554,366
2710,OTPK_exists,31428627,150
2711,session_builder,31440388,369
2711,OTPK_exists,31440462,150
2712,session_builder,31452923,375
2712,OTPK_exists,31452998,160
2713,session_builder,31463426,367
2713,OTPK_exists,31463499,166
2714,session_builder,31475794,395
2714,OTPK_exists,31475867,150
2715,session_builder,31487565,542
2715,OTPK_exists,31487637,153
2716,session_builder,31499269,350
2716,OTPK_exists,31499341,152
2717,session_builder,31511905,354
2717,OTPK_exists,31511977,147
2718,session_builder,31524541,355
2718,OTPK_exists,31524612,148
2719,session_builder,31536779,742
2719,OTPK_exists,31536835,146
2720,session_builder,31549269,352
2720,OTPK_exists,31549339,150
2721,session_builder,31559744,351
2721,OTPK_exists,31559815,147
2722,session_builder,31571887,354
2722,OTPK_exists,31571960,148
2723,session_builder,31583916,278
2723,OTPK_exists,31583956,406
2724,session_builder,31595598,249
2724,OTPK_exists,31595668,95
2725,session_builder,31605786,348
2725,OTPK_exists,31605850,145
2726,session_builder,31616360,348
2726,OTPK_exists,31616411,484
2727,session_builder,31627021,360
2727,OTPK_exists,31627075,151
2728,session_builder,31639644,733
2728,OTPK_exists,31639729,166
2729,session_builder,31650417,234
2729,OTPK_exists,31650440,86
2730,session_builder,31660730,223
2730,OTPK_exists,31660763,44
2731,session_builder,31671211,366
2731,OTPK_exists,31671283,152
2732,session_builder,31682561,441
2732,OTPK_exists,31682617,148
2733,session_builder,31692661,254
2733,OTPK_exists,31692700,111
2734,session_builder,31703191,136
2734,OTPK_exists,31703238,40
2735,session_builder,31715780,350
2735,OTPK_exists,31715853,147
2736,session_builder,31726960,278
2736,OTPK_exists,31727011,108
2737,session_builder,31737318,350
2737,OTPK_exists,31737385,148
2738,session_builder,31749238,280
2738,OTPK_exists,31749286,111
2739,session_builder,31760050,259
2739,OTPK_exists,31760109,112
2740,session_builder,31772330,426
2740,OTPK_exists,31772400,150
2741,session_builder,31784717,318
2741,OTPK_exists,31784759,107
2742,session_builder,31794794,251
2742,OTPK_exists,31794828,101
2743,session_builder,31805584,241
2743,OTPK_exists,31805650,122
2744,session_builder,31815789,350
2744,OTPK_exists,31815860,147
2745,session_builder,31828490,349
2745,OTPK_exists,31828561,148
2746,session_builder,31838765,673
2746,OTPK_exists,31838835,149
2747,session_builder,31851216,348
2747,OTPK_exists,31851286,152
2748,session_builder,31862454,353
2748,OTPK_exists,31862523,151
2749,session_builder,31875033,352
2749,OTPK_exists,31875105,155
2750,session_builder,31886819,280
2750,OTPK_exists,31886872,124
2751,session_builder,31899297,347
2751,OTPK_exists,31899352,152
2752,session_builder,31909617,399
2752,OTPK_exists,31909681,152
2753,session_builder,31921601,349
2753,OTPK_exists,31921670,150
2754,session_builder,31932260,366
2754,OTPK_exists,31932315,151
2755,session_builder,31944878,352
2755,OTPK_exists,31944949,149
2756,session_builder,31955150,306
2756,OTPK_exists,31955197,135
2757,session_builder,31966054,354
2757,OTPK_exists,31966088,150
2758,session_builder,31978651,350
2758,OTPK_exists,31978722,150
2759,session_builder,31989444,279
2759,OTPK_exists,31989484,111
2760,session_builder,32002041,346
2760,OTPK_exists,32002113,149
2761,session_builder,32014477,344
2761,OTPK_exists,32014549,145
2762,session_builder,32027124,283
2762,OTPK_exists,32027193,107
2763,session_builder,32039124,357
2763,OTPK_exists,32039196,145
2764,session_builder,32051781,351
2764,OTPK_exists,32051853,148
2765,session_builder,32063373,667
2765,OTPK_exists,32063444,142
2766,session_builder,32074510,527
2766,OTPK_exists,32074560,86
2767,session_builder,32086844,355
2767,OTPK_exists,32086913,150
2768,session_builder,32099344,389
2768,OTPK_exists,32099397,148
2769,session_builder,32109956,664
2769,OTPK_exists,32110026,147
2770,session_builder,32120352,356
2770,OTPK_exists,32120420,150
2771,session_builder,32132470,347
2771,OTPK_exists,32132540,147
2772,session_builder,32143706,357
2772,OTPK_exists,32143775,145
2773,session_builder,32156022,282
2773,OTPK_exists,32156071,109
2774,session_builder,32166454,101
2774,OTPK_exists,32166483,50
2775,session_builder,32177044,400
2775,OTPK_exists,32177116,151
2776,session_builder,32188066,366
2776,OTPK_exists,32188139,152
2777,session_builder,32199241,300
2777,OTPK_exists,32199282,108
2778,session_builder,32211856,432
2778,OTPK_exists,32211929,145
2779,session_builder,32222322,375
2779,OTPK_exists,32222392,192
2780,session_builder,32233912,303
2780,OTPK_exists,32233944,78
2781,session_builder,32245027,281
2781,OTPK_exists,32245080,108
2782,session_builder,32256158,293
2782,OTPK_exists,32256207,113
2783,session_builder,32266435,86
2783,OTPK_exists,32266461,43
2784,session_builder,32279014,348
2784,OTPK_exists,32279067,148
2785,session_builder,32290954,256
2785,OTPK_exists,32290982,96
2786,session_builder,32301217,258
2786,OTPK_exists,32301250,96
2787,session_builder,32312438,379
2787,OTPK_exists,32312507,145
2788,session_builder,32322576,367
2788,OTPK_exists,32322644,145
2789,session_builder,32333416,105
2789,OTPK_exists,32333448,56
2790,session_builder,32346006,355
2790,OTPK_exists,32346078,150
2791,session_builder,32356496,291
2791,OTPK_exists,32356544,107
2792,session_builder,32366918,189
2792,OTPK_exists,32366948,80
2793,session_builder,32379505,347
2793,OTPK_exists,32379576,148
2794,session_builder,32390368,290
2794,OTPK_exists,32390418,108
2795,session_builder,32401698,610
2795,OTPK_exists,32401770,99
2796,session_builder,32413985,423
2796,OTPK_exists,32414059,156
2797,session_builder,32424789,278
2797,OTPK_exists,32424836,114
2798,session_builder,32436771,292
2798,OTPK_exists,32436810,108
2799,session_builder,32447497,378
2799,OTPK_exists,32447566,151
2800,session_builder,32458013,285
2800,OTPK_exists,32458070,111
2801,session_builder,32469624,384
2801,OTPK_exists,32469700,150
2802,session_builder,32481200,663
2802,OTPK_exists,32481269,151
2803,session_builder,32492063,321
2803,OTPK_exists,32492115,108
2804,session_builder,32503542,344
2804,OTPK_exists,32503605,145
2805,session_builder,32515770,351
2805,OTPK_exists,32515834,145
2806,session_builder,32526069,278
2806,OTPK_exists,32526116,109
2807,session_builder,32537466,496
2807,OTPK_exists,32537536,153
2808,session_builder,32549736,363
2808,OTPK_exists,32549795,189
2809,session_builder,32560145,288
2809,OTPK_exists,32560194,110
2810,session_builder,32571880,410
2810,OTPK_exists,32571939,145
2811,session_builder,32584505,367
2811,OTPK_exists,32584577,149
2812,session_builder,32594638,327
2812,OTPK_exists,32594681,108
2813,session_builder,32604958,443
2813,OTPK_exists,32605030,168
2814,session_builder,32615576,349
2814,OTPK_exists,32615644,148
2815,session_builder,32627099,295
2815,OTPK_exists,32627150,108
2816,session_builder,32638341,349
2816,OTPK_exists,32638412,146
2817,session_builder,32649934,375
2817,OTPK_exists,32650004,145
2818,session_builder,32660079,285
2818,OTPK_exists,32660129,110
2819,session_builder,32671683,358
2819,OTPK_exists,32671758,192
2820,session_builder,32683724,355
2820,OTPK_exists,32683794,153
2821,session_builder,32694340,291
2821,OTPK_exists,32694381,97
2822,session_builder,32706196,372
2822,OTPK_exists,32706264,145
2823,session_builder,32717425,700
2823,OTPK_exists,32717494,146
2824,session_builder,32728696,371
2824,OTPK_exists,32728766,148
2825,session_builder,32739334,286
2825,OTPK_exists,32739364,109
2826,session_builder,32751212,355
2826,OTPK_exists,32751281,147
2827,session_builder,32762444,344
2827,OTPK_exists,32762514,149
2828,session_builder,32772823,234
2828,OTPK_exists,32772848,419
2829,session_builder,32785268,352
2829,OTPK_exists,32785324,146
2830,session_builder,32796629,355
2830,OTPK_exists,32796683,152
2831,session_builder,32809248,356
2831,OTPK_exists,32809319,148
2832,session_builder,32821905,349
2832,OTPK_exists,32821976,155
2833,session_builder,32834541,351
2833,OTPK_exists,32834612,150
2834,session_builder,32847228,659
2834,OTPK_exists,32847298,148
2835,session_builder,32858700,372
2835,OTPK_exists,32858773,143
2836,session_builder,32871414,410
2836,OTPK_exists,32871488,146
2837,session_builder,32882072,381
2837,OTPK_exists,32882139,151
2838,session_builder,32894738,349
2838,OTPK_exists,32894809,149
2839,session_builder,32907023,356
2839,OTPK_exists,32907093,144
2840,session_builder,32918975,350
2840,OTPK_exists,32919041,149
2841,session_builder,32929353,344
2841,OTPK_exists,32929425,143
2842,session_builder,32941988,358
2842,OTPK_exists,32942058,148
2843,session_builder,32954616,352
2843,OTPK_exists,32954686,151
2844,session_builder,32967250,352
2844,OTPK_exists,32967321,150
2845,session_builder,32979888,349
2845,OTPK_exists,32979960,148
2846,session_builder,32992523,352
2846,OTPK_exists,32992594,149
2847,session_builder,33003811,349
2847,OTPK_exists,33003883,153
2848,session_builder,33015791,346
2848,OTPK_exists,33015862,148
2849,session_builder,33028427,351
2849,OTPK_exists,33028498,145
2850,session_builder,33040000,360
2850,OTPK_exists,33040070,145
2851,session_builder,33052661,349
2851,OTPK_exists,33052732,145
2852,session_builder,33064603,357
2852,OTPK_exists,33064676,144
2853,session_builder,33075193,363
2853,OTPK_exists,33075265,145
2854,session_builder,33086792,352
2854,OTPK_exists,33086862,151
2855,session_builder,33099312,360
2855,OTPK_exists,33099382,174
2856,session_builder,33111944,350
2856,OTPK_exists,33112015,148
2857,session_builder,33124582,351
2857,OTPK_exists,33124653,148
2858,session_builder,33137206,347
2858,OTPK_exists,33137274,148
2859,session_builder,33149837,352
2859,OTPK_exists,33149908,151
2860,session_builder,33161265,390
2860,OTPK_exists,33161336,143
2861,session_builder,33173886,453
2861,OTPK_exists,33173966,199
2862,session_builder,33186529,350
2862,OTPK_exists,33186601,147
2863,session_builder,33199166,352
2863,OTPK_exists,33199246,151
2864,session_builder,33211812,350
2864,OTPK_exists,33211883,148
2865,session_builder,33221997,349
2865,OTPK_exists,33222069,152
2866,session_builder,33232610,349
2866,OTPK_exists,33232681,153
2867,session_builder,33245100,347
2867,OTPK_exists,33245165,144
2868,session_builder,33255399,398
2868,OTPK_exists,33255475,189
2869,session_builder,33265784,626
2869,OTPK_exists,33265848,92
2870,session_builder,33277868,207
2870,OTPK_exists,33277889,85
2871,session_builder,33290105,306
2871,OTPK_exists,33290147,107
2872,session_builder,33302303,296
2872,OTPK_exists,33302349,86
2873,session_builder,33312938,358
2873,OTPK_exists,33313008,145
2874,session_builder,33325602,358
2874,OTPK_exists,33325674,149
2875,session_builder,33336838,359
2875,OTPK_exists,33336913,176
2876,session_builder,33348102,307
2876,OTPK_exists,33348141,112
2877,session_builder,33360728,366
2877,OTPK_exists,33360815,152
2878,session_builder,33372354,367
2878,OTPK_exists,33372420,155
2879,session_builder,33382545,285
2879,OTPK_exists,33382583,123
2880,session_builder,33393884,279
2880,OTPK_exists,33393934,109
2881,session_builder,33404397,356
2881,OTPK_exists,33404457,147
2882,session_builder,33415763,355
2882,OTPK_exists,33415828,188
2883,session_builder,33426223,358
2883,OTPK_exists,33426292,161
2884,session_builder,33437460,359
2884,OTPK_exists,33437530,159
2885,session_builder,33449301,360
2885,OTPK_exists,33449356,461
2886,session_builder,33459824,269
2886,OTPK_exists,33459858,85
2887,session_builder,33471689,280
2887,OTPK_exists,33471726,110
2888,session_builder,33482450,350
2888,OTPK_exists,33482519,157
2889,session_builder,33493629,281
2889,OTPK_exists,33493707,94
2890,session_builder,33505569,264
2890,OTPK_exists,33505603,59
2891,session_builder,33516713,385
2891,OTPK_exists,33516773,150
2892,session_builder,33527293,258
2892,OTPK_exists,33527355,139
2893,session_builder,33538353,352
2893,OTPK_exists,33538490,150
2894,session_builder,33549268,352
2894,OTPK_exists,33549340,147
2895,session_builder,33561430,314
2895,OTPK_exists,33561528,111
2896,session_builder,33574116,352
2896,OTPK_exists,33574168,145
2897,session_builder,33584656,353
2897,OTPK_exists,33584711,152
2898,session_builder,33597095,291
2898,OTPK_exists,33597145,113
2899,session_builder,33607432,239
2899,OTPK_exists,33607460,42
2900,session_builder,33617678,339
2900,OTPK_exists,33617718,145
2901,session_builder,33628712,347
2901,OTPK_exists,33628780,213
2902,session_builder,33639483,352
2902,OTPK_exists,33639549,148
2903,session_builder,33651912,350
2903,OTPK_exists,33651973,147
2904,session_builder,33663203,361
2904,OTPK_exists,33663276,412
2905,session_builder,33674801,346
2905,OTPK_exists,33674873,154
2906,session_builder,33686792,352
2906,OTPK_exists,33686862,147
2907,session_builder,33699269,350
2907,OTPK_exists,33699340,148
2908,session_builder,33710541,403
2908,OTPK_exists,33710613,147
2909,session_builder,33722312,347
2909,OTPK_exists,33722385,404
2910,session_builder,33732751,347
2910,OTPK_exists,33732819,153
2911,session_builder,33745384,349
2911,OTPK_exists,33745455,146
2912,session_builder,33756203,710
2912,OTPK_exists,33756274,148
2913,session_builder,33767370,394
2913,OTPK_exists,33767443,169
2914,session_builder,33780033,361
2914,OTPK_exists,33780105,152
2915,session_builder,33790735,418
2915,OTPK_exists,33790808,256
2916,session_builder,33803373,352
2916,OTPK_exists,33803444,149
2917,session_builder,33815782,352
2917,OTPK_exists,33815855,150
2918,session_builder,33828468,352
2918,OTPK_exists,33828540,147
2919,session_builder,33839252,349
2919,OTPK_exists,33839324,149
2920,session_builder,33850231,349
2920,OTPK_exists,33850304,148
2921,session_builder,33861446,240
2921,OTPK_exists,33861487,37
2922,session_builder,33872505,14256
2922,OTPK_exists,33872541,111
2923,session_builder,33883551,651
2923,OTPK_exists,33883596,108
2924,session_builder,33895139,386
2924,OTPK_exists,33895212,148
2925,session_builder,33907777,349
2925,OTPK_exists,33907849,148
2926,session_builder,33920420,351
2926,OTPK_exists,33920491,148
2927,session_builder,33931524,350
2927,OTPK_exists,33931595,163
2928,session_builder,33944190,361
2928,OTPK_exists,33944244,145
2929,session_builder,33956280,285
2929,OTPK_exists,33956388,115
2930,session_builder,33966886,275
2930,OTPK_exists,33966921,113
2931,session_builder,33977694,663
2931,OTPK_exists,33977730,151
2932,session_builder,33989189,355
2932,OTPK_exists,33989248,145
2933,session_builder,34000040,358
2933,OTPK_exists,34000111,148
2934,session_builder,34010577,354
2934,OTPK_exists,34010648,152
2935,session_builder,34021935,342
2935,OTPK_exists,34022005,153
2936,session_builder,34033699,350
2936,OTPK_exists,34033769,149
2937,session_builder,34044903,349
2937,OTPK_exists,34044972,147
2938,session_builder,34055971,347
2938,OTPK_exists,34056040,146
2939,session_builder,34068603,352
2939,OTPK_exists,34068675,148
2940,session_builder,34081240,353
2940,OTPK_exists,34081312,149
2941,session_builder,34093876,355
2941,OTPK_exists,34093947,147
2942,session_builder,34106511,352
2942,OTPK_exists,34106582,149
2943,session_builder,34119147,352
2943,OTPK_exists,34119218,148
2944,session_builder,34131773,279
2944,OTPK_exists,34131858,114
2945,session_builder,34144429,351
2945,OTPK_exists,34144500,149
2946,session_builder,34155953,1301
2946,OTPK_exists,34156029,485
2947,session_builder,34168591,446
2947,OTPK_exists,34168663,178
2948,session_builder,34180746,352
2948,OTPK_exists,34180798,149
2949,session_builder,34191718,317
2949,OTPK_exists,34191757,112
2950,session_builder,34202457,358
2950,OTPK_exists,34202527,153
2951,session_builder,34213731,384
2951,OTPK_exists,34213801,149
2952,session_builder,34225042,308
2952,OTPK_exists,34225080,151
2953,session_builder,34236208,405
2953,OTPK_exists,34236278,145
2954,session_builder,34247768,362
2954,OTPK_exists,34247817,148
2955,session_builder,34259444,286
2955,OTPK_exists,34259487,110
2956,session_builder,34270256,355
2956,OTPK_exists,34270304,149
2957,session_builder,34281507,347
2957,OTPK_exists,34281555,149
2958,session_builder,34292674,274
2958,OTPK_exists,34292707,111
2959,session_builder,34303616,387
2959,OTPK_exists,34303688,146
2960,session_builder,34314960,345
2960,OTPK_exists,34315030,145
2961,session_builder,34326208,351
2961,OTPK_exists,34326277,150
2962,session_builder,34336869,346
2962,OTPK_exists,34336938,149
2963,session_builder,34349301,357
2963,OTPK_exists,34349356,147
2964,session_builder,34359970,279
2964,OTPK_exists,34360018,113
2965,session_builder,34371743,426
2965,OTPK_exists,34371803,153
2966,session_builder,34382465,360
2966,OTPK_exists,34382533,149
2967,session_builder,34394318,278
2967,OTPK_exists,34394356,108
2968,session_builder,34406445,647
2968,OTPK_exists,34406510,394
2969,session_builder,34416798,362
2969,OTPK_exists,34416853,147
2970,session_builder,34427451,352
2970,OTPK_exists,34427519,148
2971,session_builder,34439487,383
2971,OTPK_exists,34439541,150
2972,session_builder,34449935,348
2972,OTPK_exists,34450004,147
2973,session_builder,34462005,387
2973,OTPK_exists,34462066,145
2974,session_builder,34472358,715
2974,OTPK_exists,34472431,152
2975,session_builder,34483732,363
2975,OTPK_exists,34483802,157
2976,session_builder,34494987,273
2976,OTPK_exists,34495033,460
2977,session_builder,34507043,348
2977,OTPK_exists,34507105,148
2978,session_builder,34517748,349
2978,OTPK_exists,34517799,148
2979,session_builder,34528707,350
2979,OTPK_exists,34528778,163
2980,session_builder,34539940,719
2980,OTPK_exists,34540011,148
2981,session_builder,34552007,365
2981,OTPK_exists,34552070,145
2982,session_builder,34563196,417
2982,OTPK_exists,34563259,145
2983,session_builder,34574200,417
2983,OTPK_exists,34574259,150
2984,session_builder,34584978,358
2984,OTPK_exists,34585047,145
2985,session_builder,34596542,358
2985,OTPK_exists,34596592,145
2986,session_builder,34608281,352
2986,OTPK_exists,34608342,145
2987,session_builder,34619975,362
2987,OTPK_exists,34620033,146
2988,session_builder,34630265,355
2988,OTPK_exists,34630315,151
2989,session_builder,34640689,386
2989,OTPK_exists,34640760,151
2990,session_builder,34653329,412
2990,OTPK_exists,34653400,145
2991,session_builder,34665798,347
2991,OTPK_exists,34665864,144
2992,session_builder,34676241,347
2992,OTPK_exists,34676297,406
2993,session_builder,34686829,351
2993,OTPK_exists,34686889,147
2994,session_builder,34699245,352
2994,OTPK_exists,34699297,383
2995,session_builder,34709520,344
2995,OTPK_exists,34709581,149
2996,session_builder,34720045,392
2996,OTPK_exists,34720119,148
2997,session_builder,34731224,353
2997,OTPK_exists,34731294,146
2998,session_builder,34741837,388
2998,OTPK_exists,34741910,162
2999,session_builder,34752016,361
2999,OTPK_exists,34752083,148
3000,session_builder,34762394,358
3000,OTPK_exists,34762465,151
3001,session_builder,34775021,394
3001,OTPK_exists,34775092,160
3002,session_builder,34786793,350
3002,OTPK_exists,34786865,146
3003,session_builder,34799247,352
3003,OTPK_exists,34799294,148
3004,session_builder,34809445,349
3004,OTPK_exists,34809516,151
3005,session_builder,34821968,291
3005,OTPK_exists,34822008,114
3006,session_builder,34833010,353
3006,OTPK_exists,34833060,148
3007,session_builder,34843691,359
3007,OTPK_exists,34843761,147
3008,session_builder,34854944,353
3008,OTPK_exists,34855014,150
3009,session_builder,34865834,354
3009,OTPK_exists,34865906,148
3010,session_builder,34877453,361
3010,OTPK_exists,34877522,151
3011,session_builder,34888711,375
3011,OTPK_exists,34888780,199
3012,session_builder,34899952,420
3012,OTPK_exists,34900023,162
3013,session_builder,34911224,402
3013,OTPK_exists,34911294,147
3014,session_builder,34922494,386
3014,OTPK_exists,34922566,295
3015,session_builder,34934492,353
3015,OTPK_exists,34934545,152
3016,session_builder,34945760,355
3016,OTPK_exists,34945812,145
3017,session_builder,34956962,371
3017,OTPK_exists,34957035,149
3018,session_builder,34968714,403
3018,OTPK_exists,34968770,148
3019,session_builder,34979418,352
3019,OTPK_exists,34979470,147
3020,session_builder,34989842,418
3020,OTPK_exists,34989918,158
3021,session_builder,35002468,371
3021,OTPK_exists,35002537,144
3022,session_builder,35013213,353
3022,OTPK_exists,35013272,152
3023,session_builder,35023700,385
3023,OTPK_exists,35023804,153
3024,session_builder,35035265,358
3024,OTPK_exists,35035313,148
3025,session_builder,35046172,397
3025,OTPK_exists,35046245,389
3026,session_builder,35056614,352
3026,OTPK_exists,35056683,145
3027,session_builder,35068724,365
3027,OTPK_exists,35068795,144
3028,session_builder,35080018,288
3028,OTPK_exists,35080108,108
3029,session_builder,35091472,283
3029,OTPK_exists,35091510,108
3030,session_builder,35102272,287
3030,OTPK_exists,35102333,108
3031,session_builder,35113086,258
3031,OTPK_exists,35113120,105
3032,session_builder,35123605,234
3032,OTPK_exists,35123637,82
3033,session_builder,35133789,232
3033,OTPK_exists,35133811,84
3034,session_builder,35143831,242
3034,OTPK_exists,35143852,103
3035,session_builder,35155373,224
3035,OTPK_exists,35155400,83
3036,session_builder,35166502,242
3036,OTPK_exists,35166525,83
3037,session_builder,35176560,225
3037,OTPK_exists,35176589,115
3038,session_builder,35186757,15525
3038,OTPK_exists,35186805,147
3039,session_builder,35198725,256
3039,OTPK_exists,35198759,94
3040,session_builder,35209626,221
3040,OTPK_exists,35209655,87
3041,session_builder,35219776,170
3041,OTPK_exists,35219788,81
3042,session_builder,35231235,218
3042,OTPK_exists,35231259,82
3043,session_builder,35242055,256
3043,OTPK_exists,35242070,81
3044,session_builder,35254591,226
3044,OTPK_exists,35254613,95
3045,session_builder,35265737,223
3045,OTPK_exists,35265769,79
3046,session_builder,35278328,227
3046,OTPK_exists,35278360,80
3047,session_builder,35290421,237
3047,OTPK_exists,35290454,83
3048,session_builder,35303001,235
3048,OTPK_exists,35303030,81
3049,session_builder,35314356,233
3049,OTPK_exists,35314387,120
3050,session_builder,35325498,228
3050,OTPK_exists,35325529,80
3051,session_builder,35337009,270
3051,OTPK_exists,35337041,105
3052,session_builder,35349231,250
3052,OTPK_exists,35349251,79
3053,session_builder,35360683,225
3053,OTPK_exists,35360760,81
3054,session_builder,35372355,219
3054,OTPK_exists,35372386,80
3055,session_builder,35384956,287
3055,OTPK_exists,35384988,84
3056,session_builder,35395690,228
3056,OTPK_exists,35395738,79
3057,session_builder,35406094,153
3057,OTPK_exists,35406112,79
3058,session_builder,35417571,220
3058,OTPK_exists,35417594,90
3059,session_builder,35428559,224
3059,OTPK_exists,35428625,92
3060,session_builder,35440042,220
3060,OTPK_exists,35440060,73
3061,session_builder,35451122,209
3061,OTPK_exists,35451143,75
3062,session_builder,35462390,234
3062,OTPK_exists,35462418,138
3063,session_builder,35474458,366
3063,OTPK_exists,35474508,151
3064,session_builder,35486903,372
3064,OTPK_exists,35486972,148
3065,session_builder,35498105,224
3065,OTPK_exists,35498130,86
3066,session_builder,35510420,231
3066,OTPK_exists,35510445,43
3067,session_builder,35522583,111
3067,OTPK_exists,35522601,32
3068,session_builder,35535123,111
3068,OTPK_exists,35535142,31
3069,session_builder,35546320,285
3069,OTPK_exists,35546359,110
3070,session_builder,35556872,298
3070,OTPK_exists,35556913,81
3071,session_builder,35569448,225
3071,OTPK_exists,35569469,82
3072,session_builder,35581989,224
3072,OTPK_exists,35582007,30
3073,session_builder,35593010,222
3073,OTPK_exists,35593040,122
3074,session_builder,35603449,243
3074,OTPK_exists,35603495,80
3075,session_builder,35615875,283
3075,OTPK_exists,35615897,110
3076,session_builder,35626986,265
3076,OTPK_exists,35627027,96
3077,session_builder,35638807,354
3077,OTPK_exists,35638876,148
3078,session_builder,35649260,283
3078,OTPK_exists,35649311,111
3079,session_builder,35661137,349
3079,OTPK_exists,35661193,148
3080,session_builder,35673590,360
3080,OTPK_exists,35673662,147
3081,session_builder,35686225,345
3081,OTPK_exists,35686296,148
3082,session_builder,35698592,349
3082,OTPK_exists,35698651,146
3083,session_builder,35710064,392
3083,OTPK_exists,35710133,151
3084,session_builder,35721516,353
3084,OTPK_exists,35721565,150
3085,session_builder,35732346,295
3085,OTPK_exists,35732400,87
3086,session_builder,35742466,366
3086,OTPK_exists,35742517,145
3087,session_builder,35755079,375
3087,OTPK_exists,35755147,150
3088,session_builder,35765752,255
3088,OTPK_exists,35765824,97
3089,session_builder,35776016,120
3089,OTPK_exists,35776040,68
3090,session_builder,35786393,205
3090,OTPK_exists,35786417,34
3091,session_builder,35796564,227
3091,OTPK_exists,35796595,81
3092,session_builder,35808266,215
3092,OTPK_exists,35808298,80
3093,session_builder,35819783,115
3093,OTPK_exists,35819803,32
3094,session_builder,35830054,248
3094,OTPK_exists,35830088,86
3095,session_builder,35841520,418
3095,OTPK_exists,35841595,144
3096,session_builder,35854165,358
3096,OTPK_exists,35854237,150
3097,session_builder,35865833,360
3097,OTPK_exists,35865908,145
3098,session_builder,35878474,360
3098,OTPK_exists,35878545,149
3099,session_builder,35890879,355
3099,OTPK_exists,35890939,148
3100,session_builder,35901306,367
3100,OTPK_exists,35901372,146
3101,session_builder,35912099,282
3101,OTPK_exists,35912145,112
3102,session_builder,35923691,364
3102,OTPK_exists,35923769,505
3103,session_builder,35934790,365
3103,OTPK_exists,35934834,110
3104,session_builder,35946989,398
3104,OTPK_exists,35947043,150
3105,session_builder,35957594,375
3105,OTPK_exists,35957670,147
3106,session_builder,35969009,347
3106,OTPK_exists,35969059,381
3107,session_builder,35980783,621
3107,OTPK_exists,35980837,152
3108,session_builder,35991432,298
3108,OTPK_exists,35991471,107
3109,session_builder,36001543,359
3109,OTPK_exists,36001614,168
3110,session_builder,36014190,392
3110,OTPK_exists,36014263,216
3111,session_builder,36024389,300
3111,OTPK_exists,36024437,110
3112,session_builder,36036822,374
3112,OTPK_exists,36036885,146
3113,session_builder,36049239,279
3113,OTPK_exists,36049278,111
3114,session_builder,36059307,276
3114,OTPK_exists,36059349,117
3115,session_builder,36069961,415
3115,OTPK_exists,36070032,147
3116,session_builder,36081214,360
3116,OTPK_exists,36081284,154
3117,session_builder,36091504,279
3117,OTPK_exists,36091554,107
3118,session_builder,36103725,369
3118,OTPK_exists,36103793,152
3119,session_builder,36116098,297
3119,OTPK_exists,36116149,113
3120,session_builder,36126276,251
3120,OTPK_exists,36126303,93
3121,session_builder,36136357,181
3121,OTPK_exists,36136387,81
3122,session_builder,36148933,356
3122,OTPK_exists,36148986,152
3123,session_builder,36159532,253
3123,OTPK_exists,36159573,96
3124,session_builder,36171200,317
3124,OTPK_exists,36171250,106
3125,session_builder,36182444,686
3125,OTPK_exists,36182514,151
3126,session_builder,36194072,276
3126,OTPK_exists,36194101,109
3127,session_builder,36205033,367
3127,OTPK_exists,36205108,150
3128,session_builder,36215828,361
3128,OTPK_exists,36215902,165
3129,session_builder,36227307,271
3129,OTPK_exists,36227355,111
3130,session_builder,36239000,384
3130,OTPK_exists,36239051,179
3131,session_builder,36249268,351
3131,OTPK_exists,36249339,146
3132,session_builder,36261524,15216
3132,OTPK_exists,36261584,150
3133,session_builder,36274013,355
3133,OTPK_exists,36274085,145
3134,session_builder,36284683,307
3134,OTPK_exists,36284723,111
3135,session_builder,36294857,258
3135,OTPK_exists,36294901,94
3136,session_builder,36307289,284
3136,OTPK_exists,36307342,110
3137,session_builder,36318400,273
3137,OTPK_exists,36318448,93
3138,session_builder,36329719,803
3138,OTPK_exists,36329770,192
3139,session_builder,36340670,381
3139,OTPK_exists,36340727,151
3140,session_builder,36353296,357
3140,OTPK_exists,36353368,152
3141,session_builder,36365779,283
3141,OTPK_exists,36365881,111
3142,session_builder,36378510,351
3142,OTPK_exists,36378581,149
3143,session_builder,36388962,351
3143,OTPK_exists,36389020,148
3144,session_builder,36399261,283
3144,OTPK_exists,36399351,111
3145,session_builder,36411916,349
3145,OTPK_exists,36411987,149
3146,session_builder,36423372,347
3146,OTPK_exists,36423443,147
3147,session_builder,36435410,243
3147,OTPK_exists,36435441,85
3148,session_builder,36445899,233
3148,OTPK_exists,36445926,88
3149,session_builder,36457895,230
3149,OTPK_exists,36457924,86
3150,session_builder,36468792,265
3150,OTPK_exists,36468813,86
3151,session_builder,36479876,385
3151,OTPK_exists,36479944,147
3152,session_builder,36490823,383
3152,OTPK_exists,36490899,164
3153,session_builder,36503502,358
3153,OTPK_exists,36503573,147
3154,session_builder,36516138,361
3154,OTPK_exists,36516210,150
3155,session_builder,36527266,650
3155,OTPK_exists,36527312,109
3156,session_builder,36537771,293
3156,OTPK_exists,36537818,107
3157,session_builder,36549273,194
3157,OTPK_exists,36549335,48
3158,session_builder,36560959,39434
3158,OTPK_exists,36561029,446
3159,session_builder,36572188,387
3159,OTPK_exists,36572260,154
3160,session_builder,36583464,359
3160,OTPK_exists,36583535,152
3161,session_builder,36594046,273
3161,OTPK_exists,36594094,109
3162,session_builder,36606702,342
3162,OTPK_exists,36606772,182
3163,session_builder,36619002,350
3163,OTPK_exists,36619073,145
3164,session_builder,36629122,280
3164,OTPK_exists,36629174,150
3165,session_builder,36640866,343
3165,OTPK_exists,36640934,145
3166,session_builder,36651153,344
3166,OTPK_exists,36651223,152
3167,session_builder,36662139,277
3167,OTPK_exists,36662189,108
3168,session_builder,36674238,346
3168,OTPK_exists,36674309,145
3169,session_builder,36686877,368
3169,OTPK_exists,36686950,151
3170,session_builder,36699268,350
3170,OTPK_exists,36699339,503
3171,session_builder,36709882,298
3171,OTPK_exists,36709930,114
3172,session_builder,36720412,347
3172,OTPK_exists,36720483,150
3173,session_builder,36732588,344
3173,OTPK_exists,36732661,147
3174,session_builder,36743099,352
3174,OTPK_exists,36743168,147
3175,session_builder,36755738,355
3175,OTPK_exists,36755810,147
3176,session_builder,36765936,354
3176,OTPK_exists,36766007,148
3177,session_builder,36778610,350
3177,OTPK_exists,36778680,146
3178,session_builder,36791011,375
3178,OTPK_exists,36791087,186
3179,session_builder,36803690,351
3179,OTPK_exists,36803760,148
3180,session_builder,36814168,355
3180,OTPK_exists,36814226,148
3181,session_builder,36824358,352
3181,OTPK_exists,36824420,175
3182,session_builder,36836764,717
3182,OTPK_exists,36836815,149
3183,session_builder,36849270,277
3183,OTPK_exists,36849307,111
3184,session_builder,36860023,277
3184,OTPK_exists,36860070,449
3185,session_builder,36871946,344
3185,OTPK_exists,36872011,144
3186,session_builder,36882311,279
3186,OTPK_exists,36882343,109
3187,session_builder,36893208,279
3187,OTPK_exists,36893243,112
3188,session_builder,36904602,400
3188,OTPK_exists,36904667,148
3189,session_builder,36914831,354
3189,OTPK_exists,36914896,148
3190,session_builder,36925165,344
3190,OTPK_exists,36925219,184
3191,session_builder,36936832,384
3191,OTPK_exists,36936894,153
3192,session_builder,36947453,412
3192,OTPK_exists,36947523,147
3193,session_builder,36958241,710
3193,OTPK_exists,36958316,145
3194,session_builder,36970006,389
3194,OTPK_exists,36970074,148
3195,session_builder,36981194,354
3195,OTPK_exists,36981263,147
3196,session_builder,36991583,357
3196,OTPK_exists,36991653,167
3197,session_builder,37004257,358
3197,OTPK_exists,37004324,144
3198,session_builder,37014955,380
3198,OTPK_exists,37015025,145
3199,session_builder,37025964,290
3199,OTPK_exists,37026007,109
3200,session_builder,37036149,713
3200,OTPK_exists,37036220,153
3201,session_builder,37046849,350
3201,OTPK_exists,37046920,148
3202,session_builder,37058295,359
3202,OTPK_exists,37058365,188
3203,session_builder,37071037,383
3203,OTPK_exists,37071109,152
3204,session_builder,37082548,360
3204,OTPK_exists,37082616,147
3205,session_builder,37094772,283
3205,OTPK_exists,37094803,111
3206,session_builder,37105809,1349
3206,OTPK_exists,37105904,183
3207,session_builder,37116144,352
3207,OTPK_exists,37116202,142
3208,session_builder,37128289,277
3208,OTPK_exists,37128321,118
3209,session_builder,37139302,362
3209,OTPK_exists,37139372,153
3210,session_builder,37151301,310
3210,OTPK_exists,37151369,106
3211,session_builder,37161598,281
3211,OTPK_exists,37161639,434
3212,session_builder,37173291,351
3212,OTPK_exists,37173359,147
3213,session_builder,37184210,381
3213,OTPK_exists,37184234,82
3214,session_builder,37194428,248
3214,OTPK_exists,37194451,100
3215,session_builder,37204976,226
3215,OTPK_exists,37205001,84
3216,session_builder,37215771,222
3216,OTPK_exists,37215801,83
3217,session_builder,37227245,253
3217,OTPK_exists,37227268,83
3218,session_builder,37238026,223
3218,OTPK_exists,37238045,84
3219,session_builder,37249234,219
3219,OTPK_exists,37249258,81
3220,session_builder,37260919,137
3220,OTPK_exists,37260946,84
3221,session_builder,37272018,113
3221,OTPK_exists,37272035,29
3222,session_builder,37282486,71
3222,OTPK_exists,37282502,34
3223,session_builder,37294212,268
3223,OTPK_exists,37294245,76
3224,session_builder,37305249,282
3224,OTPK_exists,37305298,115
3225,session_builder,37315800,345
3225,OTPK_exists,37315873,148
3226,session_builder,37327463,307
3226,OTPK_exists,37327512,109
3227,session_builder,37340176,389
3227,OTPK_exists,37340247,150
3228,session_builder,37350326,291
3228,OTPK_exists,37350372,108
3229,session_builder,37360985,263
3229,OTPK_exists,37361027,104
3230,session_builder,37373582,367
3230,OTPK_exists,37373655,149
3231,session_builder,37386220,364
3231,OTPK_exists,37386292,156
3232,session_builder,37398866,365
3232,OTPK_exists,37398939,156
3233,session_builder,37411505,366
3233,OTPK_exists,37411578,152
3234,session_builder,37424141,368
3234,OTPK_exists,37424214,150
3235,session_builder,37436784,350
3235,OTPK_exists,37436855,147
3236,session_builder,37449268,351
3236,OTPK_exists,37449340,146
3237,session_builder,37459576,278
3237,OTPK_exists,37459625,111
3238,session_builder,37472233,375
3238,OTPK_exists,37472307,147
3239,session_builder,37484870,357
3239,OTPK_exists,37484942,149
3240,session_builder,37496401,350
3240,OTPK_exists,37496471,148
3241,session_builder,37507280,348
3241,OTPK_exists,37507350,150
3242,session_builder,37519914,351
3242,OTPK_exists,37519987,150
3243,session_builder,37531605,362
3243,OTPK_exists,37531675,153
3244,session_builder,37544056,355
3244,OTPK_exists,37544110,152
3245,session_builder,37556726,366
3245,OTPK_exists,37556798,151
3246,session_builder,37567337,717
3246,OTPK_exists,37567391,151
3247,session_builder,37578761,366
3247,OTPK_exists,37578817,153
3248,session_builder,37590277,358
3248,OTPK_exists,37590332,143
3249,session_builder,37600945,283
3249,OTPK_exists,37600991,112
3250,session_builder,37611998,351
3250,OTPK_exists,37612060,149
3251,session_builder,37623729,525
3251,OTPK_exists,37623790,151
3252,session_builder,37633955,352
3252,OTPK_exists,37633991,145
3253,session_builder,37644129,349
3253,OTPK_exists,37644198,149
3254,session_builder,37656209,380
3254,OTPK_exists,37656283,147
3255,session_builder,37667767,356
3255,OTPK_exists,37667821,481
3256,session_builder,37678707,401
3256,OTPK_exists,37678778,144
3257,session_builder,37690066,351
3257,OTPK_exists,37690147,150
3258,session_builder,37701224,467
3258,OTPK_exists,37701269,111
3259,session_builder,37712469,348
3259,OTPK_exists,37712540,146
3260,session_builder,37723666,349
3260,OTPK_exists,37723735,146
3261,session_builder,37734942,354
3261,OTPK_exists,37735011,444
3262,session_builder,37746183,354
3262,OTPK_exists,37746252,148
3263,session_builder,37758271,405
3263,OTPK_exists,37758345,151
3264,session_builder,37769000,354
3264,OTPK_exists,37769050,148
3265,session_builder,37780726,359
3265,OTPK_exists,37780781,178
3266,session_builder,37792066,586
3266,OTPK_exists,37792126,147
3267,session_builder,37803312,346
3267,OTPK_exists,37803374,149
3268,session_builder,37815775,356
3268,OTPK_exists,37815839,148
3269,session_builder,37826683,345
3269,OTPK_exists,37826726,107
3270,session_builder,37837123,369
3270,OTPK_exists,37837181,147
3271,session_builder,37847356,393
3271,OTPK_exists,37847426,173
3272,session_builder,37859485,287
3272,OTPK_exists,37859552,108
3273,session_builder,37870162,350
3273,OTPK_exists,37870213,146
3274,session_builder,37880823,343
3274,OTPK_exists,37880892,145
3275,session_builder,37891733,375
3275,OTPK_exists,37891806,148
3276,session_builder,37903703,353
3276,OTPK_exists,37903771,146
3277,session_builder,37915029,365
3277,OTPK_exists,37915098,159
3278,session_builder,37925567,404
3278,OTPK_exists,37925639,147
3279,session_builder,37936792,352
3279,OTPK_exists,37936864,147
3280,session_builder,37949256,390
3280,OTPK_exists,37949310,159
3281,session_builder,37959945,353
3281,OTPK_exists,37960015,147
3282,session_builder,37971322,375
3282,OTPK_exists,37971381,143
3283,session_builder,37982458,368
3283,OTPK_exists,37982526,145
3284,session_builder,37993280,280
3284,OTPK_exists,37993329,110
3285,session_builder,38005687,347
3285,OTPK_exists,38005749,146
3286,session_builder,38016112,354
3286,OTPK_exists,38016153,145
3287,session_builder,38028319,479
3287,OTPK_exists,38028350,110
3288,session_builder,38038689,375
3288,OTPK_exists,38038758,151
3289,session_builder,38049246,289
3289,OTPK_exists,38049278,107
3290,session_builder,38060550,246
3290,OTPK_exists,38060579,85
3291,session_builder,38072346,420
3291,OTPK_exists,38072416,151
3292,session_builder,38082805,393
3292,OTPK_exists,38082876,154
3293,session_builder,38093297,293
3293,OTPK_exists,38093345,112
3294,session_builder,38105902,359
3294,OTPK_exists,38105974,149
3295,session_builder,38118125,390
3295,OTPK_exists,38118206,201
3296,session_builder,38128730,278
3296,OTPK_exists,38128777,125
3297,session_builder,38140063,348
3297,OTPK_exists,38140135,183
3298,session_builder,38151428,352
3298,OTPK_exists,38151500,148
3299,session_builder,38162932,279
3299,OTPK_exists,38162976,110
3300,session_builder,38174452,374
3300,OTPK_exists,38174511,147
3301,session_builder,38184830,708
3301,OTPK_exists,38184900,151
3302,session_builder,38196177,401
3302,OTPK_exists,38196246,146
3303,session_builder,38207405,283
3303,OTPK_exists,38207455,112
3304,session_builder,38217712,286
3304,OTPK_exists,38217746,108
3305,session_builder,38230301,358
3305,OTPK_exists,38230373,153
3306,session_builder,38242937,355
3306,OTPK_exists,38243009,151
3307,session_builder,38255574,358
3307,OTPK_exists,38255648,149
3308,session_builder,38268212,358
3308,OTPK_exists,38268283,153
3309,session_builder,38280848,354
3309,OTPK_exists,38280921,150
3310,session_builder,38292447,280
3310,OTPK_exists,38292498,107
3311,session_builder,38305046,251
3311,OTPK_exists,38305131,96
3312,session_builder,38315833,363
3312,OTPK_exists,38315909,150
3313,session_builder,38326812,277
3313,OTPK_exists,38326860,109
3314,session_builder,38339468,361
3314,OTPK_exists,38339540,162
3315,session_builder,38352103,361
3315,OTPK_exists,38352176,151
3316,session_builder,38362992,286
3316,OTPK_exists,38363044,108
3317,session_builder,38375393,369
3317,OTPK_exists,38375465,164
3318,session_builder,38387453,522
3318,OTPK_exists,38387522,146
3319,session_builder,38399245,273
3319,OTPK_exists,38399282,108
3320,session_builder,38410639,346
3320,OTPK_exists,38410701,162
3321,session_builder,38421517,348
3321,OTPK_exists,38421569,148
3322,session_builder,38432943,277
3322,OTPK_exists,38432978,111
3323,session_builder,38444679,284
3323,OTPK_exists,38444718,113
3324,session_builder,38456220,389
3324,OTPK_exists,38456294,145
3325,session_builder,38467562,354
3325,OTPK_exists,38467633,148
3326,session_builder,38480205,243
3326,OTPK_exists,38480227,51
3327,session_builder,38492525,67
3327,OTPK_exists,38492544,37
3328,session_builder,38503249,110
3328,OTPK_exists,38503271,32
3329,session_builder,38515741,114
3329,OTPK_exists,38515761,83
3330,session_builder,38525851,258
3330,OTPK_exists,38525870,79
3331,session_builder,38536736,226
3331,OTPK_exists,38536762,81
3332,session_builder,38546991,211
3332,OTPK_exists,38547049,101
3333,session_builder,38559249,219
3333,OTPK_exists,38559274,78
3334,session_builder,38571640,219
3334,OTPK_exists,38571668,82
3335,session_builder,38584226,223
3335,OTPK_exists,38584284,83
3336,session_builder,38596162,418
3336,OTPK_exists,38596225,128
3337,session_builder,38608755,229
3337,OTPK_exists,38608787,82
3338,session_builder,38619944,227
3338,OTPK_exists,38619967,80
3339,session_builder,38630877,233
3339,OTPK_exists,38630920,81
3340,session_builder,38643433,356
3340,OTPK_exists,38643501,150
3341,session_builder,38655995,351
3341,OTPK_exists,38656067,145
3342,session_builder,38666185,256
3342,OTPK_exists,38666221,95
3343,session_builder,38676792,355
3343,OTPK_exists,38676861,148
3344,session_builder,38689425,351
3344,OTPK_exists,38689496,151
3345,session_builder,38699603,252
3345,OTPK_exists,38699641,97
3346,session_builder,38712255,355
3346,OTPK_exists,38712327,144
3347,session_builder,38724891,353
3347,OTPK_exists,38724963,146
3348,session_builder,38735637,256
3348,OTPK_exists,38735674,95
3349,session_builder,38747683,347
3349,OTPK_exists,38747753,148
3350,session_builder,38758912,345
3350,OTPK_exists,38758985,146
3351,session_builder,38771557,192
3351,OTPK_exists,38771617,38
3352,session_builder,38784179,349
3352,OTPK_exists,38784250,147
3353,session_builder,38796284,254
3353,OTPK_exists,38796324,96
3354,session_builder,38808895,348
3354,OTPK_exists,38808966,148
3355,session_builder,38821531,349
3355,OTPK_exists,38821602,148
3356,session_builder,38832491,253
3356,OTPK_exists,38832531,93
3357,session_builder,38842953,81
3357,OTPK_exists,38842978,39
3358,session_builder,38853015,232
3358,OTPK_exists,38853048,82
3359,session_builder,38864908,239
3359,OTPK_exists,38864943,104
3360,session_builder,38876667,245
3360,OTPK_exists,38876688,85
3361,session_builder,38886945,243
3361,OTPK_exists,38886977,83
3362,session_builder,38899233,226
3362,OTPK_exists,38899265,82
3363,session_builder,38909945,218
3363,OTPK_exists,38909974,80
3364,session_builder,38922533,14814
3364,OTPK_exists,38922604,152
3365,session_builder,38932676,259
3365,OTPK_exists,38932714,98
3366,session_builder,38945271,358
3366,OTPK_exists,38945341,152
3367,session_builder,38957905,355
3367,OTPK_exists,38957977,148
3368,session_builder,38969828,257
3368,OTPK_exists,38969866,103
3369,session_builder,38982470,397
3369,OTPK_exists,38982541,148
3370,session_builder,38994697,286
3370,OTPK_exists,38994747,106
3371,session_builder,39006395,262
3371,OTPK_exists,39006430,87
3372,session_builder,39018997,200
3372,OTPK_exists,39019026,84
3373,session_builder,39029489,287
3373,OTPK_exists,39029535,108
3374,session_builder,39040044,342
3374,OTPK_exists,39040114,145
3375,session_builder,39052678,347
3375,OTPK_exists,39052750,148
3376,session_builder,39064534,394
3376,OTPK_exists,39064607,145
3377,session_builder,39075789,346
3377,OTPK_exists,39075861,162
3378,session_builder,39088160,361
3378,OTPK_exists,39088231,147
3379,session_builder,39099252,358
3379,OTPK_exists,39099302,150
3380,session_builder,39111865,360
3380,OTPK_exists,39111937,150
3381,session_builder,39124501,358
3381,OTPK_exists,39124574,151
3382,session_builder,39136791,347
3382,OTPK_exists,39136867,149
3383,session_builder,39149268,350
3383,OTPK_exists,39149339,147
3384,session_builder,39159675,351
3384,OTPK_exists,39159747,149
3385,session_builder,39172358,355
3385,OTPK_exists,39172430,153
3386,session_builder,39184994,350
3386,OTPK_exists,39185065,148
3387,session_builder,39197667,354
3387,OTPK_exists,39197735,148
3388,session_builder,39209214,352
3388,OTPK_exists,39209285,148
3389,session_builder,39221848,348
3389,OTPK_exists,39221919,146
3390,session_builder,39232033,384
3390,OTPK_exists,39232092,148
3391,session_builder,39242548,378
3391,OTPK_exists,39242620,164
3392,session_builder,39253959,364
3392,OTPK_exists,39254031,155
3393,session_builder,39265796,280
3393,OTPK_exists,39265842,111
3394,session_builder,39275881,134
3394,OTPK_exists,39275908,42
3395,session_builder,39287371,348
3395,OTPK_exists,39287439,199
3396,session_builder,39299232,251
3396,OTPK_exists,39299258,94
3397,session_builder,39310137,374
3397,OTPK_exists,39310206,143
3398,session_builder,39321504,380
3398,OTPK_exists,39321555,146
3399,session_builder,39331897,278
3399,OTPK_exists,39331946,110
3400,session_builder,39343667,362
3400,OTPK_exists,39343736,150
3401,session_builder,39354931,355
3401,OTPK_exists,39354998,146
3402,session_builder,39365759,250
3402,OTPK_exists,39365801,96
3403,session_builder,39376005,418
3403,OTPK_exists,39376077,171
3404,session_builder,39387700,347
3404,OTPK_exists,39387770,272
3405,session_builder,39399236,244
3405,OTPK_exists,39399274,104
3406,session_builder,39411197,355
3406,OTPK_exists,39411266,149
3407,session_builder,39422438,362
3407,OTPK_exists,39422508,147
3408,session_builder,39432995,243
3408,OTPK_exists,39433034,109
3409,session_builder,39444953,356
3409,OTPK_exists,39445023,143
3410,session_builder,39456206,404
3410,OTPK_exists,39456280,158
3411,session_builder,39467662,251
3411,OTPK_exists,39467684,100
3412,session_builder,39478700,426
3412,OTPK_exists,39478771,149
3413,session_builder,39491372,230
3413,OTPK_exists,39491394,49
3414,session_builder,39501670,259
3414,OTPK_exists,39501701,101
3415,session_builder,39512437,378
3415,OTPK_exists,39512507,162
3416,session_builder,39524408,283
3416,OTPK_exists,39524455,110
3417,session_builder,39534793,234
3417,OTPK_exists,39534808,84
3418,session_builder,39545509,234
3418,OTPK_exists,39545542,85
3419,session_builder,39557231,355
3419,OTPK_exists,39557279,174
3420,session_builder,39568011,227
3420,OTPK_exists,39568032,83
3421,session_builder,39579928,349
3421,OTPK_exists,39579997,146
3422,session_builder,39591513,375
3422,OTPK_exists,39591563,176
3423,session_builder,39603176,338
3423,OTPK_exists,39603226,110
3424,session_builder,39615776,368
3424,OTPK_exists,39615841,145
3425,session_builder,39625922,288
3425,OTPK_exists,39625963,110
3426,session_builder,39636824,348
3426,OTPK_exists,39636883,148
3427,session_builder,39649245,346
3427,OTPK_exists,39649298,148
3428,session_builder,39659375,392
3428,OTPK_exists,39659444,197
3429,session_builder,39671740,258
3429,OTPK_exists,39671768,96
3430,session_builder,39682759,375
3430,OTPK_exists,39682814,154
3431,session_builder,39692904,413
3431,OTPK_exists,39692964,143
3432,session_builder,39703330,356
3432,OTPK_exists,39703402,145
3433,session_builder,39714922,356
3433,OTPK_exists,39714991,153
3434,session_builder,39726687,384
3434,OTPK_exists,39726760,151
3435,session_builder,39738304,352
3435,OTPK_exists,39738363,149
3436,session_builder,39749316,363
3436,OTPK_exists,39749371,149
3437,session_builder,39759587,368
3437,OTPK_exists,39759659,149
3438,session_builder,39772052,402
3438,OTPK_exists,39772114,153
3439,session_builder,39782741,364
3439,OTPK_exists,39782795,150
3440,session_builder,39793848,419
3440,OTPK_exists,39793907,154
3441,session_builder,39805103,361
3441,OTPK_exists,39805166,145
3442,session_builder,39815792,352
3442,OTPK_exists,39815864,145
3443,session_builder,39826752,355
3443,OTPK_exists,39826822,148
3444,session_builder,39836891,416
3444,OTPK_exists,39836971,153
3445,session_builder,39849538,351
3445,OTPK_exists,39849610,148
3446,session_builder,39860106,353
3446,OTPK_exists,39860178,145
3447,session_builder,39870965,387
3447,OTPK_exists,39871039,173
3448,session_builder,39881739,360
3448,OTPK_exists,39881805,147
3449,session_builder,39893012,376
3449,OTPK_exists,39893084,163
3450,session_builder,39905649,346
3450,OTPK_exists,39905720,149
3451,session_builder,39915777,286
3451,OTPK_exists,39915828,112
3452,session_builder,39926844,502
3452,OTPK_exists,39926913,148
3453,session_builder,39939476,357
3453,OTPK_exists,39939548,152
3454,session_builder,39951863,255
3454,OTPK_exists,39951899,104
3455,session_builder,39963618,201
3455,OTPK_exists,39963642,75
3456,session_builder,39974560,241
3456,OTPK_exists,39974582,85
3457,session_builder,39986769,200
3457,OTPK_exists,39986791,114
3458,session_builder,39999263,280
3458,OTPK_exists,39999285,99
3459,session_builder,40010480,228
3459,OTPK_exists,40010510,79
3460,session_builder,40023060,229
3460,OTPK_exists,40023084,80
3461,session_builder,40033338,229
3461,OTPK_exists,40033358,83
3462,session_builder,40044974,195
3462,OTPK_exists,40044996,111
3463,session_builder,40055439,246
3463,OTPK_exists,40055466,80
3464,session_builder,40065737,65
3464,OTPK_exists,40065758,32
3465,session_builder,40078145,107
3465,OTPK_exists,40078163,45
3466,session_builder,40090678,52
3466,OTPK_exists,40090692,27
3467,session_builder,40102860,207
3467,OTPK_exists,40102876,26
3468,session_builder,40115391,135
3468,OTPK_exists,40115405,25
3469,session_builder,40126403,52
3469,OTPK_exists,40126417,27
3470,session_builder,40138615,51
3470,OTPK_exists,40138631,25
3471,session_builder,40149242,230
3471,OTPK_exists,40149281,85
3472,session_builder,40160277,212
3472,OTPK_exists,40160332,73
3473,session_builder,40172257,349
3473,OTPK_exists,40172312,150
3474,session_builder,40183895,278
3474,OTPK_exists,40183946,109
3475,session_builder,40194758,321
3475,OTPK_exists,40194798,122
3476,session_builder,40207354,250
3476,OTPK_exists,40207417,96
3477,session_builder,40219926,350
3477,OTPK_exists,40219997,148
3478,session_builder,40230357,298
3478,OTPK_exists,40230411,125
3479,session_builder,40242968,358
3479,OTPK_exists,40243040,151
3480,session_builder,40255613,449
3480,OTPK_exists,40255680,152
3481,session_builder,40266365,874
3481,OTPK_exists,40266431,149
3482,session_builder,40277318,392
3482,OTPK_exists,40277369,145
3483,session_builder,40289066,367
3483,OTPK_exists,40289124,151
3484,session_builder,40299258,355
3484,OTPK_exists,40299318,384
3485,session_builder,40311683,520
3485,OTPK_exists,40311756,149
3486,session_builder,40322440,426
3486,OTPK_exists,40322510,167
3487,session_builder,40334009,317
3487,OTPK_exists,40334044,152
3488,session_builder,40345006,480
3488,OTPK_exists,40345053,122
3489,session_builder,40357711,359
3489,OTPK_exists,40357775,149
3490,session_builder,40368274,270
3490,OTPK_exists,40368312,110
3491,session_builder,40378426,358
3491,OTPK_exists,40378505,146
3492,session_builder,40389940,378
3492,OTPK_exists,40390009,150
3493,session_builder,40402721,365
3493,OTPK_exists,40402791,149
3494,session_builder,40414201,283
3494,OTPK_exists,40414245,109
3495,session_builder,40426650,301
3495,OTPK_exists,40426691,108
3496,session_builder,40437972,254
3496,OTPK_exists,40438031,96
3497,session_builder,40449305,355
3497,OTPK_exists,40449360,148
3498,session_builder,40459942,355
3498,OTPK_exists,40460016,147
3499,session_builder,40472270,356
3499,OTPK_exists,40472337,148
3500,session_builder,40484901,352
3500,OTPK_exists,40484971,150
3501,session_builder,40497536,355
3501,OTPK_exists,40497607,148
3502,session_builder,40510172,352
3502,OTPK_exists,40510243,151
3503,session_builder,40521702,353
3503,OTPK_exists,40521772,152
3504,session_builder,40534337,357
3504,OTPK_exists,40534408,150
3505,session_builder,40546580,364
3505,OTPK_exists,40546650,146
3506,session_builder,40557827,353
3506,OTPK_exists,40557898,147
3507,session_builder,40570495,364
3507,OTPK_exists,40570550,146
3508,session_builder,40581487,349
3508,OTPK_exists,40581537,148
3509,session_builder,40593424,288
3509,OTPK_exists,40593462,126
3510,session_builder,40604094,186
3510,OTPK_exists,40604135,88
3511,session_builder,40615787,367
3511,OTPK_exists,40615856,143
3512,session_builder,40626134,355
3512,OTPK_exists,40626204,148
3513,session_builder,40636806,581
3513,OTPK_exists,40636881,150
3514,session_builder,40649483,359
3514,OTPK_exists,40649560,151
3515,session_builder,40659964,362
3515,OTPK_exists,40660035,151
3516,session_builder,40671410,391
3516,OTPK_exists,40671469,145
3517,session_builder,40682333,353
3517,OTPK_exists,40682404,149
3518,session_builder,40693870,361
3518,OTPK_exists,40693923,148
3519,session_builder,40705639,20183
3519,OTPK_exists,40705686,113
3520,session_builder,40716040,375
3520,OTPK_exists,40716097,146
3521,session_builder,40726834,669
3521,OTPK_exists,40726909,149
3522,session_builder,40739460,754
3522,OTPK_exists,40739514,147
3523,session_builder,40750740,353
3523,OTPK_exists,40750800,148
3524,session_builder,40761622,279
3524,OTPK_exists,40761668,111
3525,session_builder,40771813,366
3525,OTPK_exists,40771886,147
3526,session_builder,40783200,349
3526,OTPK_exists,40783268,147
3527,session_builder,40793958,286
3527,OTPK_exists,40794010,109
3528,session_builder,40805743,350
3528,OTPK_exists,40805814,147
3529,session_builder,40815922,355
3529,OTPK_exists,40815956,145
3530,session_builder,40827329,349
3530,OTPK_exists,40827397,150
3531,session_builder,40839981,351
3531,OTPK_exists,40840050,160
3532,session_builder,40851177,378
3532,OTPK_exists,40851248,170
3533,session_builder,40863220,348
3533,OTPK_exists,40863283,154
3534,session_builder,40874415,384
3534,OTPK_exists,40874471,144
3535,session_builder,40884913,378
3535,OTPK_exists,40884982,145
3536,session_builder,40895366,286
3536,OTPK_exists,40895414,111
3537,session_builder,40907970,357
3537,OTPK_exists,40908041,148
3538,session_builder,40919051,352
3538,OTPK_exists,40919099,148
3539,session_builder,40929489,698
3539,OTPK_exists,40929559,145
3540,session_builder,40942122,350
3540,OTPK_exists,40942193,148
3541,session_builder,40954554,358
3541,OTPK_exists,40954625,427
3542,session_builder,40965792,349
3542,OTPK_exists,40965863,149
3543,session_builder,40976938,355
3543,OTPK_exists,40977009,148
3544,session_builder,40989042,350
3544,OTPK_exists,40989117,143
3545,session_builder,40999269,351
3545,OTPK_exists,40999340,148
3546,session_builder,41010294,352
3546,OTPK_exists,41010366,155
3547,session_builder,41022929,351
3547,OTPK_exists,41023002,148
3548,session_builder,41035566,350
3548,OTPK_exists,41035637,150
3549,session_builder,41048202,350
3549,OTPK_exists,41048274,148
3550,session_builder,41060817,368
3550,OTPK_exists,41060885,440
3551,session_builder,41072768,356
3551,OTPK_exists,41072842,151
3552,session_builder,41085394,353
3552,OTPK_exists,41085463,151
3553,session_builder,41096030,285
3553,OTPK_exists,41096077,114
3554,session_builder,41108094,395
3554,OTPK_exists,41108179,177
3555,session_builder,41120749,351
3555,OTPK_exists,41120820,147
3556,session_builder,41130891,279
3556,OTPK_exists,41130937,112
3557,session_builder,41143496,347
3557,OTPK_exists,41143567,145
3558,session_builder,41155104,414
3558,OTPK_exists,41155174,145
3559,session_builder,41165801,283
3559,OTPK_exists,41165879,119
3560,session_builder,41176077,264
3560,OTPK_exists,41176124,96
3561,session_builder,41187982,612
3561,OTPK_exists,41188009,122
3562,session_builder,41199236,225
3562,OTPK_exists,41199266,127
3563,session_builder,41210670,236
3563,OTPK_exists,41210703,83
3564,session_builder,41223237,357
3564,OTPK_exists,41223281,147
3565,session_builder,41233342,235
3565,OTPK_exists,41233376,86
3566,session_builder,41244762,283
3566,OTPK_exists,41244778,106
3567,session_builder,41257330,353
3567,OTPK_exists,41257402,149
3568,session_builder,41269971,380
3568,OTPK_exists,41270043,150
3569,session_builder,41280188,309
3569,OTPK_exists,41280236,113
3570,session_builder,41290823,285
3570,OTPK_exists,41290862,111
3571,session_builder,41303471,356
3571,OTPK_exists,41303540,150
3572,session_builder,41315069,385
3572,OTPK_exists,41315140,151
3573,session_builder,41327704,360
3573,OTPK_exists,41327776,151
3574,session_builder,41338581,294
3574,OTPK_exists,41338634,109
3575,session_builder,41349269,352
3575,OTPK_exists,41349339,148
3576,session_builder,41360884,622
3576,OTPK_exists,41360954,148
3577,session_builder,41372385,378
3577,OTPK_exists,41372457,147
3578,session_builder,41385023,364
3578,OTPK_exists,41385095,149
3579,session_builder,41397653,356
3579,OTPK_exists,41397724,150
3580,session_builder,41410288,357
3580,OTPK_exists,41410358,150
3581,session_builder,41422922,359
3581,OTPK_exists,41422994,151
3582,session_builder,41435569,360
3582,OTPK_exists,41435642,150
3583,session_builder,41445876,347
3583,OTPK_exists,41445943,150
3584,session_builder,41457335,352
3584,OTPK_exists,41457405,145
3585,session_builder,41469984,351
3585,OTPK_exists,41470053,437
3586,session_builder,41482065,351
3586,OTPK_exists,41482118,143
3587,session_builder,41494265,258
3587,OTPK_exists,41494297,97
3588,session_builder,41504590,355
3588,OTPK_exists,41504653,147
3589,session_builder,41515772,348
3589,OTPK_exists,41515836,163
3590,session_builder,41527639,357
3590,OTPK_exists,41527695,152
3591,session_builder,41538111,360
3591,OTPK_exists,41538169,169
3592,session_builder,41548687,580
3592,OTPK_exists,41548755,150
3593,session_builder,41561001,352
3593,OTPK_exists,41561066,151
3594,session_builder,41571430,383
3594,OTPK_exists,41571493,190
3595,session_builder,41583521,291
3595,OTPK_exists,41583556,108
3596,session_builder,41594335,296
3596,OTPK_exists,41594376,110
3597,session_builder,41605141,353
3597,OTPK_exists,41605205,155
3598,session_builder,41616310,349
3598,OTPK_exists,41616364,153
3599,session_builder,41627839,395
3599,OTPK_exists,41627896,162
3600,session_builder,41638844,350
3600,OTPK_exists,41638898,148
3601,session_builder,41649259,285
3601,OTPK_exists,41649311,109
3602,session_builder,41661207,382
3602,OTPK_exists,41661278,150
3603,session_builder,41672659,421
3603,OTPK_exists,41672694,150
3604,session_builder,41683027,369
3604,OTPK_exists,41683095,153
3605,session_builder,41694572,305
3605,OTPK_exists,41694626,108
3606,session_builder,41706260,407
3606,OTPK_exists,41706329,160
3607,session_builder,41718895,361
3607,OTPK_exists,41718967,149
3608,session_builder,41731540,361
3608,OTPK_exists,41731612,151
3609,session_builder,41742192,396
3609,OTPK_exists,41742262,148
3610,session_builder,41754825,367
3610,OTPK_exists,41754897,152
3611,session_builder,41765397,352
3611,OTPK_exists,41765465,150
3612,session_builder,41778030,359
3612,OTPK_exists,41778102,152
3613,session_builder,41790667,360
3613,OTPK_exists,41790738,151
3614,session_builder,41801680,373
3614,OTPK_exists,41801752,147
3615,session_builder,41814315,361
3615,OTPK_exists,41814386,151
3616,session_builder,41826940,357
3616,OTPK_exists,41827011,145
3617,session_builder,41839575,351
3617,OTPK_exists,41839646,148
3618,session_builder,41852304,395
3618,OTPK_exists,41852373,142
3619,session_builder,41864170,283
3619,OTPK_exists,41864215,109
3620,session_builder,41874905,353
3620,OTPK_exists,41874973,148
3621,session_builder,41886819,355
3621,OTPK_exists,41886878,150
3622,session_builder,41899269,280
3622,OTPK_exists,41899303,105
3623,session_builder,41909962,357
3623,OTPK_exists,41910027,147
3624,session_builder,41920140,350
3624,OTPK_exists,41920176,148
3625,session_builder,41931292,278
3625,OTPK_exists,41931339,109
3626,session_builder,41943230,350
3626,OTPK_exists,41943285,150
3627,session_builder,41954474,347
3627,OTPK_exists,41954536,145
3628,session_builder,41965754,288
3628,OTPK_exists,41965800,112
3629,session_builder,41976174,358
3629,OTPK_exists,41976245,151
3630,session_builder,41986792,350
3630,OTPK_exists,41986865,148
3631,session_builder,41999257,354
3631,OTPK_exists,41999312,148
3632,session_builder,42010731,371
3632,OTPK_exists,42010793,205
3633,session_builder,42021160,389
3633,OTPK_exists,42021229,170
3634,session_builder,42033130,284
3634,OTPK_exists,42033170,110
3635,session_builder,42044476,367
3635,OTPK_exists,42044532,153
3636,session_builder,42054901,346
3636,OTPK_exists,42054970,148
3637,session_builder,42065790,352
3637,OTPK_exists,42065862,153
3638,session_builder,42077401,360
3638,OTPK_exists,42077470,145
3639,session_builder,42087562,351
3639,OTPK_exists,42087630,153
3640,session_builder,42099269,694
3640,OTPK_exists,42099340,149
3641,session_builder,42111937,375
3641,OTPK_exists,42112006,157
3642,session_builder,42122713,370
3642,OTPK_exists,42122763,147
3643,session_builder,42133960,699
3643,OTPK_exists,42134016,148
3644,session_builder,42145270,354
3644,OTPK_exists,42145321,148
3645,session_builder,42156160,367
3645,OTPK_exists,42156230,179
3646,session_builder,42166382,274
3646,OTPK_exists,42166423,113
3647,session_builder,42177295,349
3647,OTPK_exists,42177368,149
3648,session_builder,42189189,354
3648,OTPK_exists,42189260,148
3649,session_builder,42201167,343
3649,OTPK_exists,42201237,146
3650,session_builder,42212399,353
3650,OTPK_exists,42212467,165
3651,session_builder,42224488,347
3651,OTPK_exists,42224543,146
3652,session_builder,42236807,469
3652,OTPK_exists,42236929,151
3653,session_builder,42247006,349
3653,OTPK_exists,42247065,146
3654,session_builder,42257621,376
3654,OTPK_exists,42257686,152
3655,session_builder,42269465,349
3655,OTPK_exists,42269536,147
3656,session_builder,42279622,358
3656,OTPK_exists,42279692,145
3657,session_builder,42290145,358
3657,OTPK_exists,42290213,146
3658,session_builder,42302331,396
3658,OTPK_exists,42302427,188
3659,session_builder,42315044,359
3659,OTPK_exists,42315116,152
3660,session_builder,42325593,353
3660,OTPK_exists,42325648,149
3661,session_builder,42336208,514
3661,OTPK_exists,42336277,154
3662,session_builder,42346442,349
3662,OTPK_exists,42346509,150
3663,session_builder,42359048,353
3663,OTPK_exists,42359107,148
3664,session_builder,42371718,349
3664,OTPK_exists,42371790,145
3665,session_builder,42384355,351
3665,OTPK_exists,42384427,150
3666,session_builder,42396273,292
3666,OTPK_exists,42396323,112
3667,session_builder,42408945,342
3667,OTPK_exists,42409016,149
3668,session_builder,42421580,352
3668,OTPK_exists,42421652,149
3669,session_builder,42434216,351
3669,OTPK_exists,42434286,149
3670,session_builder,42446582,358
3670,OTPK_exists,42446648,148
3671,session_builder,42459213,349
3671,OTPK_exists,42459284,150
3672,session_builder,42471337,357
3672,OTPK_exists,42471414,150
3673,session_builder,42484005,354
3673,OTPK_exists,42484076,149
3674,session_builder,42494687,359
3674,OTPK_exists,42494742,148
3675,session_builder,42507354,355
3675,OTPK_exists,42507426,150
3676,session_builder,42519990,350
3676,OTPK_exists,42520061,147
3677,session_builder,42532630,350
3677,OTPK_exists,42532702,442
3678,session_builder,42545316,362
3678,OTPK_exists,42545387,151
3679,session_builder,42556205,725
3679,OTPK_exists,42556278,163
3680,session_builder,42568841,350
3680,OTPK_exists,42568912,146
3681,session_builder,42581477,354
3681,OTPK_exists,42581548,149
3682,session_builder,42593788,349
3682,OTPK_exists,42593858,148
3683,session_builder,42605388,354
3683,OTPK_exists,42605459,147
3684,session_builder,42615789,352
3684,OTPK_exists,42615859,148
3685,session_builder,42628115,353
3685,OTPK_exists,42628191,146
3686,session_builder,42639834,446
3686,OTPK_exists,42639909,151
3687,session_builder,42651944,350
3687,OTPK_exists,42652005,162
3688,session_builder,42662425,351
3688,OTPK_exists,42662495,145
3689,session_builder,42673648,362
3689,OTPK_exists,42673718,143
3690,session_builder,42684943,364
3690,OTPK_exists,42685013,145
3691,session_builder,42695833,288
3691,OTPK_exists,42695881,111
3692,session_builder,42706435,352
3692,OTPK_exists,42706506,147
3693,session_builder,42718971,387
3693,OTPK_exists,42719020,176
3694,session_builder,42730707,349
3694,OTPK_exists,42730761,145
3695,session_builder,42741642,446
3695,OTPK_exists,42741700,160
3696,session_builder,42752422,389
3696,OTPK_exists,42752493,149
3697,session_builder,42762932,253
3697,OTPK_exists,42762969,96
3698,session_builder,42774763,344
3698,OTPK_exists,42774814,89
3699,session_builder,42786790,282
3699,OTPK_exists,42786830,105
3700,session_builder,42796966,287
3700,OTPK_exists,42797013,111
3701,session_builder,42808656,361
3701,OTPK_exists,42808726,146
3702,session_builder,42819804,282
3702,OTPK_exists,42819854,109
3703,session_builder,42831954,358
3703,OTPK_exists,42832009,147
3704,session_builder,42843294,351
3704,OTPK_exists,42843349,148
3705,session_builder,42854453,348
3705,OTPK_exists,42854515,145
3706,session_builder,42865772,388
3706,OTPK_exists,42865836,168
3707,session_builder,42876853,371
3707,OTPK_exists,42876908,146
3708,session_builder,42887709,353
3708,OTPK_exists,42887760,147
3709,session_builder,42899246,353
3709,OTPK_exists,42899295,145
3710,session_builder,42909648,351
3710,OTPK_exists,42909720,149
3711,session_builder,42921515,352
3711,OTPK_exists,42921563,148
3712,session_builder,42934125,347
3712,OTPK_exists,42934196,148
3713,session_builder,42946719,343
3713,OTPK_exists,42946791,146
3714,session_builder,42959406,346
3714,OTPK_exists,42959477,146
3715,session_builder,42969820,354
3715,OTPK_exists,42969891,490
3716,session_builder,42980075,352
3716,OTPK_exists,42980146,149
3717,session_builder,42992047,352
3717,OTPK_exists,42992117,150
3718,session_builder,43002801,363
3718,OTPK_exists,43002873,148
3719,session_builder,43013432,357
3719,OTPK_exists,43013504,149
3720,session_builder,43025086,348
3720,OTPK_exists,43025158,145
3721,session_builder,43036791,352
3721,OTPK_exists,43036861,149
3722,session_builder,43049249,283
3722,OTPK_exists,43049288,110
3723,session_builder,43061669,349
3723,OTPK_exists,43061741,148
3724,session_builder,43072038,352
3724,OTPK_exists,43072095,148
3725,session_builder,43084657,353
3725,OTPK_exists,43084728,147
3726,session_builder,43095118,291
3726,OTPK_exists,43095175,111
3727,session_builder,43106151,292
3727,OTPK_exists,43106196,108
3728,session_builder,43118734,167
3728,OTPK_exists,43118793,53
3729,session_builder,43129582,254
3729,OTPK_exists,43129623,95
3730,session_builder,43140691,377
3730,OTPK_exists,43140763,145
3731,session_builder,43151205,352
3731,OTPK_exists,43151270,147
3732,session_builder,43162011,286
3732,OTPK_exists,43162056,110
3733,session_builder,43172498,249
3733,OTPK_exists,43172543,95
3734,session_builder,43183239,278
3734,OTPK_exists,43183278,111
3735,session_builder,43195368,281
3735,OTPK_exists,43195405,111
3736,session_builder,43205500,352
3736,OTPK_exists,43205563,148
3737,session_builder,43215803,353
3737,OTPK_exists,43215868,149
3738,session_builder,43226169,689
3738,OTPK_exists,43226241,147
3739,session_builder,43236844,358
3739,OTPK_exists,43236915,150
3740,session_builder,43249243,355
3740,OTPK_exists,43249292,147
3741,session_builder,43261854,347
3741,OTPK_exists,43261926,162
3742,session_builder,43274491,351
3742,OTPK_exists,43274563,148
3743,session_builder,43286783,350
3743,OTPK_exists,43286854,154
3744,session_builder,43299240,278
3744,OTPK_exists,43299271,112
3745,session_builder,43311834,15098
3745,OTPK_exists,43311905,149
3746,session_builder,43322001,270
3746,OTPK_exists,43322043,96
3747,session_builder,43333036,361
3747,OTPK_exists,43333110,174
3748,session_builder,43344096,398
3748,OTPK_exists,43344167,182
3749,session_builder,43356216,827
3749,OTPK_exists,43356272,174
3750,session_builder,43366990,257
3750,OTPK_exists,43367017,96
3751,session_builder,43379573,224
3751,OTPK_exists,43379599,85
3752,session_builder,43390628,401
3752,OTPK_exists,43390670,110
3753,session_builder,43402285,257
3753,OTPK_exists,43402321,103
3754,session_builder,43413483,244
3754,OTPK_exists,43413513,82
3755,session_builder,43423832,306
3755,OTPK_exists,43423873,82
3756,session_builder,43436426,453
3756,OTPK_exists,43436511,199
3757,session_builder,43448958,366
3757,OTPK_exists,43449029,147
3758,session_builder,43459549,353
3758,OTPK_exists,43459617,151
3759,session_builder,43471625,257
3759,OTPK_exists,43471693,97
3760,session_builder,43483968,351
3760,OTPK_exists,43484017,148
3761,session_builder,43494525,348
3761,OTPK_exists,43494595,149
3762,session_builder,43506055,360
3762,OTPK_exists,43506114,91
3763,session_builder,43518211,358
3763,OTPK_exists,43518264,147
3764,session_builder,43530723,320
3764,OTPK_exists,43530764,108
3765,session_builder,43541376,251
3765,OTPK_exists,43541402,62
3766,session_builder,43552688,435
3766,OTPK_exists,43552751,173
3767,session_builder,43562985,256
3767,OTPK_exists,43563018,47
3768,session_builder,43574535,349
3768,OTPK_exists,43574584,84
3769,session_builder,43584931,361
3769,OTPK_exists,43585000,160
3770,session_builder,43596521,305
3770,OTPK_exists,43596555,107
3771,session_builder,43606847,174
3771,OTPK_exists,43606895,88
3772,session_builder,43619444,350
3772,OTPK_exists,43619497,146
3773,session_builder,43630407,281
3773,OTPK_exists,43630438,113
3774,session_builder,43640715,176
3774,OTPK_exists,43640763,85
3775,session_builder,43653238,429
3775,OTPK_exists,43653307,174
3776,session_builder,43665779,287
3776,OTPK_exists,43665824,110
3777,session_builder,43675942,216
3777,OTPK_exists,43675968,42
3778,session_builder,43686144,352
3778,OTPK_exists,43686214,157
3779,session_builder,43698247,289
3779,OTPK_exists,43698279,107
3780,session_builder,43708563,302
3780,OTPK_exists,43708634,122
3781,session_builder,43720488,367
3781,OTPK_exists,43720538,143
3782,session_builder,43731003,307
3782,OTPK_exists,43731050,122
3783,session_builder,43742356,363
3783,OTPK_exists,43742427,161
3784,session_builder,43753323,352
3784,OTPK_exists,43753393,148
3785,session_builder,43765775,353
3785,OTPK_exists,43765835,147
3786,session_builder,43776016,307
3786,OTPK_exists,43776044,95
3787,session_builder,43786791,347
3787,OTPK_exists,43786861,152
3788,session_builder,43799286,264
3788,OTPK_exists,43799344,102
3789,session_builder,43809911,361
3789,OTPK_exists,43809983,147
3790,session_builder,43821160,354
3790,OTPK_exists,43821229,155
3791,session_builder,43832508,648
3791,OTPK_exists,43832578,120
3792,session_builder,43843619,354
3792,OTPK_exists,43843688,157
3793,session_builder,43855677,518
3793,OTPK_exists,43855748,147
3794,session_builder,43866221,280
3794,OTPK_exists,43866255,111
3795,session_builder,43878616,256
3795,OTPK_exists,43878638,104
3796,session_builder,43888817,395
3796,OTPK_exists,43888872,148
3797,session_builder,43899275,284
3797,OTPK_exists,43899325,109
3798,session_builder,43911115,356
3798,OTPK_exists,43911184,190
3799,session_builder,43923748,350
3799,OTPK_exists,43923820,148
3800,session_builder,43936418,351
3800,OTPK_exists,43936488,145
3801,session_builder,43947179,352
3801,OTPK_exists,43947249,150
3802,session_builder,43958900,352
3802,OTPK_exists,43958972,150
3803,session_builder,43971580,749
3803,OTPK_exists,43971652,148
3804,session_builder,43983624,371
3804,OTPK_exists,43983693,148
3805,session_builder,43995844,240
3805,OTPK_exists,43995869,89
3806,session_builder,44007105,248
3806,OTPK_exists,44007136,85
3807,session_builder,44019686,226
3807,OTPK_exists,44019706,36
3808,session_builder,44031168,229
3808,OTPK_exists,44031211,85
3809,session_builder,44043747,224
3809,OTPK_exists,44043785,35
3810,session_builder,44055567,440
3810,OTPK_exists,44055640,145
3811,session_builder,44065809,326
3811,OTPK_exists,44065860,108
3812,session_builder,44078418,357
3812,OTPK_exists,44078490,150
3813,session_builder,44091088,348
3813,OTPK_exists,44091158,145
3814,session_builder,44102386,282
3814,OTPK_exists,44102436,113
3815,session_builder,44113647,386
3815,OTPK_exists,44113717,145
3816,session_builder,44125125,355
3816,OTPK_exists,44125179,279
3817,session_builder,44136834,396
3817,OTPK_exists,44136899,399
3818,session_builder,44149253,362
3818,OTPK_exists,44149308,155
3819,session_builder,44159443,349
3819,OTPK_exists,44159503,150
3820,session_builder,44170230,386
3820,OTPK_exists,44170281,187
3821,session_builder,44181456,727
3821,OTPK_exists,44181507,151
3822,session_builder,44192718,361
3822,OTPK_exists,44192770,152
3823,session_builder,44204498,361
3823,OTPK_exists,44204567,148
3824,session_builder,44214925,394
3824,OTPK_exists,44214995,151
3825,session_builder,44227610,352
3825,OTPK_exists,44227683,151
3826,session_builder,44238140,348
3826,OTPK_exists,44238194,148
3827,session_builder,44249318,361
3827,OTPK_exists,44249374,148
3828,session_builder,44260736,344
3828,OTPK_exists,44260802,151
3829,session_builder,44271720,275
3829,OTPK_exists,44271759,113
3830,session_builder,44283240,359
3830,OTPK_exists,44283295,151
3831,session_builder,44293672,361
3831,OTPK_exists,44293742,164
3832,session_builder,44305747,352
3832,OTPK_exists,44305808,152
3833,session_builder,44316003,375
3833,OTPK_exists,44316059,149
3834,session_builder,44327339,376
3834,OTPK_exists,44327410,152
3835,session_builder,44338708,280
3835,OTPK_exists,44338742,119
3836,session_builder,44351282,704
3836,OTPK_exists,44351350,152
3837,session_builder,44362796,287
3837,OTPK_exists,44362845,107
3838,session_builder,44373795,260
3838,OTPK_exists,44373820,39
3839,session_builder,44385068,383
3839,OTPK_exists,44385117,150
3840,session_builder,44396119,219
3840,OTPK_exists,44396149,72
3841,session_builder,44406949,389
3841,OTPK_exists,44407012,147
3842,session_builder,44418218,357
3842,OTPK_exists,44418270,147
3843,session_builder,44430170,313
3843,OTPK_exists,44430213,108
3844,session_builder,44440570,456
3844,OTPK_exists,44440630,147
3845,session_builder,44451924,349
3845,OTPK_exists,44451986,147
3846,session_builder,44462866,363
3846,OTPK_exists,44462935,147
3847,session_builder,44473658,384
3847,OTPK_exists,44473728,145
3848,session_builder,44486288,358
3848,OTPK_exists,44486342,146
3849,session_builder,44496846,351
3849,OTPK_exists,44496909,147
3850,session_builder,44507308,253
3850,OTPK_exists,44507332,37
3851,session_builder,44518658,258
3851,OTPK_exists,44518700,92
3852,session_builder,44529603,382
3852,OTPK_exists,44529675,156
3853,session_builder,44540000,358
3853,OTPK_exists,44540069,150
3854,session_builder,44552705,366
3854,OTPK_exists,44552766,149
3855,session_builder,44564062,286
3855,OTPK_exists,44564106,108
3856,session_builder,44574710,270
3856,OTPK_exists,44574798,103
3857,session_builder,44586403,367
3857,OTPK_exists,44586456,155
3858,session_builder,44597823,331
3858,OTPK_exists,44597854,107
3859,session_builder,44608841,351
3859,OTPK_exists,44608910,143
3860,session_builder,44620023,410
3860,OTPK_exists,44620098,146
3861,session_builder,44630744,611
3861,OTPK_exists,44630816,145
3862,session_builder,44640900,352
3862,OTPK_exists,44640965,148
3863,session_builder,44653221,350
3863,OTPK_exists,44653293,145
3864,session_builder,44664891,348
3864,OTPK_exists,44664960,147
3865,session_builder,44676158,364
3865,OTPK_exists,44676228,149
3866,session_builder,44688135,364
3866,OTPK_exists,44688190,151
3867,session_builder,44698659,366
3867,OTPK_exists,44698728,150
3868,session_builder,44709126,257
3868,OTPK_exists,44709164,97
3869,session_builder,44721778,377
3869,OTPK_exists,44721833,415
3870,session_builder,44732933,289
3870,OTPK_exists,44732966,108
3871,session_builder,44743789,313
3871,OTPK_exists,44743825,108
3872,session_builder,44754881,360
3872,OTPK_exists,44754950,149
3873,session_builder,44767327,254
3873,OTPK_exists,44767352,98
3874,session_builder,44779267,350
3874,OTPK_exists,44779338,386
3875,session_builder,44789827,351
3875,OTPK_exists,44789881,147
3876,session_builder,44799959,274
3876,OTPK_exists,44800008,112
3877,session_builder,44811815,250
3877,OTPK_exists,44811857,95
3878,session_builder,44823204,358
3878,OTPK_exists,44823259,149
3879,session_builder,44833838,281
3879,OTPK_exists,44833871,110
3880,session_builder,44845935,659
3880,OTPK_exists,44845974,112
3881,session_builder,44856134,358
3881,OTPK_exists,44856202,144
3882,session_builder,44867532,327
3882,OTPK_exists,44867566,108
3883,session_builder,44879333,733
3883,OTPK_exists,44879392,156
3884,session_builder,44891981,366
3884,OTPK_exists,44892054,154
3885,session_builder,44903421,367
3885,OTPK_exists,44903492,153
3886,session_builder,44916039,367
3886,OTPK_exists,44916094,153
3887,session_builder,44928655,366
3887,OTPK_exists,44928728,154
3888,session_builder,44941294,367
3888,OTPK_exists,44941367,153
3889,session_builder,44953934,364
3889,OTPK_exists,44954007,154
3890,session_builder,44966573,367
3890,OTPK_exists,44966645,152
3891,session_builder,44979212,367
3891,OTPK_exists,44979283,156
3892,session_builder,44991837,713
3892,OTPK_exists,44991893,156
3893,session_builder,45003573,364
3893,OTPK_exists,45003639,145
3894,session_builder,45014775,665
3894,OTPK_exists,45014837,148
3895,session_builder,45024934,389
3895,OTPK_exists,45025003,152
3896,session_builder,45036838,415
3896,OTPK_exists,45036911,159
3897,session_builder,45049268,352
3897,OTPK_exists,45049340,145
3898,session_builder,45059827,344
3898,OTPK_exists,45059887,148
3899,session_builder,45071506,349
3899,OTPK_exists,45071562,146
3900,session_builder,45082151,707
3900,OTPK_exists,45082201,148
3901,session_builder,45092394,354
3901,OTPK_exists,45092463,148
3902,session_builder,45103642,355
3902,OTPK_exists,45103711,148
3903,session_builder,45114751,350
3903,OTPK_exists,45114820,148
3904,session_builder,45126143,361
3904,OTPK_exists,45126212,148
3905,session_builder,45137426,480
3905,OTPK_exists,45137495,147
3906,session_builder,45149230,239
3906,OTPK_exists,45149252,37
3907,session_builder,45159423,350
3907,OTPK_exists,45159491,147
3908,session_builder,45171847,349
3908,OTPK_exists,45171919,145
3909,session_builder,45182718,375
3909,OTPK_exists,45182770,151
3910,session_builder,45193993,351
3910,OTPK_exists,45194041,149
3911,session_builder,45206608,349
3911,OTPK_exists,45206680,151
3912,session_builder,45219244,350
3912,OTPK_exists,45219315,146
3913,session_builder,45229794,366
3913,OTPK_exists,45229864,148
3914,session_builder,45241483,352
3914,OTPK_exists,45241554,149
3915,session_builder,45254119,350
3915,OTPK_exists,45254191,147
3916,session_builder,45265789,351
3916,OTPK_exists,45265860,151
3917,session_builder,45278425,355
3917,OTPK_exists,45278496,148
3918,session_builder,45290003,346
3918,OTPK_exists,45290073,148
3919,session_builder,45301062,352
3919,OTPK_exists,45301131,148
3920,session_builder,45313073,381
3920,OTPK_exists,45313145,145
3921,session_builder,45325710,350
3921,OTPK_exists,45325781,148
3922,session_builder,45337719,443
3922,OTPK_exists,45337821,184
3923,session_builder,45349253,386
3923,OTPK_exists,45349311,178
3924,session_builder,45361866,369
3924,OTPK_exists,45361939,150
3925,session_builder,45374508,366
3925,OTPK_exists,45374582,386
3926,session_builder,45386888,367
3926,OTPK_exists,45386960,145
3927,session_builder,45398048,286
3927,OTPK_exists,45398098,107
3928,session_builder,45410656,369
3928,OTPK_exists,45410729,152
3929,session_builder,45423296,369
3929,OTPK_exists,45423368,150
3930,session_builder,45435933,367
3930,OTPK_exists,45436006,150
3931,session_builder,45448571,364
3931,OTPK_exists,45448644,150
3932,session_builder,45459424,349
3932,OTPK_exists,45459495,150
3933,session_builder,45469970,305
3933,OTPK_exists,45470006,108
3934,session_builder,45480238,693
3934,OTPK_exists,45480304,152
3935,session_builder,45492426,283
3935,OTPK_exists,45492473,127
3936,session_builder,45505030,242
3936,OTPK_exists,45505058,88
3937,session_builder,45515741,260
3937,OTPK_exists,45515772,51
3938,session_builder,45527612,230
3938,OTPK_exists,45527647,82
3939,session_builder,45540204,232
3939,OTPK_exists,45540236,83
3940,session_builder,45552788,228
3940,OTPK_exists,45552825,87
3941,session_builder,45564361,297
3941,OTPK_exists,45564397,83
3942,session_builder,45574789,362
3942,OTPK_exists,45574863,151
3943,session_builder,45586780,351
3943,OTPK_exists,45586852,148
3944,session_builder,45599261,234
3944,OTPK_exists,45599290,87
3945,session_builder,45610237,392
3945,OTPK_exists,45610313,148
3946,session_builder,45620434,345
3946,OTPK_exists,45620489,161
3947,session_builder,45630939,228
3947,OTPK_exists,45630968,85
3948,session_builder,45642815,232
3948,OTPK_exists,45642835,52
3949,session_builder,45655422,692
3949,OTPK_exists,45655496,146
3950,session_builder,45668060,352
3950,OTPK_exists,45668132,148
3951,session_builder,45680696,353
3951,OTPK_exists,45680768,148
3952,session_builder,45690856,250
3952,OTPK_exists,45690882,96
3953,session_builder,45702590,351
3953,OTPK_exists,45702661,147
3954,session_builder,45715225,352
3954,OTPK_exists,45715297,149
3955,session_builder,45725499,260
3955,OTPK_exists,45725530,122
3956,session_builder,45736788,113
3956,OTPK_exists,45736855,55
3957,session_builder,45749268,349
3957,OTPK_exists,45749339,147
3958,session_builder,45761905,354
3958,OTPK_exists,45761976,149
3959,session_builder,45772318,847
3959,OTPK_exists,45772344,109
3960,session_builder,45784908,353
3960,OTPK_exists,45784981,149
3961,session_builder,45796943,350
3961,OTPK_exists,45797010,152
3962,session_builder,45807904,240
3962,OTPK_exists,45807939,85
3963,session_builder,45820480,450
3963,OTPK_exists,45820541,198
3964,session_builder,45830914,611
3964,OTPK_exists,45830963,109
3965,session_builder,45841288,232
3965,OTPK_exists,45841318,96
3966,session_builder,45852218,233
3966,OTPK_exists,45852263,85
3967,session_builder,45863638,364
3967,OTPK_exists,45863705,206
3968,session_builder,45876271,348
3968,OTPK_exists,45876342,148
3969,session_builder,45886782,351
3969,OTPK_exists,45886852,148
3970,session_builder,45899240,284
3970,OTPK_exists,45899287,111
3971,session_builder,45911843,350
3971,OTPK_exists,45911915,148
3972,session_builder,45924221,355
3972,OTPK_exists,45924294,143
3973,session_builder,45936777,355
3973,OTPK_exists,45936899,150
3974,session_builder,45947578,474
3974,OTPK_exists,45947629,115
3975,session_builder,45958515,236
3975,OTPK_exists,45958543,32
3976,session_builder,45968588,231
3976,OTPK_exists,45968609,85
3977,session_builder,45981131,221
3977,OTPK_exists,45981154,82
3978,session_builder,45993218,226
3978,OTPK_exists,45993242,84
3979,session_builder,46003825,280
3979,OTPK_exists,46003873,111
3980,session_builder,46015196,149
3980,OTPK_exists,46015216,32
3981,session_builder,46027751,232
3981,OTPK_exists,46027775,83
3982,session_builder,46039928,247
3982,OTPK_exists,46039954,81
3983,session_builder,46050119,227
3983,OTPK_exists,46050147,85
3984,session_builder,46060537,219
3984,OTPK_exists,46060560,113
3985,session_builder,46071638,349
3985,OTPK_exists,46071676,84
3986,session_builder,46082013,188
3986,OTPK_exists,46082033,32
3987,session_builder,46093506,229
3987,OTPK_exists,46093529,80
3988,session_builder,46105682,256
3988,OTPK_exists,46105705,34
3989,session_builder,46115766,226
3989,OTPK_exists,46115787,49
3990,session_builder,46127002,225
3990,OTPK_exists,46127027,32
3991,session_builder,46138462,283
3991,OTPK_exists,46138494,84
3992,session_builder,46149233,220
3992,OTPK_exists,46149253,33
3993,session_builder,46159550,288
3993,OTPK_exists,46159602,108
3994,session_builder,46170979,278
3994,OTPK_exists,46171029,109
3995,session_builder,46182199,347
3995,OTPK_exists,46182268,152
3996,session_builder,46194810,294
3996,OTPK_exists,46194861,125
3997,session_builder,46206603,361
3997,OTPK_exists,46206673,150
3998,session_builder,46217707,346
3998,OTPK_exists,46217757,146
3999,session_builder,46230138,359
3999,OTPK_exists,46230193,152
4000,session_builder,46241072,349
4000,OTPK_exists,46241128,162
4001,session_builder,46251936,350
4001,OTPK_exists,46251999,146
4002,session_builder,46263469,364
4002,OTPK_exists,46263534,149
4003,session_builder,46273858,359
4003,OTPK_exists,46273910,452
4004,session_builder,46285208,351
4004,OTPK_exists,46285259,149
4005,session_builder,46297278,254
4005,OTPK_exists,46297314,93
4006,session_builder,46307407,349
4006,OTPK_exists,46307475,145
4007,session_builder,46318957,345
4007,OTPK_exists,46319008,145
4008,session_builder,46330643,283
4008,OTPK_exists,46330680,124
4009,session_builder,46341974,361
4009,OTPK_exists,46342027,147
4010,session_builder,46354307,349
4010,OTPK_exists,46354368,147
4011,session_builder,46365822,352
4011,OTPK_exists,46365887,152
4012,session_builder,46376271,359
4012,OTPK_exists,46376325,154
4013,session_builder,46386788,298
4013,OTPK_exists,46386821,112
4014,session_builder,46399268,288
4014,OTPK_exists,46399301,112
4015,session_builder,46409507,349
4015,OTPK_exists,46409567,151
4016,session_builder,46420717,353
4016,OTPK_exists,46420770,152
4017,session_builder,46431269,325
4017,OTPK_exists,46431315,113
4018,session_builder,46442584,408
4018,OTPK_exists,46442638,145
4019,session_builder,46453673,422
4019,OTPK_exists,46453743,147
4020,session_builder,46465785,324
4020,OTPK_exists,46465851,113
4021,session_builder,46478405,364
4021,OTPK_exists,46478459,149
4022,session_builder,46490835,283
4022,OTPK_exists,46490876,112
4023,session_builder,46503432,350
4023,OTPK_exists,46503504,146
4024,session_builder,46515781,350
4024,OTPK_exists,46515853,148
4025,session_builder,46528418,352
4025,OTPK_exists,46528489,148
4026,session_builder,46539974,277
4026,OTPK_exists,46540024,406
4027,session_builder,46551293,364
4027,OTPK_exists,46551363,148
4028,session_builder,46563702,376
4028,OTPK_exists,46563776,180
4029,session_builder,46574795,364
4029,OTPK_exists,46574868,145
4030,session_builder,46586789,352
4030,OTPK_exists,46586862,147
4031,session_builder,46599288,288
4031,OTPK_exists,46599340,107
4032,session_builder,46611897,352
4032,OTPK_exists,46611968,148
4033,session_builder,46623210,365
4033,OTPK_exists,46623263,148
4034,session_builder,46633464,298
4034,OTPK_exists,46633515,108
4035,session_builder,46645208,346
4035,OTPK_exists,46645258,149
4036,session_builder,46656586,406
4036,OTPK_exists,46656657,167
4037,session_builder,46667946,280
4037,OTPK_exists,46667984,411
4038,session_builder,46678643,422
4038,OTPK_exists,46678713,151
4039,session_builder,46689907,362
4039,OTPK_exists,46689977,153
4040,session_builder,46701842,361
4040,OTPK_exists,46701914,147
4041,session_builder,46712400,375
4041,OTPK_exists,46712471,151
4042,session_builder,46723652,358
4042,OTPK_exists,46723723,154
4043,session_builder,46734814,349
4043,OTPK_exists,46734884,143
4044,session_builder,46746163,356
4044,OTPK_exists,46746232,146
4045,session_builder,46757332,347
4045,OTPK_exists,46757401,171
4046,session_builder,46767463,283
4046,OTPK_exists,46767514,108
4047,session_builder,46780071,354
4047,OTPK_exists,46780142,152
4048,session_builder,46792705,351
4048,OTPK_exists,46792777,151
4049,session_builder,46803753,351
4049,OTPK_exists,46803823,171
4050,session_builder,46815839,352
4050,OTPK_exists,46815910,144
4051,session_builder,46828474,355
4051,OTPK_exists,46828544,147
4052,session_builder,46839992,351
4052,OTPK_exists,46840063,148
4053,session_builder,46851654,344
4053,OTPK_exists,46851727,145
4054,session_builder,46863891,363
4054,OTPK_exists,46863965,145
4055,session_builder,46874944,381
4055,OTPK_exists,46875018,145
4056,session_builder,46886774,350
4056,OTPK_exists,46886822,148
4057,session_builder,46899273,349
4057,OTPK_exists,46899344,148
4058,session_builder,46911908,352
4058,OTPK_exists,46911979,150
4059,session_builder,46924592,348
4059,OTPK_exists,46924663,167
4060,session_builder,46936858,361
4060,OTPK_exists,46936929,170
4061,session_builder,46949257,463
4061,OTPK_exists,46949314,145
4062,session_builder,46959496,349
4062,OTPK_exists,46959567,147
4063,session_builder,46971501,380
4063,OTPK_exists,46971555,154
4064,session_builder,46982396,346
4064,OTPK_exists,46982466,146
4065,session_builder,46993645,350
4065,OTPK_exists,46993715,150
4066,session_builder,47004895,357
4066,OTPK_exists,47004963,388
4067,session_builder,47016751,355
4067,OTPK_exists,47016804,150
4068,session_builder,47027377,361
4068,OTPK_exists,47027445,150
4069,session_builder,47038656,356
4069,OTPK_exists,47038726,145
4070,session_builder,47049269,348
4070,OTPK_exists,47049340,148
4071,session_builder,47061923,363
4071,OTPK_exists,47062000,148
4072,session_builder,47072315,364
4072,OTPK_exists,47072388,147
4073,session_builder,47082802,346
4073,OTPK_exists,47082869,147
4074,session_builder,47094901,356
4074,OTPK_exists,47094972,145
4075,session_builder,47106816,361
4075,OTPK_exists,47106872,125
4076,session_builder,47117410,396
4076,OTPK_exists,47117481,155
4077,session_builder,47128653,364
4077,OTPK_exists,47128723,185
4078,session_builder,47140194,344
4078,OTPK_exists,47140248,165
4079,session_builder,47151261,409
4079,OTPK_exists,47151335,153
4080,session_builder,47163165,345
4080,OTPK_exists,47163225,152
4081,session_builder,47174959,358
4081,OTPK_exists,47175014,146
4082,session_builder,47186777,390
4082,OTPK_exists,47186830,145
4083,session_builder,47199241,284
4083,OTPK_exists,47199278,112
4084,session_builder,47210671,283
4084,OTPK_exists,47210716,113
4085,session_builder,47221018,351
4085,OTPK_exists,47221071,159
4086,session_builder,47231212,304
4086,OTPK_exists,47231257,117
4087,session_builder,47243222,359
4087,OTPK_exists,47243285,161
4088,session_builder,47253893,353
4088,OTPK_exists,47253955,148
4089,session_builder,47264200,398
4089,OTPK_exists,47264270,148
4090,session_builder,47274989,390
4090,OTPK_exists,47275055,149
4091,session_builder,47286791,361
4091,OTPK_exists,47286847,150
4092,session_builder,47297267,350
4092,OTPK_exists,47297336,143
4093,session_builder,47308820,355
4093,OTPK_exists,47308891,149
4094,session_builder,47320199,384
4094,OTPK_exists,47320248,147
4095,session_builder,47330857,361
4095,OTPK_exists,47330929,150
4096,session_builder,47341664,257
4096,OTPK_exists,47341710,98
4097,session_builder,47353205,247
4097,OTPK_exists,47353236,91
4098,session_builder,47365780,278
4098,OTPK_exists,47365821,89
4099,session_builder,47375923,288
4099,OTPK_exists,47375951,85
4100,session_builder,47386741,234
4100,OTPK_exists,47386771,89
4101,session_builder,47399231,223
4101,OTPK_exists,47399249,85
4102,session_builder,47409496,223
4102,OTPK_exists,47409527,85
4103,session_builder,47420403,229
4103,OTPK_exists,47420426,84
4104,session_builder,47431327,231
4104,OTPK_exists,47431360,80
4105,session_builder,47441530,229
4105,OTPK_exists,47441553,83
4106,session_builder,47452507,228
4106,OTPK_exists,47452531,81
4107,session_builder,47464695,242
4107,OTPK_exists,47464721,96
4108,session_builder,47475739,220
4108,OTPK_exists,47475758,83
4109,session_builder,47486746,221
4109,OTPK_exists,47486769,79
4110,session_builder,47499232,260
4110,OTPK_exists,47499271,85
4111,session_builder,47510837,218
4111,OTPK_exists,47512015,83
4112,session_builder,47523518,196
4112,OTPK_exists,47523544,34
4113,session_builder,47535655,231
4113,OTPK_exists,47535717,82
4114,session_builder,47547593,276
4114,OTPK_exists,47547632,99
4115,session_builder,47560157,227
4115,OTPK_exists,47560194,420
4116,session_builder,47571442,221
4116,OTPK_exists,47571476,82
4117,session_builder,47581828,239
4117,OTPK_exists,47581882,83
4118,session_builder,47593948,225
4118,OTPK_exists,47593984,83
4119,session_builder,47604971,221
4119,OTPK_exists,47605009,82
4120,session_builder,47615741,111
4120,OTPK_exists,47615769,32
4121,session_builder,47628303,223
4121,OTPK_exists,47628329,80
4122,session_builder,47638921,257
4122,OTPK_exists,47638946,81
4123,session_builder,47649231,219
4123,OTPK_exists,47649254,77
4124,session_builder,47661804,213
4124,OTPK_exists,47661828,73
4125,session_builder,47674314,211
4125,OTPK_exists,47674339,74
4126,session_builder,47686734,99
4126,OTPK_exists,47686751,27
4127,session_builder,47699263,138
4127,OTPK_exists,47699283,39
4128,session_builder,47709808,213
4128,OTPK_exists,47709829,76
4129,session_builder,47722282,228
4129,OTPK_exists,47722331,424
4130,session_builder,47733806,271
4130,OTPK_exists,47733854,96
4131,session_builder,47746407,218
4131,OTPK_exists,47746439,33
4132,session_builder,47758932,102
4132,OTPK_exists,47758973,44
4133,session_builder,47769758,62
4133,OTPK_exists,47769778,29
4134,session_builder,47781049,106
4134,OTPK_exists,47781073,25
4135,session_builder,47793083,362
4135,OTPK_exists,47793153,148
4136,session_builder,47803483,22103
4136,OTPK_exists,47803568,168
4137,session_builder,47815652,415
4137,OTPK_exists,47815726,151
4138,session_builder,47826023,104
4138,OTPK_exists,47826046,43
4139,session_builder,47837587,69
4139,OTPK_exists,47837609,33
4140,session_builder,47849231,157
4140,OTPK_exists,47849253,32
4141,session_builder,47859366,236
4141,OTPK_exists,47859402,109
4142,session_builder,47870979,228
4142,OTPK_exists,47871022,84
4143,session_builder,47881219,402
4143,OTPK_exists,47881304,145
4144,session_builder,47893642,288
4144,OTPK_exists,47893699,110
4145,session_builder,47903765,303
4145,OTPK_exists,47903817,108
4146,session_builder,47914598,360
4146,OTPK_exists,47914679,152
4147,session_builder,47927255,346
4147,OTPK_exists,47927338,145
4148,session_builder,47938016,258
4148,OTPK_exists,47938062,95
4149,session_builder,47949269,349
4149,OTPK_exists,47949351,152
4150,session_builder,47961839,421
4150,OTPK_exists,47961917,161
4151,session_builder,47972157,291
4151,OTPK_exists,47972232,109
4152,session_builder,47983651,353
4152,OTPK_exists,47983731,147
4153,session_builder,47995229,690
4153,OTPK_exists,47995290,149
4154,session_builder,48006037,250
4154,OTPK_exists,48006081,94
4155,session_builder,48017370,703
4155,OTPK_exists,48017451,148
4156,session_builder,48027695,233
4156,OTPK_exists,48027723,85
4157,session_builder,48039957,258
4157,OTPK_exists,48040003,418
4158,session_builder,48050717,266
4158,OTPK_exists,48050756,96
4159,session_builder,48061094,225
4159,OTPK_exists,48061128,100
4160,session_builder,48072620,232
4160,OTPK_exists,48072658,105
4161,session_builder,48082734,225
4161,OTPK_exists,48082768,82
4162,session_builder,48093141,261
4162,OTPK_exists,48122900,81
4163,session_builder,48133439,241
4163,OTPK_exists,48142560,421
4164,session_builder,48152748,233
4164,OTPK_exists,48152776,130
4165,session_builder,48165151,284
4165,OTPK_exists,48165188,81
4166,session_builder,48175310,245
4166,OTPK_exists,48175335,88
4167,session_builder,48185507,223
4167,OTPK_exists,48185532,79
4168,session_builder,48196365,228
4168,OTPK_exists,48196397,81
4169,session_builder,48206730,222
4169,OTPK_exists,48206762,78
4170,session_builder,48216864,225
4170,OTPK_exists,48216890,81
4171,session_builder,48228681,268
4171,OTPK_exists,48228707,112
4172,session_builder,48240070,240
4172,OTPK_exists,48240098,30
4173,session_builder,48252654,218
4173,OTPK_exists,48252685,76
4174,session_builder,48264751,212
4174,OTPK_exists,48264844,78
4175,session_builder,48275688,191
4175,OTPK_exists,48275711,75
4176,session_builder,48287108,214
4176,OTPK_exists,48287198,91
4177,session_builder,48299289,290
4177,OTPK_exists,48299403,110
4178,session_builder,48310701,352
4178,OTPK_exists,48310773,148
4179,session_builder,48321478,372
4179,OTPK_exists,48321540,149
4180,session_builder,48331971,369
4180,OTPK_exists,48332056,151
4181,session_builder,48343944,395
4181,OTPK_exists,48344003,145
4182,session_builder,48355897,388
4182,OTPK_exists,48355974,148
4183,session_builder,48367513,523
4183,OTPK_exists,48367569,115
4184,session_builder,48377667,349
4184,OTPK_exists,48377733,152
4185,session_builder,48388532,283
4185,OTPK_exists,48388579,107
4186,session_builder,48399265,280
4186,OTPK_exists,48399322,110
4187,session_builder,48411278,402
4187,OTPK_exists,48411358,150
4188,session_builder,48422415,389
4188,OTPK_exists,48422495,147
4189,session_builder,48433610,355
4189,OTPK_exists,48433690,144
4190,session_builder,48444856,396
4190,OTPK_exists,48444937,145
4191,session_builder,48455161,579
4191,OTPK_exists,48455234,151
4192,session_builder,48466091,383
4192,OTPK_exists,48466173,145
4193,session_builder,48478129,413
4193,OTPK_exists,48478208,150
4194,session_builder,48490811,14479
4194,OTPK_exists,48490870,110
4195,session_builder,48502184,345
4195,OTPK_exists,48502268,148
4196,session_builder,48513653,347
4196,OTPK_exists,48513738,144
4197,session_builder,48526312,352
4197,OTPK_exists,48526395,147
4198,session_builder,48536756,281
4198,OTPK_exists,48536810,110
4199,session_builder,48549268,352
4199,OTPK_exists,48549351,147
4200,session_builder,48560718,350
4200,OTPK_exists,48560798,152
4201,session_builder,48571952,345
4201,OTPK_exists,48572035,147
4202,session_builder,48584605,356
4202,OTPK_exists,48584687,150
4203,session_builder,48594830,352
4203,OTPK_exists,48594911,148
4204,session_builder,48607481,353
4204,OTPK_exists,48607563,151
4205,session_builder,48618343,251
4205,OTPK_exists,48618375,96
4206,session_builder,48630903,234
4206,OTPK_exists,48630933,88
4207,session_builder,48643488,226
4207,OTPK_exists,48643525,85
4208,session_builder,48655870,227
4208,OTPK_exists,48655915,84
4209,session_builder,48666494,280
4209,OTPK_exists,48666531,123
4210,session_builder,48678471,194
4210,OTPK_exists,48678554,93
4211,session_builder,48691124,351
4211,OTPK_exists,48691206,149
4212,session_builder,48702363,251
4212,OTPK_exists,48702410,95
4213,session_builder,48713638,350
4213,OTPK_exists,48713719,153
4214,session_builder,48724218,284
4214,OTPK_exists,48724271,110
4215,session_builder,48736736,230
4215,OTPK_exists,48736764,84
4216,session_builder,48749316,412
4216,OTPK_exists,48749398,143
4217,session_builder,48761970,345
4217,OTPK_exists,48762052,145
4218,session_builder,48774380,285
4218,OTPK_exists,48774470,110
4219,session_builder,48786828,816
4219,OTPK_exists,48786886,177
4220,session_builder,48799299,356
4220,OTPK_exists,48799378,152
4221,session_builder,48810995,386
4221,OTPK_exists,48811079,148
4222,session_builder,48823659,361
4222,OTPK_exists,48823742,154
4223,session_builder,48835285,286
4223,OTPK_exists,48835337,111
4224,session_builder,48845576,366
4224,OTPK_exists,48845659,151
4225,session_builder,48855873,378
4225,OTPK_exists,48855957,145
4226,session_builder,48867010,283
4226,OTPK_exists,48867065,113
4227,session_builder,48879626,348
4227,OTPK_exists,48879708,148
4228,session_builder,48890682,342
4228,OTPK_exists,48890765,146
4229,session_builder,48901115,282
4229,OTPK_exists,48901170,107
4230,session_builder,48913731,352
4230,OTPK_exists,48913812,149
4231,session_builder,48926384,349
4231,OTPK_exists,48926467,150
4232,session_builder,48937990,282
4232,OTPK_exists,48938048,113
4233,session_builder,48948573,350
4233,OTPK_exists,48948654,153
4234,session_builder,48961224,355
4234,OTPK_exists,48961306,497
4235,session_builder,48971920,290
4235,OTPK_exists,48971979,131
4236,session_builder,48984542,366
4236,OTPK_exists,48984625,152
4237,session_builder,48996633,372
4237,OTPK_exists,48996701,147
4238,session_builder,49007374,278
4238,OTPK_exists,49007422,93
4239,session_builder,49018646,374
4239,OTPK_exists,49018727,151
4240,session_builder,49030042,358
4240,OTPK_exists,49030106,193
4241,session_builder,49041226,303
4241,OTPK_exists,49041271,94
4242,session_builder,49053836,353
4242,OTPK_exists,49053918,148
4243,session_builder,49065790,357
4243,OTPK_exists,49065875,144
4244,session_builder,49075976,286
4244,OTPK_exists,49076023,113
4245,session_builder,49088573,362
4245,OTPK_exists,49088640,151
4246,session_builder,49100672,288
4246,OTPK_exists,49100719,119
4247,session_builder,49113280,368
4247,OTPK_exists,49113365,153
4248,session_builder,49125937,350
4248,OTPK_exists,49126020,148
4249,session_builder,49136767,264
4249,OTPK_exists,49136824,103
4250,session_builder,49147313,350
4250,OTPK_exists,49147396,147
4251,session_builder,49159829,349
4251,OTPK_exists,49159921,148
4252,session_builder,49171803,287
4252,OTPK_exists,49171864,107
4253,session_builder,49182037,297
4253,OTPK_exists,49182096,125
4254,session_builder,49192341,288
4254,OTPK_exists,49192378,113
4255,session_builder,49202556,237
4255,OTPK_exists,49202589,114
4256,session_builder,49212896,179
4256,OTPK_exists,49212927,68
4257,session_builder,49225505,14656
4257,OTPK_exists,49225587,146
4258,session_builder,49236787,260
4258,OTPK_exists,49236831,466
4259,session_builder,49249232,229
4259,OTPK_exists,49249258,82
4260,session_builder,49261781,253
4260,OTPK_exists,49261806,34
4261,session_builder,49272032,251
4261,OTPK_exists,49272063,96
4262,session_builder,49282149,257
4262,OTPK_exists,49282197,96
4263,session_builder,49292298,258
4263,OTPK_exists,49292331,127
4264,session_builder,49302357,257
4264,OTPK_exists,49302398,94
4265,session_builder,49314545,288
4265,OTPK_exists,49314595,112
4266,session_builder,49327163,363
4266,OTPK_exists,49327247,151
4267,session_builder,49338413,250
4267,OTPK_exists,49338448,98
4268,session_builder,49348693,281
4268,OTPK_exists,49348736,109
4269,session_builder,49358936,301
4269,OTPK_exists,49358988,107
4270,session_builder,49369239,282
4270,OTPK_exists,49369283,111
4271,session_builder,49379466,350
4271,OTPK_exists,49379531,150
4272,session_builder,49390450,344
4272,OTPK_exists,49390527,147
4273,session_builder,49401323,258
4273,OTPK_exists,49401374,62
4274,session_builder,49411971,717
4274,OTPK_exists,49412053,148
4275,session_builder,49423174,350
4275,OTPK_exists,49423256,400
4276,session_builder,49433700,285
4276,OTPK_exists,49433754,109
4277,session_builder,49446322,347
4277,OTPK_exists,49446386,148
4278,session_builder,49457368,276
4278,OTPK_exists,49457424,110
4279,session_builder,49468200,287
4279,OTPK_exists,49468249,111
4280,session_builder,49480196,355
4280,OTPK_exists,49480255,150
4281,session_builder,49490750,723
4281,OTPK_exists,49490834,147
4282,session_builder,49502786,284
4282,OTPK_exists,49502836,108
4283,session_builder,49513928,403
4283,OTPK_exists,49514008,401
4284,session_builder,49524910,376
4284,OTPK_exists,49524992,151
4285,session_builder,49536764,280
4285,OTPK_exists,49536838,116
4286,session_builder,49549252,709
4286,OTPK_exists,49549310,148
4287,session_builder,49560693,393
4287,OTPK_exists,49560756,149
4288,session_builder,49570953,280
4288,OTPK_exists,49570994,123
4289,session_builder,49582286,356
4289,OTPK_exists,49582341,196
4290,session_builder,49592701,381
4290,OTPK_exists,49592753,198
4291,session_builder,49603259,309
4291,OTPK_exists,49603311,107
4292,session_builder,49615019,417
4292,OTPK_exists,49615090,159
4293,session_builder,49625980,238
4293,OTPK_exists,49626003,103
4294,session_builder,49636929,268
4294,OTPK_exists,49636959,84
4295,session_builder,49649235,234
4295,OTPK_exists,49649256,108
4296,session_builder,49659548,166
4296,OTPK_exists,49659575,85
4297,session_builder,49669858,229
4297,OTPK_exists,49669898,83
4298,session_builder,49682253,282
4298,OTPK_exists,49682302,106
4299,session_builder,49692481,350
4299,OTPK_exists,49692553,150
4300,session_builder,49703126,357
4300,OTPK_exists,49703185,109
4301,session_builder,49713894,360
4301,OTPK_exists,49713964,147
4302,session_builder,49726529,351
4302,OTPK_exists,49726601,148
4303,session_builder,49736782,352
4303,OTPK_exists,49736854,147
4304,session_builder,49749273,349
4304,OTPK_exists,49749345,149
4305,session_builder,49761908,367
4305,OTPK_exists,49761974,148
4306,session_builder,49774325,282
4306,OTPK_exists,49774363,106
4307,session_builder,49786799,278
4307,OTPK_exists,49786836,111
4308,session_builder,49797305,284
4308,OTPK_exists,49797344,110
4309,session_builder,49807391,349
4309,OTPK_exists,49807453,152
4310,session_builder,49818255,365
4310,OTPK_exists,49818311,143
4311,session_builder,49828630,362
4311,OTPK_exists,49828700,153
4312,session_builder,49840397,353
4312,OTPK_exists,49840447,149
4313,session_builder,49851923,349
4313,OTPK_exists,49851984,145
4314,session_builder,49862065,380
4314,OTPK_exists,49862135,145
4315,session_builder,49872248,255
4315,OTPK_exists,49872272,95
4316,session_builder,49884565,294
4316,OTPK_exists,49884595,79
4317,session_builder,49895265,352
4317,OTPK_exists,49895336,159
4318,session_builder,49907387,374
4318,OTPK_exists,49907457,151
4319,session_builder,49918671,380
4319,OTPK_exists,49918739,148
4320,session_builder,49929949,374
4320,OTPK_exists,49930018,153
4321,session_builder,49941143,358
4321,OTPK_exists,49941214,148
4322,session_builder,49952403,372
4322,OTPK_exists,49952472,147
4323,session_builder,49963661,435
4323,OTPK_exists,49963731,164
4324,session_builder,49974707,347
4324,OTPK_exists,49974778,145
4325,session_builder,49986129,348
4325,OTPK_exists,49986199,143
4326,session_builder,49997376,362
4326,OTPK_exists,49997445,149
4327,session_builder,50008639,353
4327,OTPK_exists,50008707,151
4328,session_builder,50019902,375
4328,OTPK_exists,50019972,144
4329,session_builder,50031157,517
4329,OTPK_exists,50031232,150
4330,session_builder,50042398,356
4330,OTPK_exists,50042467,274
4331,session_builder,50053543,712
4331,OTPK_exists,50053609,151
4332,session_builder,50064899,359
4332,OTPK_exists,50064969,152
4333,session_builder,50076139,357
4333,OTPK_exists,50076208,145
4334,session_builder,50087375,358
4334,OTPK_exists,50087444,145
4335,session_builder,50099288,357
4335,OTPK_exists,50099345,148
4336,session_builder,50109875,357
4336,OTPK_exists,50109943,148
4337,session_builder,50121128,344
4337,OTPK_exists,50121197,148
4338,session_builder,50132370,359
4338,OTPK_exists,50132439,145
4339,session_builder,50144153,355
4339,OTPK_exists,50144202,148
4340,session_builder,50155671,353
4340,OTPK_exists,50155826,144
4341,session_builder,50166470,352
4341,OTPK_exists,50166528,429
4342,session_builder,50179083,349
4342,OTPK_exists,50179154,151
4343,session_builder,50191762,352
4343,OTPK_exists,50191832,148
4344,session_builder,50202163,278
4344,OTPK_exists,50202207,110
4345,session_builder,50212444,354
4345,OTPK_exists,50212508,385
4346,session_builder,50222631,719
4346,OTPK_exists,50222669,145
4347,session_builder,50232721,331
4347,OTPK_exists,50232793,128
4348,session_builder,50244795,378
4348,OTPK_exists,50244867,145
4349,session_builder,50256407,417
4349,OTPK_exists,50256485,148
4350,session_builder,50267107,291
4350,OTPK_exists,50267150,110
4351,session_builder,50278940,344
4351,OTPK_exists,50278989,164
4352,session_builder,50290671,343
4352,OTPK_exists,50290729,150
4353,session_builder,50303377,449
4353,OTPK_exists,50303446,143
4354,session_builder,50315752,283
4354,OTPK_exists,50315795,109
4355,session_builder,50326385,286
4355,OTPK_exists,50326421,111
4356,session_builder,50338302,296
4356,OTPK_exists,50338353,108
4357,session_builder,50349408,281
4357,OTPK_exists,50349443,109
4358,session_builder,50360578,288
4358,OTPK_exists,50360622,108
4359,session_builder,50372006,312
4359,OTPK_exists,50372044,112
4360,session_builder,50382491,286
4360,OTPK_exists,50382526,111
4361,session_builder,50394573,362
4361,OTPK_exists,50394645,147
4362,session_builder,50407206,354
4362,OTPK_exists,50407278,149
4363,session_builder,50419843,356
4363,OTPK_exists,50419914,149
4364,session_builder,50430701,349
4364,OTPK_exists,50430771,145
4365,session_builder,50443336,354
4365,OTPK_exists,50443408,148
4366,session_builder,50456012,354
4366,OTPK_exists,50456084,148
4367,session_builder,50466226,397
4367,OTPK_exists,50466301,152
4368,session_builder,50476773,311
4368,OTPK_exists,50476817,113
4369,session_builder,50486931,78
4369,OTPK_exists,50486954,39
4370,session_builder,50498512,369
4370,OTPK_exists,50498567,145
4371,session_builder,50508868,400
4371,OTPK_exists,50508940,169
4372,session_builder,50521504,352
4372,OTPK_exists,50521575,148
4373,session_builder,50533371,361
4373,OTPK_exists,50533441,151
4374,session_builder,50546013,350
4374,OTPK_exists,50546084,149
4375,session_builder,50556649,348
4375,OTPK_exists,50556721,143
4376,session_builder,50567007,565
4376,OTPK_exists,50567056,111
4377,session_builder,50579614,351
4377,OTPK_exists,50579686,148
4378,session_builder,50592299,387
4378,OTPK_exists,50592371,143
4379,session_builder,50603671,293
4379,OTPK_exists,50603717,115
4380,session_builder,50615955,238
4380,OTPK_exists,50615979,85
4381,session_builder,50626495,230
4381,OTPK_exists,50626516,86
4382,session_builder,50638470,231
4382,OTPK_exists,50638492,100
4383,session_builder,50650924,232
4383,OTPK_exists,50650948,85
4384,session_builder,50661076,228
4384,OTPK_exists,50661107,81
4385,session_builder,50671856,242
4385,OTPK_exists,50671890,87
4386,session_builder,50683148,64
4386,OTPK_exists,50683169,66
4387,session_builder,50695733,350
4387,OTPK_exists,50695804,148
4388,session_builder,50707179,228
4388,OTPK_exists,50707212,83
4389,session_builder,50719761,223
4389,OTPK_exists,50719785,34
4390,session_builder,50732287,376
4390,OTPK_exists,50732314,82
4391,session_builder,50744871,355
4391,OTPK_exists,50744932,147
4392,session_builder,50755658,349
4392,OTPK_exists,50755730,154
4393,session_builder,50766409,434
4393,OTPK_exists,50766483,165
4394,session_builder,50779057,226
4394,OTPK_exists,50779129,84
4395,session_builder,50790005,349
4395,OTPK_exists,50790078,148
4396,session_builder,50801099,280
4396,OTPK_exists,50801147,112
4397,session_builder,50813704,348
4397,OTPK_exists,50813776,151
4398,session_builder,50824358,349
4398,OTPK_exists,50824431,151
4399,session_builder,50836778,286
4399,OTPK_exists,50836825,109
4400,session_builder,50849256,226
4400,OTPK_exists,50849341,85
4401,session_builder,50861907,348
4401,OTPK_exists,50861977,150
4402,session_builder,50872245,250
4402,OTPK_exists,50872317,96
4403,session_builder,50883139,353
4403,OTPK_exists,50883209,147
4404,session_builder,50893731,352
4404,OTPK_exists,50893785,150
4405,session_builder,50905726,285
4405,OTPK_exists,50905861,110
4406,session_builder,50916708,359
4406,OTPK_exists,50916776,151
4407,session_builder,50929340,361
4407,OTPK_exists,50929413,151
4408,session_builder,50939455,254
4408,OTPK_exists,50939494,135
4409,session_builder,50951627,283
4409,OTPK_exists,50951673,111
4410,session_builder,50963041,438
4410,OTPK_exists,50963075,82
4411,session_builder,50974470,251
4411,OTPK_exists,50974505,85
4412,session_builder,50986854,236
4412,OTPK_exists,50986875,86
4413,session_builder,50999258,352
4413,OTPK_exists,50999339,147
4414,session_builder,51010525,233
4414,OTPK_exists,51010558,84
4415,session_builder,51020955,205
4415,OTPK_exists,51020984,127
4416,session_builder,51033158,228
4416,OTPK_exists,51033181,113
4417,session_builder,51045751,367
4417,OTPK_exists,51045810,469
4418,session_builder,51058373,360
4418,OTPK_exists,51058444,153
4419,session_builder,51068482,289
4419,OTPK_exists,51068526,113
4420,session_builder,51081098,200
4420,OTPK_exists,51081148,419
4421,session_builder,51093704,348
4421,OTPK_exists,51093775,148
4422,session_builder,51105923,281
4422,OTPK_exists,51105974,110
4423,session_builder,51116584,180
4423,OTPK_exists,51116614,85
4424,session_builder,51129237,356
4424,OTPK_exists,51129309,144
4425,session_builder,51140104,299
4425,OTPK_exists,51140145,95
4426,session_builder,51151262,323
4426,OTPK_exists,51151310,147
4427,session_builder,51163859,350
4427,OTPK_exists,51163930,151
4428,session_builder,51174170,347
4428,OTPK_exists,51174240,153
4429,session_builder,51186829,349
4429,OTPK_exists,51186901,157
4430,session_builder,51199290,347
4430,OTPK_exists,51199361,148
4431,session_builder,51211931,351
4431,OTPK_exists,51212003,147
4432,session_builder,51223918,353
4432,OTPK_exists,51223969,149
4433,session_builder,51234782,351
4433,OTPK_exists,51234869,469
4434,session_builder,51246144,350
4434,OTPK_exists,51246213,148
4435,session_builder,51256272,350
4435,OTPK_exists,51256342,145
4436,session_builder,51267221,711
4436,OTPK_exists,51267293,148
4437,session_builder,51279882,353
4437,OTPK_exists,51279952,291
4438,session_builder,51290023,351
4438,OTPK_exists,51290094,194
4439,session_builder,51302201,649
4439,OTPK_exists,51302250,108
4440,session_builder,51314425,372
4440,OTPK_exists,51314494,148
4441,session_builder,51325200,357
4441,OTPK_exists,51325249,147
4442,session_builder,51336810,268
4442,OTPK_exists,51336852,123
4443,session_builder,51349252,382
4443,OTPK_exists,51349304,146
4444,session_builder,51359431,349
4444,OTPK_exists,51359491,148
4445,session_builder,51370092,278
4445,OTPK_exists,51370128,109
4446,session_builder,51381418,347
4446,OTPK_exists,51381469,148
4447,session_builder,51392401,271
4447,OTPK_exists,51392447,125
4448,session_builder,51404203,315
4448,OTPK_exists,51404258,108
4449,session_builder,51416346,369
4449,OTPK_exists,51416395,151
4450,session_builder,51427634,363
4450,OTPK_exists,51427687,150
4451,session_builder,51437923,296
4451,OTPK_exists,51437964,107
4452,session_builder,51450125,434
4452,OTPK_exists,51450183,181
4453,session_builder,51461393,368
4453,OTPK_exists,51461456,149
4454,session_builder,51471605,231
4454,OTPK_exists,51471623,83
4455,session_builder,51483496,229
4455,OTPK_exists,51483518,88
4456,session_builder,51493809,381
4456,OTPK_exists,51493867,155
4457,session_builder,51504884,361
4457,OTPK_exists,51504953,146
4458,session_builder,51515988,274
4458,OTPK_exists,51516010,109
4459,session_builder,51528227,392
4459,OTPK_exists,51528284,156
4460,session_builder,51539332,673
4460,OTPK_exists,51539360,94
4461,session_builder,51550332,365
4461,OTPK_exists,51550399,155
4462,session_builder,51561893,363
4462,OTPK_exists,51561963,156
4463,session_builder,51572815,263
4463,OTPK_exists,51572853,101
4464,session_builder,51583638,362
4464,OTPK_exists,51583711,145
4465,session_builder,51596266,365
4465,OTPK_exists,51596323,148
4466,session_builder,51606881,280
4466,OTPK_exists,51606920,94
4467,session_builder,51618960,366
4467,OTPK_exists,51619014,154
4468,session_builder,51631579,367
4468,OTPK_exists,51631652,152
4469,session_builder,51641780,253
4469,OTPK_exists,51641817,97
4470,session_builder,51651927,352
4470,OTPK_exists,51651988,148
4471,session_builder,51663233,363
4471,OTPK_exists,51663313,194
4472,session_builder,51674172,254
4472,OTPK_exists,51674199,91
4473,session_builder,51685768,384
4473,OTPK_exists,51685823,156
4474,session_builder,51697034,369
4474,OTPK_exists,51697089,148
4475,session_builder,51709559,256
4475,OTPK_exists,51709594,96
4476,session_builder,51720248,382
4476,OTPK_exists,51720306,159
4477,session_builder,51730554,365
4477,OTPK_exists,51730613,148
4478,session_builder,51740860,288
4478,OTPK_exists,51740950,118
4479,session_builder,51751240,231
4479,OTPK_exists,51751269,86
4480,session_builder,51763537,218
4480,OTPK_exists,51763571,87
4481,session_builder,51773641,228
4481,OTPK_exists,51773662,85
4482,session_builder,51786057,343
4482,OTPK_exists,51786127,143
4483,session_builder,51796238,349
4483,OTPK_exists,51796309,150
4484,session_builder,51807388,278
4484,OTPK_exists,51807432,112
4485,session_builder,51819972,361
4485,OTPK_exists,51820043,150
4486,session_builder,51831141,699
4486,OTPK_exists,51831210,171
4487,session_builder,51842554,275
4487,OTPK_exists,51842588,111
4488,session_builder,51854672,347
4488,OTPK_exists,51854736,148
4489,session_builder,51867113,404
4489,OTPK_exists,51867186,145
4490,session_builder,51879254,385
4490,OTPK_exists,51879320,151
4491,session_builder,51890799,417
4491,OTPK_exists,51890872,150
4492,session_builder,51901643,355
4492,OTPK_exists,51901713,148
4493,session_builder,51914342,375
4493,OTPK_exists,51914414,148
4494,session_builder,51927009,355
4494,OTPK_exists,51927080,148
4495,session_builder,51938555,281
4495,OTPK_exists,51938606,113
4496,session_builder,51950497,543
4496,OTPK_exists,51950568,145
4497,session_builder,51963130,358
4497,OTPK_exists,51963202,148
4498,session_builder,51975345,375
4498,OTPK_exists,51975415,144
4499,session_builder,51986792,352
4499,OTPK_exists,51986863,146
4500,session_builder,51999268,357
4500,OTPK_exists,51999340,149
4501,session_builder,52011668,349
4501,OTPK_exists,52011739,145
4502,session_builder,52024304,350
4502,OTPK_exists,52024374,148
4503,session_builder,52036792,352
4503,OTPK_exists,52036867,150
4504,session_builder,52049268,354
4504,OTPK_exists,52049339,147
4505,session_builder,52061903,355
4505,OTPK_exists,52061974,148
4506,session_builder,52072554,281
4506,OTPK_exists,52072606,105
4507,session_builder,52085162,354
4507,OTPK_exists,52085232,148
4508,session_builder,52097795,351
4508,OTPK_exists,52097866,149
4509,session_builder,52108564,356
4509,OTPK_exists,52108636,143
4510,session_builder,52121201,349
4510,OTPK_exists,52121272,147
4511,session_builder,52133348,350
4511,OTPK_exists,52133428,147
4512,session_builder,52144037,349
4512,OTPK_exists,52144109,148
4513,session_builder,52156664,349
4513,OTPK_exists,52156733,145
4514,session_builder,52166824,312
4514,OTPK_exists,52166871,110
4515,session_builder,52177284,161
4515,OTPK_exists,52177308,87
4516,session_builder,52189455,268
4516,OTPK_exists,52189476,86
4517,session_builder,52199618,233
4517,OTPK_exists,52199639,86
4518,session_builder,52209732,202
4518,OTPK_exists,52209762,85
4519,session_builder,52222326,264
4519,OTPK_exists,52222348,82
4520,session_builder,52234440,265
4520,OTPK_exists,52234452,86
4521,session_builder,52247021,228
4521,OTPK_exists,52247046,81
4522,session_builder,52257497,220
4522,OTPK_exists,52257523,81
4523,session_builder,52269755,158
4523,OTPK_exists,52269774,82
4524,session_builder,52280814,226
4524,OTPK_exists,52280833,79
4525,session_builder,52291036,137
4525,OTPK_exists,52291054,45
4526,session_builder,52301193,65
4526,OTPK_exists,52301208,25
4527,session_builder,52313723,98
4527,OTPK_exists,52313741,28
4528,session_builder,52326256,53
4528,OTPK_exists,52326270,26
4529,session_builder,52338250,114
4529,OTPK_exists,52338266,24
4530,session_builder,52349490,52
4530,OTPK_exists,52349504,64
4531,session_builder,52359716,54
4531,OTPK_exists,52359734,73
4532,session_builder,52371296,224
4532,OTPK_exists,52371315,88
4533,session_builder,52382680,239
4533,OTPK_exists,52382698,79
4534,session_builder,52394688,223
4534,OTPK_exists,52394709,421
4535,session_builder,52406131,223
4535,OTPK_exists,52406160,81
4536,session_builder,52416799,347
4536,OTPK_exists,52416856,148
4537,session_builder,52427355,352
4537,OTPK_exists,52427423,148
4538,session_builder,52439933,352
4538,OTPK_exists,52440007,148
4539,session_builder,52450082,341
4539,OTPK_exists,52450152,155
4540,session_builder,52460407,353
4540,OTPK_exists,52460472,145
4541,session_builder,52472376,461
4541,OTPK_exists,52472450,422
4542,session_builder,52483637,360
4542,OTPK_exists,52483716,142
4543,session_builder,52494713,229
4543,OTPK_exists,52494735,82
4544,session_builder,52505965,242
4544,OTPK_exists,52505998,89
4545,session_builder,52516156,363
4545,OTPK_exists,52516198,149
4546,session_builder,52528629,301
4546,OTPK_exists,52528677,109
4547,session_builder,52538984,324
4547,OTPK_exists,52539029,111
4548,session_builder,52549278,349
4548,OTPK_exists,52549350,151
4549,session_builder,52561909,277
4549,OTPK_exists,52562000,109
4550,session_builder,52573607,349
4550,OTPK_exists,52573676,147
4551,session_builder,52584849,347
4551,OTPK_exists,52584918,145
4552,session_builder,52596107,357
4552,OTPK_exists,52596176,146
4553,session_builder,52606221,350
4553,OTPK_exists,52606290,148
4554,session_builder,52616525,352
4554,OTPK_exists,52616581,145
4555,session_builder,52629145,352
4555,OTPK_exists,52629216,149
4556,session_builder,52640665,302
4556,OTPK_exists,52640716,115
4557,session_builder,52652376,398
4557,OTPK_exists,52652445,148
4558,session_builder,52665001,368
4558,OTPK_exists,52665126,146
4559,session_builder,52677692,352
4559,OTPK_exists,52677763,149
4560,session_builder,52690379,704
4560,OTPK_exists,52690451,148
4561,session_builder,52700965,361
4561,OTPK_exists,52701038,150
4562,session_builder,52711180,645
4562,OTPK_exists,52711254,149
4563,session_builder,52723716,712
4563,OTPK_exists,52723787,150
4564,session_builder,52734858,284
4564,OTPK_exists,52734905,110
4565,session_builder,52747532,429
4565,OTPK_exists,52747606,160
4566,session_builder,52760172,358
4566,OTPK_exists,52760243,150
4567,session_builder,52770684,235
4567,OTPK_exists,52770705,87
4568,session_builder,52781451,239
4568,OTPK_exists,52781548,88
4569,session_builder,52793065,344
4569,OTPK_exists,52793136,150
4570,session_builder,52805700,359
4570,OTPK_exists,52805771,149
4571,session_builder,52815899,348
4571,OTPK_exists,52815967,151
4572,session_builder,52828529,350
4572,OTPK_exists,52828599,151
4573,session_builder,52839360,350
4573,OTPK_exists,52839428,149
4574,session_builder,52850505,355
4574,OTPK_exists,52850576,145
4575,session_builder,52863140,353
4575,OTPK_exists,52863212,147
4576,session_builder,52875776,353
4576,OTPK_exists,52875848,150
4577,session_builder,52886792,352
4577,OTPK_exists,52886863,148
4578,session_builder,52899268,348
4578,OTPK_exists,52899341,150
4579,session_builder,52911544,364
4579,OTPK_exists,52911614,148
4580,session_builder,52924176,357
4580,OTPK_exists,52924248,151
4581,session_builder,52934483,379
4581,OTPK_exists,52934559,283
4582,session_builder,52947165,352
4582,OTPK_exists,52947236,148
4583,session_builder,52959800,355
4583,OTPK_exists,52959872,148
4584,session_builder,52970405,281
4584,OTPK_exists,52970452,113
4585,session_builder,52983008,350
4585,OTPK_exists,52983079,150
4586,session_builder,52995694,346
4586,OTPK_exists,52995764,153
4587,session_builder,53007419,352
4587,OTPK_exists,53007491,145
4588,session_builder,53020055,350
4588,OTPK_exists,53020127,148
4589,session_builder,53030913,691
4589,OTPK_exists,53030983,148
4590,session_builder,53043547,352
4590,OTPK_exists,53043618,152
4591,session_builder,53056182,349
4591,OTPK_exists,53056253,150
4592,session_builder,53068033,355
4592,OTPK_exists,53068099,148
4593,session_builder,53080663,350
4593,OTPK_exists,53080735,148
4594,session_builder,53093299,350
4594,OTPK_exists,53093369,148
4595,session_builder,53105933,352
4595,OTPK_exists,53106005,144
4596,session_builder,53118569,355
4596,OTPK_exists,53118641,148
4597,session_builder,53130544,348
4597,OTPK_exists,53130603,148
4598,session_builder,53143171,356
4598,OTPK_exists,53143241,148
4599,session_builder,53153928,689
4599,OTPK_exists,53153997,160
4600,session_builder,53164255,355
4600,OTPK_exists,53164326,159
4601,session_builder,53174505,350
4601,OTPK_exists,53174575,384
4602,session_builder,53186798,361
4602,OTPK_exists,53186863,148
4603,session_builder,53199339,352
4603,OTPK_exists,53199414,191
4604,session_builder,53209488,349
4604,OTPK_exists,53209560,148
4605,session_builder,53222124,352
4605,OTPK_exists,53222195,148
4606,session_builder,53234612,362
4606,OTPK_exists,53234684,191
4607,session_builder,53244842,277
4607,OTPK_exists,53244893,112
4608,session_builder,53256688,353
4608,OTPK_exists,53256760,150
4609,session_builder,53268217,352
4609,OTPK_exists,53268287,287
4610,session_builder,53280852,352
4610,OTPK_exists,53280923,147
4611,session_builder,53293228,353
4611,OTPK_exists,53293299,144
4612,session_builder,53303703,700
4612,OTPK_exists,53303774,144
4613,session_builder,53315775,352
4613,OTPK_exists,53315846,150
4614,session_builder,53328354,360
4614,OTPK_exists,53328472,175
4615,session_builder,53338727,277
4615,OTPK_exists,53338758,110
4616,session_builder,53349270,355
4616,OTPK_exists,53349342,149
4617,session_builder,53361792,353
4617,OTPK_exists,53361853,145
4618,session_builder,53371902,314
4618,OTPK_exists,53371960,105
4619,session_builder,53383612,358
4619,OTPK_exists,53383681,148
4620,session_builder,53394869,358
4620,OTPK_exists,53394940,160
4621,session_builder,53406101,277
4621,OTPK_exists,53406151,111
4622,session_builder,53416193,304
4622,OTPK_exists,53416220,118
4623,session_builder,53428391,483
4623,OTPK_exists,53428412,88
4624,session_builder,53439475,226
4624,OTPK_exists,53439497,100
4625,session_builder,53449714,232
4625,OTPK_exists,53449738,36
4626,session_builder,53460123,241
4626,OTPK_exists,53460156,85
4627,session_builder,53472694,226
4627,OTPK_exists,53472719,81
4628,session_builder,53484666,483
4628,OTPK_exists,53484687,46
4629,session_builder,53494856,242
4629,OTPK_exists,53494881,33
4630,session_builder,53505367,225
4630,OTPK_exists,53505389,81
4631,session_builder,53515822,340
4631,OTPK_exists,53515840,32
4632,session_builder,53528402,213
4632,OTPK_exists,53528436,80
4633,session_builder,53539975,299
4633,OTPK_exists,53540026,163
4634,session_builder,53552667,667
4634,OTPK_exists,53552734,144
4635,session_builder,53563343,378
4635,OTPK_exists,53563418,145
4636,session_builder,53575155,393
4636,OTPK_exists,53575214,158
4637,session_builder,53586958,363
4637,OTPK_exists,53587016,142
4638,session_builder,53599300,370
4638,OTPK_exists,53599358,162
4639,session_builder,53610280,342
4639,OTPK_exists,53610342,146
4640,session_builder,53620591,381
4640,OTPK_exists,53620656,207
4641,session_builder,53631890,357
4641,OTPK_exists,53631945,157
4642,session_builder,53643130,349
4642,OTPK_exists,53643182,147
4643,session_builder,53653625,518
4643,OTPK_exists,53653695,147
4644,session_builder,53664850,375
4644,OTPK_exists,53664919,168
4645,session_builder,53675070,362
4645,OTPK_exists,53675143,147
4646,session_builder,53686790,351
4646,OTPK_exists,53686862,148
4647,session_builder,53699299,373
4647,OTPK_exists,53699351,153
4648,session_builder,53710398,736
4648,OTPK_exists,53710465,145
4649,session_builder,53721502,352
4649,OTPK_exists,53721551,148
4650,session_builder,53732713,350
4650,OTPK_exists,53732761,151
4651,session_builder,53744033,353
4651,OTPK_exists,53744089,153
4652,session_builder,53755832,359
4652,OTPK_exists,53755905,148
4653,session_builder,53768295,358
4653,OTPK_exists,53768368,149
4654,session_builder,53780934,351
4654,OTPK_exists,53781005,151
4655,session_builder,53793569,360
4655,OTPK_exists,53793641,148
4656,session_builder,53806205,352
4656,OTPK_exists,53806277,148
4657,session_builder,53818841,353
4657,OTPK_exists,53818912,150
4658,session_builder,53831475,355
4658,OTPK_exists,53831547,146
4659,session_builder,53844111,351
4659,OTPK_exists,53844182,149
4660,session_builder,53856737,342
4660,OTPK_exists,53856806,150
4661,session_builder,53868369,370
4661,OTPK_exists,53868444,147
4662,session_builder,53881060,350
4662,OTPK_exists,53881131,149
4663,session_builder,53893694,353
4663,OTPK_exists,53893765,148
4664,session_builder,53904053,276
4664,OTPK_exists,53904101,109
4665,session_builder,53915831,349
4665,OTPK_exists,53915900,155
4666,session_builder,53928462,352
4666,OTPK_exists,53928533,149
4667,session_builder,53939024,325
4667,OTPK_exists,53939074,164
4668,session_builder,53951632,359
4668,OTPK_exists,53951704,151
4669,session_builder,53964316,351
4669,OTPK_exists,53964387,148
4670,session_builder,53974762,355
4670,OTPK_exists,53974834,145
4671,session_builder,53985177,354
4671,OTPK_exists,53985248,146
4672,session_builder,53997811,349
4672,OTPK_exists,53997882,146
4673,session_builder,54010453,352
4673,OTPK_exists,54010524,147
4674,session_builder,54023089,346
4674,OTPK_exists,54023160,148
4675,session_builder,54035165,414
4675,OTPK_exists,54035239,147
4676,session_builder,54045530,388
4676,OTPK_exists,54045605,156
4677,session_builder,54056143,393
4677,OTPK_exists,54056215,151
4678,session_builder,54068468,345
4678,OTPK_exists,54068541,146
4679,session_builder,54081106,349
4679,OTPK_exists,54081177,148
4680,session_builder,54093818,368
4680,OTPK_exists,54093891,152
4681,session_builder,54106485,349
4681,OTPK_exists,54106556,148
4682,session_builder,54119170,709
4682,OTPK_exists,54119242,150
4683,session_builder,54131806,350
4683,OTPK_exists,54131877,148
4684,session_builder,54144441,352
4684,OTPK_exists,54144512,148
4685,session_builder,54156584,357
4685,OTPK_exists,54156659,148
4686,session_builder,54168534,349
4686,OTPK_exists,54168606,145
4687,session_builder,54181171,346
4687,OTPK_exists,54181242,149
4688,session_builder,54193614,368
4688,OTPK_exists,54193687,148
4689,session_builder,54203859,352
4689,OTPK_exists,54203925,146
4690,session_builder,54215962,363
4690,OTPK_exists,54216017,145
4691,session_builder,54227357,392
4691,OTPK_exists,54227429,151
4692,session_builder,54237665,290
4692,OTPK_exists,54237711,113
4693,session_builder,54249268,350
4693,OTPK_exists,54249340,145
4694,session_builder,54261783,362
4694,OTPK_exists,54261849,159
4695,session_builder,54272384,294
4695,OTPK_exists,54272469,108
4696,session_builder,54283705,398
4696,OTPK_exists,54283759,148
4697,session_builder,54296376,367
4697,OTPK_exists,54296449,151
4698,session_builder,54309022,367
4698,OTPK_exists,54309096,154
4699,session_builder,54321059,239
4699,OTPK_exists,54321082,90
4700,session_builder,54333626,67
4700,OTPK_exists,54333644,34
4701,session_builder,54344162,67
4701,OTPK_exists,54344181,34
4702,session_builder,54355485,355
4702,OTPK_exists,54355558,145
4703,session_builder,54368117,356
4703,OTPK_exists,54368188,149
4704,session_builder,54380752,351
4704,OTPK_exists,54380823,147
4705,session_builder,54392190,351
4705,OTPK_exists,54392263,149
4706,session_builder,54404827,355
4706,OTPK_exists,54404898,148
4707,session_builder,54415790,347
4707,OTPK_exists,54415864,145
4708,session_builder,54428430,350
4708,OTPK_exists,54428501,149
4709,session_builder,54440200,387
4709,OTPK_exists,54440272,145
4710,session_builder,54452523,346
4710,OTPK_exists,54452587,145
4711,session_builder,54462685,355
4711,OTPK_exists,54462751,151
4712,session_builder,54474255,196
4712,OTPK_exists,54474286,81
4713,session_builder,54486065,360
4713,OTPK_exists,54486133,150
4714,session_builder,54497370,351
4714,OTPK_exists,54497440,149
4715,session_builder,54509376,365
4715,OTPK_exists,54509439,146
4716,session_builder,54519963,357
4716,OTPK_exists,54520033,153
4717,session_builder,54531134,356
4717,OTPK_exists,54531204,149
4718,session_builder,54541504,283
4718,OTPK_exists,54541549,109
4719,session_builder,54552853,391
4719,OTPK_exists,54552926,142
4720,session_builder,54564353,345
4720,OTPK_exists,54564427,145
4721,session_builder,54574782,353
4721,OTPK_exists,54574854,145
4722,session_builder,54586910,350
4722,OTPK_exists,54586980,145
4723,session_builder,54599289,360
4723,OTPK_exists,54599347,151
4724,session_builder,54610613,392
4724,OTPK_exists,54610675,148
4725,session_builder,54621888,646
4725,OTPK_exists,54621940,150
4726,session_builder,54633262,347
4726,OTPK_exists,54633335,174
4727,session_builder,54644419,380
4727,OTPK_exists,54644473,152
4728,session_builder,54655774,377
4728,OTPK_exists,54655842,147
4729,session_builder,54665984,353
4729,OTPK_exists,54666019,146
4730,session_builder,54678162,351
4730,OTPK_exists,54678215,383
4731,session_builder,54690809,348
4731,OTPK_exists,54690862,152
4732,session_builder,54701138,352
4732,OTPK_exists,54701203,150
4733,session_builder,54711950,370
4733,OTPK_exists,54712016,150
4734,session_builder,54723845,372
4734,OTPK_exists,54723901,165
4735,session_builder,54735110,368
4735,OTPK_exists,54735167,147
4736,session_builder,54745629,348
4736,OTPK_exists,54745682,147
4737,session_builder,54755785,608
4737,OTPK_exists,54755922,146
4738,session_builder,54768160,357
4738,OTPK_exists,54768214,146
4739,session_builder,54779507,648
4739,OTPK_exists,54779566,190
4740,session_builder,54790098,356
4740,OTPK_exists,54790153,151
4741,session_builder,54802346,448
4741,OTPK_exists,54802420,507
4742,session_builder,54814520,375
4742,OTPK_exists,54814585,148
4743,session_builder,54824946,348
4743,OTPK_exists,54825000,148
4744,session_builder,54836797,281
4744,OTPK_exists,54836841,123
4745,session_builder,54849287,293
4745,OTPK_exists,54849340,107
4746,session_builder,54859624,355
4746,OTPK_exists,54859686,401
4747,session_builder,54871406,314
4747,OTPK_exists,54871445,108
4748,session_builder,54881558,280
4748,OTPK_exists,54881595,107
4749,session_builder,54891878,363
4749,OTPK_exists,54891932,150
4750,session_builder,54902889,348
4750,OTPK_exists,54902955,150
4751,session_builder,54915000,371
4751,OTPK_exists,54915071,150
4752,session_builder,54925683,352
4752,OTPK_exists,54925736,148
4753,session_builder,54936770,361
4753,OTPK_exists,54936831,145
4754,session_builder,54949319,399
4754,OTPK_exists,54949394,153
4755,session_builder,54961957,364
4755,OTPK_exists,54962029,152
4756,session_builder,54974244,282
4756,OTPK_exists,54974297,112
4757,session_builder,54986842,363
4757,OTPK_exists,54986914,152
4758,session_builder,54999480,358
4758,OTPK_exists,54999552,151
4759,session_builder,55012124,365
4759,OTPK_exists,55012196,151
4760,session_builder,55024760,358
4760,OTPK_exists,55024831,153
4761,session_builder,55035825,389
4761,OTPK_exists,55035898,147
4762,session_builder,55047460,352
4762,OTPK_exists,55047532,145
4763,session_builder,55060096,350
4763,OTPK_exists,55060167,149
4764,session_builder,55070704,279
4764,OTPK_exists,55070754,402
4765,session_builder,55083311,351
4765,OTPK_exists,55083382,148
4766,session_builder,55095945,352
4766,OTPK_exists,55096016,148
4767,session_builder,55106538,358
4767,OTPK_exists,55106607,148
4768,session_builder,55116719,349
4768,OTPK_exists,55116775,150
4769,session_builder,55127312,351
4769,OTPK_exists,55127384,146
4770,session_builder,55138555,281
4770,OTPK_exists,55138605,112
4771,session_builder,55149269,642
4771,OTPK_exists,55149339,147
4772,session_builder,55161398,347
4772,OTPK_exists,55161459,148
4773,session_builder,55171880,351
4773,OTPK_exists,55171952,151
4774,session_builder,55184273,361
4774,OTPK_exists,55184333,145
4775,session_builder,55194995,395
4775,OTPK_exists,55195062,153
4776,session_builder,55206596,282
4776,OTPK_exists,55206642,107
4777,session_builder,55217317,280
4777,OTPK_exists,55217453,110
4778,session_builder,55227937,283
4778,OTPK_exists,55227959,87
4779,session_builder,55238977,232
4779,OTPK_exists,55239012,86
4780,session_builder,55251274,228
4780,OTPK_exists,55251292,87
4781,session_builder,55263852,361
4781,OTPK_exists,55263923,151
4782,session_builder,55276056,352
4782,OTPK_exists,55276126,150
4783,session_builder,55286935,418
4783,OTPK_exists,55287047,181
4784,session_builder,55297176,367
4784,OTPK_exists,55297223,123
4785,session_builder,55309072,282
4785,OTPK_exists,55309123,125
4786,session_builder,55321121,346
4786,OTPK_exists,55321189,148
4787,session_builder,55331929,347
4787,OTPK_exists,55331997,149
4788,session_builder,55344041,321
4788,OTPK_exists,55344065,95
4789,session_builder,55356620,352
4789,OTPK_exists,55356690,151
4790,session_builder,55368703,351
4790,OTPK_exists,55368773,148
4791,session_builder,55381346,350
4791,OTPK_exists,55381417,147
4792,session_builder,55391784,285
4792,OTPK_exists,55391858,109
4793,session_builder,55403249,355
4793,OTPK_exists,55403318,146
4794,session_builder,55415781,352
4794,OTPK_exists,55415851,147
4795,session_builder,55428478,348
4795,OTPK_exists,55428546,149
4796,session_builder,55440848,342
4796,OTPK_exists,55440919,148
4797,session_builder,55453484,350
4797,OTPK_exists,55453554,148
4798,session_builder,55465793,347
4798,OTPK_exists,55465865,150
4799,session_builder,55476682,354
4799,OTPK_exists,55476751,174
4800,session_builder,55486876,355
4800,OTPK_exists,55486946,150
4801,session_builder,55499511,354
4801,OTPK_exists,55499583,151
4802,session_builder,55512147,357
4802,OTPK_exists,55512218,150
4803,session_builder,55524783,360
4803,OTPK_exists,55524854,151
4804,session_builder,55536115,426
4804,OTPK_exists,55536187,148
4805,session_builder,55548753,358
4805,OTPK_exists,55548824,149
4806,session_builder,55559120,711
4806,OTPK_exists,55559190,154
4807,session_builder,55571301,361
4807,OTPK_exists,55571370,153
4808,session_builder,55583934,352
4808,OTPK_exists,55584005,146
4809,session_builder,55596570,356
4809,OTPK_exists,55596640,149
4810,session_builder,55609150,352
4810,OTPK_exists,55609219,147
4811,session_builder,55619564,352
4811,OTPK_exists,55619635,148
4812,session_builder,55632251,408
4812,OTPK_exists,55632321,149
4813,session_builder,55644941,343
4813,OTPK_exists,55645012,149
4814,session_builder,55655362,348
4814,OTPK_exists,55655430,150
4815,session_builder,55665791,347
4815,OTPK_exists,55665861,149
4816,session_builder,55678433,354
4816,OTPK_exists,55678503,147
4817,session_builder,55691068,350
4817,OTPK_exists,55691139,148
4818,session_builder,55702858,344
4818,OTPK_exists,55702930,161
4819,session_builder,55713267,357
4819,OTPK_exists,55713328,150
4820,session_builder,55724617,282
4820,OTPK_exists,55724656,112
4821,session_builder,55734761,404
4821,OTPK_exists,55734833,145
4822,session_builder,55746514,365
4822,OTPK_exists,55746569,154
4823,session_builder,55756715,350
4823,OTPK_exists,55756787,161
4824,session_builder,55768447,237
4824,OTPK_exists,55768471,86
4825,session_builder,55779984,278
4825,OTPK_exists,55780020,125
4826,session_builder,55790816,350
4826,OTPK_exists,55790871,150
4827,session_builder,55803387,371
4827,OTPK_exists,55803452,145
4828,session_builder,55814813,383
4828,OTPK_exists,55814885,147
4829,session_builder,55824973,349
4829,OTPK_exists,55825039,145
4830,session_builder,55837605,353
4830,OTPK_exists,55837658,145
4831,session_builder,55849296,389
4831,OTPK_exists,55849349,147
4832,session_builder,55859829,349
4832,OTPK_exists,55859892,152
4833,session_builder,55872021,520
4833,OTPK_exists,55872059,108
4834,session_builder,55882328,353
4834,OTPK_exists,55882385,148
4835,session_builder,55892460,364
4835,OTPK_exists,55892517,148
4836,session_builder,55903497,386
4836,OTPK_exists,55903567,150
4837,session_builder,55914872,443
4837,OTPK_exists,55914942,143
4838,session_builder,55927346,355
4838,OTPK_exists,55927415,280
4839,session_builder,55937584,365
4839,OTPK_exists,55937624,149
4840,session_builder,55948625,381
4840,OTPK_exists,55948695,149
4841,session_builder,55959862,796
4841,OTPK_exists,55959933,145
4842,session_builder,55971740,348
4842,OTPK_exists,55971799,148
4843,session_builder,55983126,349
4843,OTPK_exists,55983178,164
4844,session_builder,55994424,350
4844,OTPK_exists,55994477,150
4845,session_builder,56005381,352
4845,OTPK_exists,56005450,149
4846,session_builder,56016165,353
4846,OTPK_exists,56016202,154
4847,session_builder,56027805,353
4847,OTPK_exists,56027854,472
4848,session_builder,56039166,368
4848,OTPK_exists,56039240,147
4849,session_builder,56049396,353
4849,OTPK_exists,56049466,151
4850,session_builder,56060737,348
4850,OTPK_exists,56060797,144
4851,session_builder,56075049,358
4851,OTPK_exists,56075120,150
4852,session_builder,56086950,359
4852,OTPK_exists,56087019,150
4853,session_builder,56099268,671
4853,OTPK_exists,56099339,148
4854,session_builder,56111907,352
4854,OTPK_exists,56111979,149
4855,session_builder,56124543,354
4855,OTPK_exists,56124614,149
4856,session_builder,56136762,350
4856,OTPK_exists,56136828,148
4857,session_builder,56149268,349
4857,OTPK_exists,56149340,147
4858,session_builder,56161747,351
4858,OTPK_exists,56161818,147
4859,session_builder,56174433,350
4859,OTPK_exists,56174505,147
4860,session_builder,56186852,353
4860,OTPK_exists,56186920,147
4861,session_builder,56198046,358
4861,OTPK_exists,56198117,151
4862,session_builder,56208415,353
4862,OTPK_exists,56208487,148
4863,session_builder,56221098,350
4863,OTPK_exists,56221170,147
4864,session_builder,56233734,351
4864,OTPK_exists,56233806,152
4865,session_builder,56246373,351
4865,OTPK_exists,56246445,151
4866,session_builder,56259010,352
4866,OTPK_exists,56259082,147
4867,session_builder,56269889,345
4867,OTPK_exists,56269963,146
4868,session_builder,56282554,350
4868,OTPK_exists,56282625,145
4869,session_builder,56292969,568
4869,OTPK_exists,56293003,109
4870,session_builder,56303245,349
4870,OTPK_exists,56303317,150
4871,session_builder,56314628,345
4871,OTPK_exists,56314701,145
4872,session_builder,56327269,355
4872,OTPK_exists,56327340,382
4873,session_builder,56339910,348
4873,OTPK_exists,56339981,150
4874,session_builder,56352546,350
4874,OTPK_exists,56352617,147
4875,session_builder,56363839,694
4875,OTPK_exists,56363909,150
4876,session_builder,56376474,349
4876,OTPK_exists,56376544,148
4877,session_builder,56386853,354
4877,OTPK_exists,56386924,150
4878,session_builder,56399387,366
4878,OTPK_exists,56399457,143
4879,session_builder,56412021,357
4879,OTPK_exists,56412092,150
4880,session_builder,56423235,352
4880,OTPK_exists,56423306,150
4881,session_builder,56435870,358
4881,OTPK_exists,56435942,150
4882,session_builder,56448186,358
4882,OTPK_exists,56448255,149
4883,session_builder,56460823,361
4883,OTPK_exists,56460895,148
4884,session_builder,56472037,286
4884,OTPK_exists,56472088,118
4885,session_builder,56484242,367
4885,OTPK_exists,56484314,148
4886,session_builder,56496881,359
4886,OTPK_exists,56496953,149
4887,session_builder,56509518,356
4887,OTPK_exists,56509590,152
4888,session_builder,56522128,654
4888,OTPK_exists,56522167,113
4889,session_builder,56533356,357
4889,OTPK_exists,56533432,153
4890,session_builder,56544901,397
4890,OTPK_exists,56544965,168
4891,session_builder,56556001,349
4891,OTPK_exists,56556071,147
4892,session_builder,56567339,350
4892,OTPK_exists,56567407,146
4893,session_builder,56578032,364
4893,OTPK_exists,56578105,149
4894,session_builder,56589851,383
4894,OTPK_exists,56589920,145
4895,session_builder,56601313,345
4895,OTPK_exists,56601375,146
4896,session_builder,56613112,403
4896,OTPK_exists,56613174,150
4897,session_builder,56623600,355
4897,OTPK_exists,56623669,143
4898,session_builder,56634793,360
4898,OTPK_exists,56634863,151
4899,session_builder,56646409,386
4899,OTPK_exists,56646457,146
4900,session_builder,56658115,359
4900,OTPK_exists,56658175,381
4901,session_builder,56670636,358
4901,OTPK_exists,56670691,145
4902,session_builder,56681424,394
4902,OTPK_exists,56681482,143
4903,session_builder,56693504,203
4903,OTPK_exists,56693527,49
4904,session_builder,56703969,255
4904,OTPK_exists,56704008,132
4905,session_builder,56715762,287
4905,OTPK_exists,56715805,111
4906,session_builder,56726513,383
4906,OTPK_exists,56726567,147
4907,session_builder,56738631,306
4907,OTPK_exists,56738674,108
4908,session_builder,56749247,420
4908,OTPK_exists,56749296,181
4909,session_builder,56761861,367
4909,OTPK_exists,56761933,157
4910,session_builder,56772669,305
4910,OTPK_exists,56772710,109
4911,session_builder,56785267,349
4911,OTPK_exists,56785337,148
4912,session_builder,56796897,349
4912,OTPK_exists,56796946,149
4913,session_builder,56807188,285
4913,OTPK_exists,56807308,110
4914,session_builder,56819896,358
4914,OTPK_exists,56819968,150
4915,session_builder,56832532,360
4915,OTPK_exists,56832603,150
4916,session_builder,56843068,360
4916,OTPK_exists,56843130,152
4917,session_builder,56855685,359
4917,OTPK_exists,56855757,152
4918,session_builder,56868320,360
4918,OTPK_exists,56868392,151
4919,session_builder,56878508,355
4919,OTPK_exists,56878578,149
4920,session_builder,56890946,284
4920,OTPK_exists,56890987,110
4921,session_builder,56902952,350
4921,OTPK_exists,56903023,148
4922,session_builder,56915004,374
4922,OTPK_exists,56915075,150
4923,session_builder,56925978,674
4923,OTPK_exists,56926029,106
4924,session_builder,56937285,360
4924,OTPK_exists,56937351,151
4925,session_builder,56949914,363
4925,OTPK_exists,56949986,152
4926,session_builder,56962550,362
4926,OTPK_exists,56962622,150
4927,session_builder,56974064,278
4927,OTPK_exists,56974176,207
4928,session_builder,56986740,384
4928,OTPK_exists,56986814,150
4929,session_builder,56999271,355
4929,OTPK_exists,56999342,149
4930,session_builder,57011917,353
4930,OTPK_exists,57011987,146
4931,session_builder,57023532,357
4931,OTPK_exists,57023601,147
4932,session_builder,57036164,351
4932,OTPK_exists,57036261,146
4933,session_builder,57048825,352
4933,OTPK_exists,57048896,149
4934,session_builder,57060806,347
4934,OTPK_exists,57060879,148
4935,session_builder,57072356,345
4935,OTPK_exists,57072429,147
4936,session_builder,57083560,713
4936,OTPK_exists,57083629,144
4937,session_builder,57093945,724
4937,OTPK_exists,57094018,150
4938,session_builder,57106582,349
4938,OTPK_exists,57106653,150
4939,session_builder,57119217,350
4939,OTPK_exists,57119288,146
4940,session_builder,57131853,347
4940,OTPK_exists,57131925,148
4941,session_builder,57144490,350
4941,OTPK_exists,57144560,147
4942,session_builder,57155598,705
4942,OTPK_exists,57155669,142
4943,session_builder,57165828,347
4943,OTPK_exists,57165900,147
4944,session_builder,57178464,352
4944,OTPK_exists,57178534,149
4945,session_builder,57189679,687
4945,OTPK_exists,57189748,149
4946,session_builder,57202312,352
4946,OTPK_exists,57202384,147
4947,session_builder,57213015,357
4947,OTPK_exists,57213082,150
4948,session_builder,57225690,353
4948,OTPK_exists,57225762,146
4949,session_builder,57237215,377
4949,OTPK_exists,57237284,142
4950,session_builder,57249300,703
4950,OTPK_exists,57249372,150
4951,session_builder,57261937,350
4951,OTPK_exists,57262009,147
4952,session_builder,57272418,351
4952,OTPK_exists,57272487,151
4953,session_builder,57285064,353
4953,OTPK_exists,57285134,148
4954,session_builder,57296297,350
4954,OTPK_exists,57296369,143
4955,session_builder,57308932,356
4955,OTPK_exists,57309003,148
4956,session_builder,57319181,350
4956,OTPK_exists,57319252,172
4957,session_builder,57331817,358
4957,OTPK_exists,57331889,148
4958,session_builder,57343096,354
4958,OTPK_exists,57343169,147
4959,session_builder,57355781,355
4959,OTPK_exists,57355855,148
4960,session_builder,57367090,283
4960,OTPK_exists,57367123,405
4961,session_builder,57379679,350
4961,OTPK_exists,57379750,148
4962,session_builder,57390712,384
4962,OTPK_exists,57390787,146
4963,session_builder,57403310,354
4963,OTPK_exists,57403381,147
4964,session_builder,57415790,350
4964,OTPK_exists,57415861,148
4965,session_builder,57428426,352
4965,OTPK_exists,57428497,151
4966,session_builder,57439903,381
4966,OTPK_exists,57439970,150
4967,session_builder,57452533,358
4967,OTPK_exists,57452605,151
4968,session_builder,57465171,358
4968,OTPK_exists,57465242,148
4969,session_builder,57477806,358
4969,OTPK_exists,57477877,153
4970,session_builder,57490076,355
4970,OTPK_exists,57490145,151
4971,session_builder,57502710,360
4971,OTPK_exists,57502781,149
4972,session_builder,57515349,356
4972,OTPK_exists,57515422,380
4973,session_builder,57526667,386
4973,OTPK_exists,57526736,153
4974,session_builder,57537407,361
4974,OTPK_exists,57537479,151
4975,session_builder,57549387,355
4975,OTPK_exists,57549458,150
4976,session_builder,57562021,350
4976,OTPK_exists,57562093,149
4977,session_builder,57572373,365
4977,OTPK_exists,57572447,149
4978,session_builder,57585062,369
4978,OTPK_exists,57585132,197
4979,session_builder,57597695,347
4979,OTPK_exists,57597766,147
4980,session_builder,57609296,248
4980,OTPK_exists,57609323,94
4981,session_builder,57619438,231
4981,OTPK_exists,57619466,98
4982,session_builder,57632019,348
4982,OTPK_exists,57632090,142
4983,session_builder,57644664,351
4983,OTPK_exists,57644734,148
4984,session_builder,57655489,355
4984,OTPK_exists,57655561,153
4985,session_builder,57666020,355
4985,OTPK_exists,57666087,148
4986,session_builder,57678652,355
4986,OTPK_exists,57678723,148
4987,session_builder,57691288,350
4987,OTPK_exists,57691359,145
4988,session_builder,57701817,370
4988,OTPK_exists,57701890,149
4989,session_builder,57714453,351
4989,OTPK_exists,57714525,146
4990,session_builder,57726827,693
4990,OTPK_exists,57726898,146
4991,session_builder,57738048,375
4991,OTPK_exists,57738122,208
4992,session_builder,57749268,347
4992,OTPK_exists,57749339,146
4993,session_builder,57760620,345
4993,OTPK_exists,57760689,149
4994,session_builder,57770936,347
4994,OTPK_exists,57771007,145
4995,session_builder,57783571,348
4995,OTPK_exists,57783642,148
4996,session_builder,57796207,347
4996,OTPK_exists,57796278,148
4997,session_builder,57808843,347
4997,OTPK_exists,57808913,147
4998,session_builder,57819636,356
4998,OTPK_exists,57819709,145
4999,session_builder,57831145,397
4999,OTPK_exists,57831217,172
5000,session_builder,57843782,347
5000,OTPK_exists,57843853,148
5001,session_builder,57855205,357
5001,OTPK_exists,57855276,145
5002,session_builder,57865790,351
5002,OTPK_exists,57865861,148
5003,session_builder,57878426,349
5003,OTPK_exists,57878497,146
5004,session_builder,57890677,357
5004,OTPK_exists,57890748,145
5005,session_builder,57903312,357
5005,OTPK_exists,57903383,148
5006,session_builder,57915063,349
5006,OTPK_exists,57915132,153
5007,session_builder,57927695,349
5007,OTPK_exists,57927767,151
5008,session_builder,57938285,352
5008,OTPK_exists,57938357,145
5009,session_builder,57949332,370
5009,OTPK_exists,57949405,145
5010,session_builder,57961970,349
5010,OTPK_exists,57962041,151
5011,session_builder,57972463,349
5011,OTPK_exists,57972536,144
5012,session_builder,57985054,360
5012,OTPK_exists,57985126,149
5013,session_builder,57997372,353
5013,OTPK_exists,57997443,149
5014,session_builder,58010008,351
5014,OTPK_exists,58010080,147
5015,session_builder,58020195,346
5015,OTPK_exists,58020266,149
5016,session_builder,58032830,352
5016,OTPK_exists,58032901,151
5017,session_builder,58045513,375
5017,OTPK_exists,58045586,145
5018,session_builder,58056077,349
5018,OTPK_exists,58056149,143
5019,session_builder,58068712,353
5019,OTPK_exists,58068783,148
5020,session_builder,58081347,354
5020,OTPK_exists,58081419,148
5021,session_builder,58093984,353
5021,OTPK_exists,58094056,148
5022,session_builder,58104415,351
5022,OTPK_exists,58104489,145
5023,session_builder,58115828,348
5023,OTPK_exists,58115898,145
5024,session_builder,58128463,355
5024,OTPK_exists,58128533,147
5025,session_builder,58140693,348
5025,OTPK_exists,58140765,146
5026,session_builder,58151308,342
5026,OTPK_exists,58151378,145
5027,session_builder,58163942,349
5027,OTPK_exists,58164013,148
5028,session_builder,58176577,349
5028,OTPK_exists,58176649,147
5029,session_builder,58189213,352
5029,OTPK_exists,58189284,149
5030,session_builder,58201848,353
5030,OTPK_exists,58201919,148
5031,session_builder,58214491,356
5031,OTPK_exists,58214562,151
5032,session_builder,58227127,350
5032,OTPK_exists,58227198,146
5033,session_builder,58238187,349
5033,OTPK_exists,58238253,151
5034,session_builder,58249294,347
5034,OTPK_exists,58249358,145
5035,session_builder,58261921,349
5035,OTPK_exists,58261992,148
5036,session_builder,58272730,619
5036,OTPK_exists,58272780,111
5037,session_builder,58285336,353
5037,OTPK_exists,58285408,146
5038,session_builder,58297973,354
5038,OTPK_exists,58298044,148
5039,session_builder,58310608,350
5039,OTPK_exists,58310679,150
5040,session_builder,58321573,356
5040,OTPK_exists,58321645,185
5041,session_builder,58333621,204
5041,OTPK_exists,58333644,37
5042,session_builder,58346202,352
5042,OTPK_exists,58346273,147
5043,session_builder,58356876,283
5043,OTPK_exists,58356911,111
5044,session_builder,58367897,398
5044,OTPK_exists,58367966,150
5045,session_builder,58380570,354
5045,OTPK_exists,58380642,148
5046,session_builder,58390724,361
5046,OTPK_exists,58390795,161
5047,session_builder,58403359,358
5047,OTPK_exists,58403431,152
5048,session_builder,58415789,351
5048,OTPK_exists,58415860,148
5049,session_builder,58428425,349
5049,OTPK_exists,58428496,147
5050,session_builder,58441061,350
5050,OTPK_exists,58441131,151
5051,session_builder,58453696,356
5051,OTPK_exists,58453767,148
5052,session_builder,58465951,369
5052,OTPK_exists,58466019,161
5053,session_builder,58478664,344
5053,OTPK_exists,58478735,162
5054,session_builder,58491298,355
5054,OTPK_exists,58491370,146
5055,session_builder,58503933,349
5055,OTPK_exists,58504010,148
5056,session_builder,58515828,740
5056,OTPK_exists,58515899,162
5057,session_builder,58528466,350
5057,OTPK_exists,58528537,149
5058,session_builder,58540319,356
5058,OTPK_exists,58540387,150
5059,session_builder,58552998,367
5059,OTPK_exists,58553072,145
5060,session_builder,58565635,356
5060,OTPK_exists,58565707,146
5061,session_builder,58576091,393
5061,OTPK_exists,58576163,151
5062,session_builder,58588722,357
5062,OTPK_exists,58588794,151
5063,session_builder,58601348,693
5063,OTPK_exists,58601419,148
5064,session_builder,58613983,362
5064,OTPK_exists,58614055,148
5065,session_builder,58625062,354
5065,OTPK_exists,58625125,152
5066,session_builder,58636933,348
5066,OTPK_exists,58637002,145
5067,session_builder,58649269,352
5067,OTPK_exists,58649341,149
5068,session_builder,58661906,357
5068,OTPK_exists,58661978,147
5069,session_builder,58672213,398
5069,OTPK_exists,58672286,148
5070,session_builder,58684851,349
5070,OTPK_exists,58684922,148
5071,session_builder,58695489,288
5071,OTPK_exists,58695527,113